year,raceId,circuitId,circuitRef,country,statusId,driverId,driverRef,constructorId,code,constructorRef,grid,final_position,laps,fastest_lap_time,finishing_time_ms,stops_count,total_pit_ms,avg_pit_ms,driver_standing_points,driver_standing_position,constructor_points,constructor_position,quali_position,quali_time,alt,lap_length_km,total_distance_km,is_street,driver_points_last10,constructor_points_last10
2013,880,1,albert_park,Australia,1,1,hamilton,131,HAM,mercedes,3,5,58,89759.0,5448786.0,3.0,65948.0,21982.666666666668,10.0,5,10.0,4,3,88087.0,10.0,5.303,307.574,0,1426.0,1246.0
2013,880,1,albert_park,Australia,10,3,rosberg,131,ROS,mercedes,6,0,26,92259.0,,1.0,22274.0,22274.0,0.0,20,10.0,4,6,88523.0,10.0,5.303,137.878,0,811.0,1120.0
2013,880,1,albert_park,Australia,1,4,alonso,6,ALO,ferrari,5,2,58,89560.0,5415676.0,3.0,65102.0,21700.666666666668,18.0,2,30.0,1,5,88493.0,10.0,5.303,307.574,0,1968.0,3166.0
2013,880,1,albert_park,Australia,1,8,raikkonen,208,RAI,lotus_f1,7,1,58,89274.0,5403225.0,2.0,44890.0,22445.0,25.0,1,26.0,2,7,88738.0,10.0,5.303,307.574,0,1554.0,2593.0
2013,880,1,albert_park,Australia,1,13,massa,6,MAS,ferrari,4,4,58,90239.0,5436802.0,3.0,64774.0,21591.333333333332,12.0,4,30.0,1,4,88490.0,10.0,5.303,307.574,0,708.0,2906.0
2013,880,1,albert_park,Australia,1,16,sutil,10,SUT,force_india,12,7,58,90710.0,5468293.0,2.0,45442.0,22721.0,6.0,7,10.0,5,12,,10.0,5.303,307.574,0,262.0,891.0
2013,880,1,albert_park,Australia,1,17,webber,9,WEB,red_bull,2,6,58,89732.0,5450025.0,3.0,67472.0,22490.666666666668,8.0,6,23.0,3,2,87827.0,10.0,5.303,307.574,0,1370.0,3848.0
2013,880,1,albert_park,Australia,1,18,button,1,BUT,mclaren,10,9,58,90198.0,5484855.0,3.0,67391.0,22463.666666666668,2.0,9,2.0,6,10,90357.0,10.0,5.303,307.574,0,1230.0,2996.0
2013,880,1,albert_park,Australia,1,20,vettel,9,VET,red_bull,1,3,58,90409.0,5425571.0,3.0,66107.0,22035.666666666668,15.0,3,23.0,3,1,87407.0,10.0,5.303,307.574,0,1914.0,3504.0
2013,880,1,albert_park,Australia,1,154,grosjean,208,GRO,lotus_f1,8,10,58,90395.0,5485984.0,3.0,66906.0,22302.0,1.0,10,26.0,2,8,89013.0,10.0,5.303,307.574,0,777.0,2364.0
2013,880,1,albert_park,Australia,69,807,hulkenberg,15,HUL,sauber,11,0,0,,,0.0,0.0,0.0,0.0,22,0.0,8,11,,10.0,5.303,0.0,0,389.0,1096.0
2013,880,1,albert_park,Australia,20,813,maldonado,3,MAL,williams,17,0,24,92915.0,,1.0,23099.0,23099.0,0.0,21,0.0,9,17,,10.0,5.303,127.27199999999999,0,319.0,626.0
2013,880,1,albert_park,Australia,1,814,resta,10,DIR,force_india,9,8,58,90894.0,5471674.0,2.0,46061.0,23030.5,4.0,8,10.0,5,9,89305.0,10.0,5.303,307.574,0,378.0,812.0
2013,880,1,albert_park,Australia,1,815,perez,1,PER,mclaren,15,11,58,89926.0,5486592.0,3.0,67386.0,22462.0,0.0,11,2.0,6,15,,10.0,5.303,307.574,0,574.0,2714.0
2013,880,1,albert_park,Australia,9,817,ricciardo,5,RIC,toro_rosso,14,0,39,90881.0,,2.0,47612.0,23806.0,0.0,19,0.0,7,14,,10.0,5.303,206.817,0,69.0,203.0
2013,880,1,albert_park,Australia,1,818,vergne,5,VER,toro_rosso,13,12,58,89498.0,5487082.0,3.0,70922.0,23640.666666666668,0.0,12,0.0,7,13,,10.0,5.303,307.574,0,96.0,182.0
2013,880,1,albert_park,Australia,12,819,pic,207,PIC,caterham,22,16,56,92261.0,,2.0,46903.0,23451.5,0.0,16,0.0,11,22,,10.0,5.303,296.968,0,0.0,0.0
2013,880,1,albert_park,Australia,12,820,chilton,206,CHI,marussia,20,17,56,92210.0,,3.0,90350.0,30116.666666666668,0.0,17,0.0,10,20,,10.0,5.303,296.968,0,0.0,0.0
2013,880,1,albert_park,Australia,11,821,gutierrez,15,GUT,sauber,18,13,57,91415.0,,2.0,44631.0,22315.5,0.0,13,0.0,8,18,,10.0,5.303,302.271,0,0.0,980.0
2013,880,1,albert_park,Australia,11,822,bottas,3,BOT,williams,16,14,57,90652.0,,3.0,70803.0,23601.0,0.0,14,0.0,9,16,,10.0,5.303,302.271,0,0.0,568.0
2013,880,1,albert_park,Australia,12,823,garde,207,VDG,caterham,21,18,56,92636.0,,3.0,71855.0,23951.666666666668,0.0,18,0.0,11,21,,10.0,5.303,296.968,0,0.0,0.0
2013,880,1,albert_park,Australia,11,824,jules_bianchi,206,BIA,marussia,19,15,57,90454.0,,3.0,69427.0,23142.333333333332,0.0,15,0.0,10,19,,10.0,5.303,302.271,0,0.0,0.0
2013,881,2,sepang,Malaysia,1,1,hamilton,131,HAM,mercedes,4,3,56,101001.0,5948862.0,4.0,89218.0,22304.5,25.0,4,37.0,4,4,111699.0,18.0,5.543,310.408,0,1334.0,1021.0
2013,881,2,sepang,Malaysia,1,3,rosberg,131,ROS,mercedes,6,4,56,100755.0,5949321.0,4.0,86423.0,21605.75,12.0,7,37.0,4,6,112519.0,18.0,5.543,310.408,0,746.0,922.0
2013,881,2,sepang,Malaysia,4,4,alonso,6,ALO,ferrari,3,0,1,,,0.0,0.0,0.0,18.0,6,40.0,3,3,110727.0,18.0,5.543,5.543,0,1822.0,2630.0
2013,881,2,sepang,Malaysia,1,8,raikkonen,208,RAI,lotus_f1,10,7,56,101769.0,5985160.0,3.0,70485.0,23495.0,31.0,2,40.0,2,7,112970.0,18.0,5.543,310.408,0,1454.0,2141.0
2013,881,2,sepang,Malaysia,1,13,massa,6,MAS,ferrari,2,5,56,99805.0,5962329.0,4.0,86569.0,21642.25,22.0,5,40.0,3,2,110587.0,18.0,5.543,310.408,0,695.0,2354.0
2013,881,2,sepang,Malaysia,61,16,sutil,10,SUT,force_india,8,0,27,102791.0,,2.0,127234.0,63617.0,6.0,9,10.0,5,9,113439.0,18.0,5.543,149.661,0,250.0,729.0
2013,881,2,sepang,Malaysia,1,17,webber,9,WEB,red_bull,5,2,56,100685.0,5940979.0,4.0,83396.0,20849.0,26.0,3,66.0,1,5,112244.0,18.0,5.543,310.408,0,1264.0,3163.0
2013,881,2,sepang,Malaysia,54,18,button,1,BUT,mclaren,7,17,53,100556.0,,3.0,148309.0,49436.333333333336,2.0,13,4.0,7,8,113175.0,18.0,5.543,293.779,0,1131.0,2412.0
2013,881,2,sepang,Malaysia,1,20,vettel,9,VET,red_bull,1,1,56,100446.0,5936681.0,4.0,84713.0,21178.25,40.0,1,66.0,1,1,109674.0,18.0,5.543,310.408,0,1814.0,2822.0
2013,881,2,sepang,Malaysia,1,154,grosjean,208,GRO,lotus_f1,11,6,56,101226.0,5972245.0,3.0,66302.0,22100.666666666668,9.0,8,40.0,2,11,,18.0,5.543,310.408,0,710.0,1918.0
2013,881,2,sepang,Malaysia,1,807,hulkenberg,15,HUL,sauber,12,8,56,100727.0,5989725.0,4.0,90522.0,22630.5,4.0,11,4.0,6,12,,18.0,5.543,310.408,0,362.0,868.0
2013,881,2,sepang,Malaysia,31,813,maldonado,3,MAL,williams,16,0,45,103465.0,,3.0,80001.0,26667.0,0.0,22,0.0,9,16,,18.0,5.543,249.435,0,290.0,509.0
2013,881,2,sepang,Malaysia,61,814,resta,10,DIR,force_india,15,0,22,103094.0,,2.0,166837.0,83418.5,4.0,10,10.0,5,15,,18.0,5.543,121.946,0,354.0,646.0
2013,881,2,sepang,Malaysia,1,815,perez,1,PER,mclaren,9,9,56,99199.0,6009038.0,4.0,85181.0,21295.25,2.0,12,4.0,7,10,114136.0,18.0,5.543,310.408,0,529.0,2110.0
2013,881,2,sepang,Malaysia,31,817,ricciardo,5,RIC,toro_rosso,13,18,51,102581.0,,3.0,66812.0,22270.666666666668,0.0,21,1.0,8,13,,18.0,5.543,282.693,0,65.0,162.0
2013,881,2,sepang,Malaysia,1,818,vergne,5,VER,toro_rosso,17,10,56,100492.0,6023805.0,3.0,92556.0,30852.0,1.0,14,1.0,8,17,,18.0,5.543,310.408,0,89.0,142.0
2013,881,2,sepang,Malaysia,11,819,pic,207,PIC,caterham,20,14,55,102942.0,,4.0,116660.0,29165.0,0.0,18,0.0,11,20,,18.0,5.543,304.865,0,0.0,0.0
2013,881,2,sepang,Malaysia,12,820,chilton,206,CHI,marussia,21,16,54,103150.0,,4.0,97419.0,24354.75,0.0,20,0.0,10,21,,18.0,5.543,299.322,0,0.0,0.0
2013,881,2,sepang,Malaysia,11,821,gutierrez,15,GUT,sauber,14,12,55,100929.0,,4.0,91908.0,22977.0,0.0,16,4.0,6,14,,18.0,5.543,304.865,0,0.0,756.0
2013,881,2,sepang,Malaysia,1,822,bottas,3,BOT,williams,18,11,56,101373.0,6025291.0,3.0,75942.0,25314.0,0.0,15,0.0,9,18,,18.0,5.543,310.408,0,0.0,450.0
2013,881,2,sepang,Malaysia,11,823,garde,207,VDG,caterham,22,15,55,103157.0,,4.0,93820.0,23455.0,0.0,19,0.0,11,22,,18.0,5.543,304.865,0,0.0,0.0
2013,881,2,sepang,Malaysia,11,824,jules_bianchi,206,BIA,marussia,19,13,55,102423.0,,4.0,94653.0,23663.25,0.0,17,0.0,10,19,,18.0,5.543,304.865,0,0.0,0.0
2013,882,17,shanghai,China,1,1,hamilton,131,HAM,mercedes,1,3,56,99981.0,5799267.0,3.0,60563.0,20187.666666666668,40.0,4,52.0,4,1,94484.0,5.0,5.451,305.256,0,1232.0,838.0
2013,882,17,shanghai,China,22,3,rosberg,131,ROS,mercedes,4,0,21,103378.0,,3.0,64920.0,21640.0,12.0,7,52.0,4,4,94861.0,5.0,5.451,114.47099999999999,0,675.0,754.0
2013,882,17,shanghai,China,1,4,alonso,6,ALO,ferrari,3,1,56,99506.0,5786945.0,3.0,61252.0,20417.333333333332,43.0,3,73.0,2,3,94788.0,5.0,5.451,305.256,0,1686.0,2087.0
2013,882,17,shanghai,China,1,8,raikkonen,208,RAI,lotus_f1,2,2,56,99955.0,5797113.0,3.0,61976.0,20658.666666666668,49.0,2,60.0,3,2,94761.0,5.0,5.451,305.256,0,1362.0,1690.0
2013,882,17,shanghai,China,1,13,massa,6,MAS,ferrari,5,6,56,100284.0,5827772.0,3.0,60229.0,20076.333333333332,30.0,5,73.0,2,5,94933.0,5.0,5.451,305.256,0,678.0,1820.0
2013,882,17,shanghai,China,4,16,sutil,10,SUT,force_india,13,0,5,104257.0,,0.0,0.0,0.0,6.0,12,14.0,6,13,,5.0,5.451,27.255,0,232.0,565.0
2013,882,17,shanghai,China,36,17,webber,9,WEB,red_bull,22,0,15,103416.0,,2.0,48243.0,24121.5,26.0,6,78.0,1,14,,5.0,5.451,81.765,0,1158.0,2478.0
2013,882,17,shanghai,China,1,18,button,1,BUT,mclaren,8,5,56,98058.0,5822230.0,2.0,39760.0,19880.0,12.0,8,14.0,5,8,125673.0,5.0,5.451,305.256,0,1042.0,1806.0
2013,882,17,shanghai,China,1,20,vettel,9,VET,red_bull,9,4,56,96808.0,5799470.0,3.0,59598.0,19866.0,52.0,1,78.0,1,9,,5.0,5.451,305.256,0,1726.0,2134.0
2013,882,17,shanghai,China,1,154,grosjean,208,GRO,lotus_f1,6,9,56,100563.0,5840368.0,3.0,60478.0,20159.333333333332,11.0,9,60.0,3,6,95364.0,5.0,5.451,305.256,0,645.0,1462.0
2013,882,17,shanghai,China,1,807,hulkenberg,15,HUL,sauber,10,10,56,100630.0,5843543.0,3.0,63122.0,21040.666666666668,5.0,13,5.0,8,10,,5.0,5.451,305.256,0,336.0,637.0
2013,882,17,shanghai,China,1,813,maldonado,3,MAL,williams,14,14,56,100968.0,5882398.0,3.0,63293.0,21097.666666666668,0.0,20,0.0,9,15,,5.0,5.451,305.256,0,261.0,377.0
2013,882,17,shanghai,China,1,814,resta,10,DIR,force_india,11,8,56,100101.0,5838029.0,3.0,60749.0,20249.666666666668,8.0,10,14.0,6,11,,5.0,5.451,305.256,0,330.0,484.0
2013,882,17,shanghai,China,1,815,perez,1,PER,mclaren,12,11,56,101281.0,5850805.0,2.0,40222.0,20111.0,2.0,14,14.0,5,12,,5.0,5.451,305.256,0,466.0,1502.0
2013,882,17,shanghai,China,1,817,ricciardo,5,RIC,toro_rosso,7,7,56,100240.0,5829636.0,3.0,65611.0,21870.333333333332,6.0,11,7.0,7,7,95998.0,5.0,5.451,305.256,0,67.0,127.0
2013,882,17,shanghai,China,1,818,vergne,5,VER,toro_rosso,15,12,56,100138.0,5859549.0,3.0,61928.0,20642.666666666668,1.0,15,7.0,7,16,,5.0,5.451,305.256,0,82.0,112.0
2013,882,17,shanghai,China,11,819,pic,207,PIC,caterham,20,16,55,101997.0,,3.0,64742.0,21580.666666666668,0.0,19,0.0,11,21,,5.0,5.451,299.805,0,0.0,0.0
2013,882,17,shanghai,China,11,820,chilton,206,CHI,marussia,19,17,55,101978.0,,3.0,71305.0,23768.333333333332,0.0,22,0.0,10,20,,5.0,5.451,299.805,0,0.0,0.0
2013,882,17,shanghai,China,4,821,gutierrez,15,GUT,sauber,17,0,4,104775.0,,0.0,0.0,0.0,0.0,17,5.0,8,18,,5.0,5.451,21.804,0,0.0,518.0
2013,882,17,shanghai,China,1,822,bottas,3,BOT,williams,16,13,56,98200.0,5880806.0,3.0,65321.0,21773.666666666668,0.0,16,0.0,9,17,,5.0,5.451,305.256,0,0.0,304.0
2013,882,17,shanghai,China,11,823,garde,207,VDG,caterham,21,18,55,102357.0,,3.0,62715.0,20905.0,0.0,21,0.0,11,22,,5.0,5.451,299.805,0,0.0,0.0
2013,882,17,shanghai,China,11,824,jules_bianchi,206,BIA,marussia,18,15,55,101537.0,,3.0,66556.0,22185.333333333332,0.0,18,0.0,10,19,,5.0,5.451,299.805,0,0.0,0.0
2013,883,3,bahrain,Bahrain,1,1,hamilton,131,HAM,mercedes,9,5,57,98204.0,5795728.0,3.0,65116.0,21705.333333333332,50.0,3,64.0,4,4,92762.0,7.0,5.412,308.484,0,1140.0,682.0
2013,883,3,bahrain,Bahrain,1,3,rosberg,131,ROS,mercedes,1,9,57,97588.0,5801624.0,4.0,86018.0,21504.5,14.0,9,64.0,4,1,92330.0,7.0,5.412,308.484,0,596.0,610.0
2013,883,3,bahrain,Bahrain,1,4,alonso,6,ALO,ferrari,3,8,57,97204.0,5798072.0,4.0,86803.0,21700.75,47.0,4,77.0,3,3,92667.0,7.0,5.412,308.484,0,1539.0,1530.0
2013,883,3,bahrain,Bahrain,1,8,raikkonen,208,RAI,lotus_f1,8,2,57,98164.0,5769609.0,2.0,44438.0,22219.0,67.0,2,93.0,2,9,93327.0,7.0,5.412,308.484,0,1280.0,1253.0
2013,883,3,bahrain,Bahrain,1,13,massa,6,MAS,ferrari,4,15,57,98839.0,5846862.0,4.0,92713.0,23178.25,30.0,6,77.0,3,6,93207.0,7.0,5.412,308.484,0,657.0,1240.0
2013,883,3,bahrain,Bahrain,1,16,sutil,10,SUT,force_india,6,13,57,97070.0,5837217.0,3.0,71040.0,23680.0,6.0,12,26.0,5,8,93246.0,7.0,5.412,308.484,0,214.0,411.0
2013,883,3,bahrain,Bahrain,1,17,webber,9,WEB,red_bull,7,7,57,98557.0,5797742.0,3.0,64050.0,21350.0,32.0,5,109.0,1,5,93078.0,7.0,5.412,308.484,0,1058.0,1803.0
2013,883,3,bahrain,Bahrain,1,18,button,1,BUT,mclaren,10,10,57,97743.0,5807129.0,4.0,87913.0,21978.25,13.0,10,23.0,6,10,,7.0,5.412,308.484,0,936.0,1172.0
2013,883,3,bahrain,Bahrain,1,20,vettel,9,VET,red_bull,2,1,57,96961.0,5760498.0,3.0,64856.0,21618.666666666668,77.0,1,109.0,1,2,92584.0,7.0,5.412,308.484,0,1638.0,1472.0
2013,883,3,bahrain,Bahrain,1,154,grosjean,208,GRO,lotus_f1,11,3,57,97627.0,5780005.0,3.0,67769.0,22589.666666666668,26.0,7,93.0,2,11,,7.0,5.412,308.484,0,589.0,1044.0
2013,883,3,bahrain,Bahrain,1,807,hulkenberg,15,HUL,sauber,14,12,57,98770.0,5833431.0,3.0,66870.0,22290.0,5.0,14,5.0,8,14,,7.0,5.412,308.484,0,310.0,399.0
2013,883,3,bahrain,Bahrain,1,813,maldonado,3,MAL,williams,17,11,57,98962.0,5826948.0,3.0,67459.0,22486.333333333332,0.0,17,0.0,9,17,,7.0,5.412,308.484,0,232.0,228.0
2013,883,3,bahrain,Bahrain,1,814,resta,10,DIR,force_india,5,4,57,98336.0,5782225.0,2.0,44484.0,22242.0,20.0,8,26.0,5,7,93235.0,7.0,5.412,308.484,0,306.0,338.0
2013,883,3,bahrain,Bahrain,1,815,perez,1,PER,mclaren,12,6,57,97913.0,5796496.0,3.0,63951.0,21317.0,10.0,11,23.0,6,12,,7.0,5.412,308.484,0,410.0,842.0
2013,883,3,bahrain,Bahrain,11,817,ricciardo,5,RIC,toro_rosso,13,16,56,99579.0,,3.0,67180.0,22393.333333333332,6.0,13,7.0,7,13,,7.0,5.412,303.072,0,67.0,97.0
2013,883,3,bahrain,Bahrain,29,818,vergne,5,VER,toro_rosso,16,0,16,103107.0,,1.0,41485.0,41485.0,1.0,15,7.0,7,16,,7.0,5.412,86.592,0,75.0,82.0
2013,883,3,bahrain,Bahrain,11,819,pic,207,PIC,caterham,18,17,56,99546.0,,3.0,68751.0,22917.0,0.0,20,0.0,11,19,,7.0,5.412,303.072,0,0.0,0.0
2013,883,3,bahrain,Bahrain,11,820,chilton,206,CHI,marussia,21,20,56,99279.0,,4.0,95442.0,23860.5,0.0,22,0.0,10,22,,7.0,5.412,303.072,0,0.0,0.0
2013,883,3,bahrain,Bahrain,11,821,gutierrez,15,GUT,sauber,22,18,56,98202.0,,4.0,94783.0,23695.75,0.0,18,5.0,8,18,,7.0,5.412,303.072,0,0.0,280.0
2013,883,3,bahrain,Bahrain,1,822,bottas,3,BOT,williams,15,14,57,98192.0,5842009.0,3.0,74974.0,24991.333333333332,0.0,16,0.0,9,15,,7.0,5.412,308.484,0,0.0,152.0
2013,883,3,bahrain,Bahrain,12,823,garde,207,VDG,caterham,20,21,55,99334.0,,5.0,119301.0,23860.2,0.0,21,0.0,11,21,,7.0,5.412,297.65999999999997,0,0.0,0.0
2013,883,3,bahrain,Bahrain,11,824,jules_bianchi,206,BIA,marussia,19,19,56,98756.0,,4.0,94400.0,23600.0,0.0,19,0.0,10,20,,7.0,5.412,303.072,0,0.0,0.0
2013,884,4,catalunya,Spain,11,1,hamilton,131,HAM,mercedes,2,12,65,87895.0,,4.0,81307.0,20326.75,50.0,4,72.0,4,2,80972.0,109.0,4.657,302.705,0,1038.0,540.0
2013,884,4,catalunya,Spain,1,3,rosberg,131,ROS,mercedes,1,6,66,87591.0,6024616.0,3.0,58798.0,19599.333333333332,22.0,9,72.0,4,1,80718.0,109.0,4.657,307.362,0,525.0,470.0
2013,884,4,catalunya,Spain,1,4,alonso,6,ALO,ferrari,5,1,66,86681.0,5956596.0,4.0,76851.0,19212.75,72.0,3,117.0,2,5,81218.0,109.0,4.657,307.362,0,1417.0,957.0
2013,884,4,catalunya,Spain,1,8,raikkonen,208,RAI,lotus_f1,4,2,66,86757.0,5965934.0,3.0,59905.0,19968.333333333332,85.0,2,111.0,3,4,81177.0,109.0,4.657,307.362,0,1208.0,852.0
2013,884,4,catalunya,Spain,1,13,massa,6,MAS,ferrari,9,3,66,86394.0,5982645.0,4.0,77190.0,19297.5,45.0,5,117.0,2,6,81219.0,109.0,4.657,307.362,0,633.0,674.0
2013,884,4,catalunya,Spain,11,16,sutil,10,SUT,force_india,13,13,65,86564.0,,4.0,136854.0,34213.5,6.0,13,32.0,5,13,,109.0,4.657,302.705,0,192.0,261.0
2013,884,4,catalunya,Spain,1,17,webber,9,WEB,red_bull,7,5,66,87017.0,6004559.0,4.0,76920.0,19230.0,42.0,6,131.0,1,8,81570.0,109.0,4.657,307.362,0,966.0,1143.0
2013,884,4,catalunya,Spain,1,18,button,1,BUT,mclaren,14,8,66,87957.0,6036102.0,3.0,57296.0,19098.666666666668,17.0,10,29.0,6,14,,109.0,4.657,307.362,0,822.0,493.0
2013,884,4,catalunya,Spain,1,20,vettel,9,VET,red_bull,3,4,66,87036.0,5994869.0,4.0,75559.0,18889.75,89.0,1,131.0,1,3,81054.0,109.0,4.657,307.362,0,1537.0,814.0
2013,884,4,catalunya,Spain,22,154,grosjean,208,GRO,lotus_f1,6,22,8,91136.0,,0.0,0.0,0.0,26.0,7,111.0,3,7,81308.0,109.0,4.657,37.256,0,533.0,660.0
2013,884,4,catalunya,Spain,11,807,hulkenberg,15,HUL,sauber,15,15,65,86586.0,,6.0,135005.0,22500.833333333332,5.0,14,5.0,8,15,,109.0,4.657,302.705,0,278.0,159.0
2013,884,4,catalunya,Spain,11,813,maldonado,3,MAL,williams,17,14,65,87849.0,,5.0,97133.0,19426.6,0.0,18,0.0,9,18,,109.0,4.657,302.705,0,199.0,76.0
2013,884,4,catalunya,Spain,1,814,resta,10,DIR,force_india,10,7,66,86776.0,6025584.0,4.0,79710.0,19927.5,26.0,8,32.0,5,10,82233.0,109.0,4.657,307.362,0,288.0,184.0
2013,884,4,catalunya,Spain,1,815,perez,1,PER,mclaren,8,9,66,87251.0,6038334.0,4.0,79687.0,19921.75,12.0,11,29.0,6,9,82069.0,109.0,4.657,307.362,0,356.0,144.0
2013,884,4,catalunya,Spain,11,817,ricciardo,5,RIC,toro_rosso,11,10,65,88083.0,,4.0,79250.0,19812.5,7.0,12,8.0,7,11,,109.0,4.657,302.705,0,67.0,64.0
2013,884,4,catalunya,Spain,3,818,vergne,5,VER,toro_rosso,12,20,52,88231.0,,4.0,95545.0,23886.25,1.0,15,8.0,7,12,,109.0,4.657,242.164,0,68.0,46.0
2013,884,4,catalunya,Spain,11,819,pic,207,PIC,caterham,22,17,65,89362.0,,3.0,62806.0,20935.333333333332,0.0,20,0.0,11,22,,109.0,4.657,302.705,0,0.0,0.0
2013,884,4,catalunya,Spain,12,820,chilton,206,CHI,marussia,21,19,64,88011.0,,3.0,68216.0,22738.666666666668,0.0,22,0.0,10,21,,109.0,4.657,298.048,0,0.0,0.0
2013,884,4,catalunya,Spain,11,821,gutierrez,15,GUT,sauber,19,11,65,86217.0,,4.0,81538.0,20384.5,0.0,16,5.0,8,16,,109.0,4.657,302.705,0,0.0,38.0
2013,884,4,catalunya,Spain,11,822,bottas,3,BOT,williams,16,16,65,89747.0,,3.0,61612.0,20537.333333333332,0.0,17,0.0,9,17,,109.0,4.657,302.705,0,0.0,0.0
2013,884,4,catalunya,Spain,36,823,garde,207,VDG,caterham,18,21,21,90597.0,,2.0,43715.0,21857.5,0.0,21,0.0,11,19,,109.0,4.657,97.797,0,0.0,0.0
2013,884,4,catalunya,Spain,12,824,jules_bianchi,206,BIA,marussia,20,18,64,88884.0,,4.0,90384.0,22596.0,0.0,19,0.0,10,20,,109.0,4.657,298.048,0,0.0,0.0
2013,885,6,monaco,Monaco,1,1,hamilton,131,HAM,mercedes,2,4,78,78133.0,8285950.0,1.0,24801.0,24801.0,62.0,4,109.0,4,2,73967.0,7.0,3.337,260.286,1,947.0,569.0
2013,885,6,monaco,Monaco,1,3,rosberg,131,ROS,mercedes,1,1,78,78327.0,8272056.0,1.0,25200.0,25200.0,47.0,6,109.0,4,1,73876.0,7.0,3.337,260.286,1,479.0,668.0
2013,885,6,monaco,Monaco,1,4,alonso,6,ALO,ferrari,6,7,78,79340.0,8298790.0,1.0,24489.0,24489.0,78.0,3,123.0,2,6,74824.0,7.0,3.337,260.286,1,1286.0,767.0
2013,885,6,monaco,Monaco,1,8,raikkonen,208,RAI,lotus_f1,5,10,78,77392.0,8308638.0,2.0,49545.0,24772.5,86.0,2,112.0,3,5,74822.0,7.0,3.337,260.286,1,1127.0,746.0
2013,885,6,monaco,Monaco,3,13,massa,6,MAS,ferrari,21,0,28,80064.0,,1.0,25331.0,25331.0,45.0,7,123.0,2,22,,7.0,3.337,93.436,1,597.0,860.0
2013,885,6,monaco,Monaco,1,16,sutil,10,SUT,force_india,8,5,78,78292.0,8293533.0,1.0,25274.0,25274.0,16.0,11,44.0,5,8,75383.0,7.0,3.337,260.286,1,180.0,218.0
2013,885,6,monaco,Monaco,1,17,webber,9,WEB,red_bull,4,3,78,78262.0,8278370.0,1.0,24316.0,24316.0,57.0,5,164.0,1,4,74181.0,7.0,3.337,260.286,1,871.0,955.0
2013,885,6,monaco,Monaco,1,18,button,1,BUT,mclaren,9,6,78,78720.0,8295159.0,1.0,24585.0,24585.0,25.0,10,37.0,6,9,75647.0,7.0,3.337,260.286,1,716.0,179.0
2013,885,6,monaco,Monaco,1,20,vettel,9,VET,red_bull,3,2,78,76577.0,8275944.0,1.0,24375.0,24375.0,107.0,1,164.0,1,3,73980.0,7.0,3.337,260.286,1,1429.0,1096.0
2013,885,6,monaco,Monaco,4,154,grosjean,208,GRO,lotus_f1,13,0,63,80969.0,,2.0,64545.0,32272.5,26.0,9,112.0,3,13,,7.0,3.337,210.23100000000002,1,471.0,832.0
2013,885,6,monaco,Monaco,1,807,hulkenberg,15,HUL,sauber,11,11,78,79853.0,8314628.0,1.0,24974.0,24974.0,5.0,14,5.0,8,11,,7.0,3.337,260.286,1,238.0,43.0
2013,885,6,monaco,Monaco,4,813,maldonado,3,MAL,williams,16,0,44,80881.0,,2.0,66653.0,33326.5,0.0,18,0.0,9,16,,7.0,3.337,146.828,1,166.0,0.0
2013,885,6,monaco,Monaco,1,814,resta,10,DIR,force_india,17,9,78,79215.0,8299664.0,1.0,25643.0,25643.0,28.0,8,44.0,5,17,,7.0,3.337,260.286,1,272.0,252.0
2013,885,6,monaco,Monaco,22,815,perez,1,PER,mclaren,7,16,72,79530.0,,1.0,24672.0,24672.0,12.0,12,37.0,6,7,75138.0,7.0,3.337,240.264,1,302.0,214.0
2013,885,6,monaco,Monaco,4,817,ricciardo,5,RIC,toro_rosso,12,0,61,79426.0,,1.0,25225.0,25225.0,7.0,13,12.0,7,12,,7.0,3.337,203.55700000000002,1,65.0,58.0
2013,885,6,monaco,Monaco,1,818,vergne,5,VER,toro_rosso,10,8,78,79151.0,8299279.0,1.0,24827.0,24827.0,5.0,15,12.0,7,10,75703.0,7.0,3.337,260.286,1,61.0,70.0
2013,885,6,monaco,Monaco,6,819,pic,207,PIC,caterham,18,0,7,82772.0,,0.0,0.0,0.0,0.0,20,0.0,11,18,,7.0,3.337,23.359,1,0.0,0.0
2013,885,6,monaco,Monaco,1,820,chilton,206,CHI,marussia,22,14,78,79016.0,8321941.0,3.0,71088.0,23696.0,0.0,21,0.0,10,20,,7.0,3.337,260.286,1,0.0,0.0
2013,885,6,monaco,Monaco,1,821,gutierrez,15,GUT,sauber,19,13,78,78685.0,8315268.0,2.0,51290.0,25645.0,0.0,16,5.0,8,19,,7.0,3.337,260.286,1,0.0,48.0
2013,885,6,monaco,Monaco,1,822,bottas,3,BOT,williams,14,12,78,80921.0,8314747.0,1.0,29063.0,29063.0,0.0,17,0.0,9,14,,7.0,3.337,260.286,1,0.0,0.0
2013,885,6,monaco,Monaco,1,823,garde,207,VDG,caterham,15,15,78,80494.0,8334646.0,3.0,86638.0,28879.333333333332,0.0,22,0.0,11,15,,7.0,3.337,260.286,1,0.0,0.0
2013,885,6,monaco,Monaco,23,824,jules_bianchi,206,BIA,marussia,20,0,58,80617.0,,2.0,50313.0,25156.5,0.0,19,0.0,10,21,,7.0,3.337,193.54600000000002,1,0.0,0.0
2013,886,7,villeneuve,Canada,1,1,hamilton,131,HAM,mercedes,2,3,70,76354.0,5545085.0,2.0,41535.0,20767.5,77.0,4,134.0,3,2,85512.0,13.0,4.361,305.27,0,859.0,765.0
2013,886,7,villeneuve,Canada,1,3,rosberg,131,ROS,mercedes,4,5,70,76534.0,5598868.0,3.0,63416.0,21138.666666666668,57.0,6,134.0,3,4,86008.0,13.0,4.361,305.27,0,443.0,862.0
2013,886,7,villeneuve,Canada,1,4,alonso,6,ALO,ferrari,6,2,70,76203.0,5543551.0,2.0,41148.0,20574.0,96.0,2,145.0,2,6,86504.0,13.0,4.361,305.27,0,1155.0,965.0
2013,886,7,villeneuve,Canada,11,8,raikkonen,208,RAI,lotus_f1,10,9,69,77766.0,,1.0,25182.0,25182.0,88.0,3,114.0,4,9,87432.0,13.0,4.361,300.909,0,1042.0,906.0
2013,886,7,villeneuve,Canada,11,13,massa,6,MAS,ferrari,16,8,69,76939.0,,2.0,40845.0,20422.5,49.0,7,145.0,2,16,,13.0,4.361,300.909,0,557.0,1070.0
2013,886,7,villeneuve,Canada,11,16,sutil,10,SUT,force_india,8,10,69,77694.0,,3.0,58278.0,19426.0,17.0,11,51.0,5,8,87348.0,13.0,4.361,300.909,0,169.0,293.0
2013,886,7,villeneuve,Canada,1,17,webber,9,WEB,red_bull,5,4,70,76182.0,5554874.0,2.0,43425.0,21712.5,69.0,5,201.0,1,5,86208.0,13.0,4.361,305.27,0,773.0,1231.0
2013,886,7,villeneuve,Canada,11,18,button,1,BUT,mclaren,14,12,69,77458.0,,1.0,20212.0,20212.0,25.0,10,37.0,6,14,,13.0,4.361,300.909,0,600.0,247.0
2013,886,7,villeneuve,Canada,1,20,vettel,9,VET,red_bull,1,1,70,76561.0,5529143.0,2.0,41733.0,20866.5,132.0,1,201.0,1,1,85425.0,13.0,4.361,305.27,0,1321.0,1366.0
2013,886,7,villeneuve,Canada,11,154,grosjean,208,GRO,lotus_f1,22,13,69,77607.0,,2.0,42433.0,21216.5,26.0,9,114.0,4,19,,13.0,4.361,300.909,0,407.0,980.0
2013,886,7,villeneuve,Canada,4,807,hulkenberg,15,HUL,sauber,9,0,45,79056.0,,2.0,42637.0,21318.5,5.0,15,5.0,8,11,,13.0,4.361,196.24499999999998,0,194.0,49.0
2013,886,7,villeneuve,Canada,12,813,maldonado,3,MAL,williams,13,16,68,78105.0,,3.0,60640.0,20213.333333333332,0.0,18,0.0,9,13,,13.0,4.361,296.548,0,133.0,0.0
2013,886,7,villeneuve,Canada,11,814,resta,10,DIR,force_india,17,7,69,77841.0,,1.0,21066.0,21066.0,34.0,8,51.0,5,17,,13.0,4.361,300.909,0,262.0,334.0
2013,886,7,villeneuve,Canada,11,815,perez,1,PER,mclaren,12,11,69,77369.0,,2.0,41232.0,20616.0,12.0,13,37.0,6,12,,13.0,4.361,300.909,0,248.0,280.0
2013,886,7,villeneuve,Canada,12,817,ricciardo,5,RIC,toro_rosso,11,15,68,78257.0,,2.0,42538.0,21269.0,7.0,14,20.0,7,10,87946.0,13.0,4.361,296.548,0,63.0,89.0
2013,886,7,villeneuve,Canada,11,818,vergne,5,VER,toro_rosso,7,6,69,77909.0,,2.0,42639.0,21319.5,13.0,12,20.0,7,7,86543.0,13.0,4.361,300.909,0,62.0,108.0
2013,886,7,villeneuve,Canada,13,819,pic,207,PIC,caterham,18,18,67,79380.0,,2.0,44217.0,22108.5,0.0,20,0.0,11,18,,13.0,4.361,292.187,0,0.0,0.0
2013,886,7,villeneuve,Canada,13,820,chilton,206,CHI,marussia,20,19,67,79566.0,,1.0,21374.0,21374.0,0.0,21,0.0,10,21,,13.0,4.361,292.187,0,0.0,0.0
2013,886,7,villeneuve,Canada,3,821,gutierrez,15,GUT,sauber,15,20,63,79478.0,,2.0,43541.0,21770.5,0.0,16,5.0,8,15,,13.0,4.361,274.743,0,0.0,50.0
2013,886,7,villeneuve,Canada,11,822,bottas,3,BOT,williams,3,14,69,78004.0,,2.0,46660.0,23330.0,0.0,17,0.0,9,3,85897.0,13.0,4.361,300.909,0,0.0,0.0
2013,886,7,villeneuve,Canada,4,823,garde,207,VDG,caterham,21,0,43,81811.0,,4.0,97928.0,24482.0,0.0,22,0.0,11,22,,13.0,4.361,187.523,0,0.0,0.0
2013,886,7,villeneuve,Canada,12,824,jules_bianchi,206,BIA,marussia,19,17,68,78873.0,,1.0,21378.0,21378.0,0.0,19,0.0,10,20,,13.0,4.361,296.548,0,0.0,0.0
2013,887,9,silverstone,UK,1,1,hamilton,131,HAM,mercedes,1,4,52,94159.0,5587212.0,2.0,53661.0,26830.5,89.0,4,171.0,2,1,89607.0,153.0,5.891,306.332,0,783.0,981.0
2013,887,9,silverstone,UK,1,3,rosberg,131,ROS,mercedes,2,1,52,93531.0,5579456.0,3.0,75319.0,25106.333333333332,82.0,6,171.0,2,2,90059.0,153.0,5.891,306.332,0,432.0,1100.0
2013,887,9,silverstone,UK,1,4,alonso,6,ALO,ferrari,9,3,52,94090.0,5586580.0,3.0,74379.0,24793.0,111.0,2,168.0,3,10,90979.0,153.0,5.891,306.332,0,1021.0,1165.0
2013,887,9,silverstone,UK,1,8,raikkonen,208,RAI,lotus_f1,8,5,52,95384.0,5590713.0,2.0,49420.0,24710.0,98.0,3,124.0,4,9,90962.0,153.0,5.891,306.332,0,942.0,1044.0
2013,887,9,silverstone,UK,1,13,massa,6,MAS,ferrari,11,6,52,95273.0,5594029.0,4.0,109162.0,27290.5,57.0,7,168.0,3,12,,153.0,5.891,306.332,0,519.0,1260.0
2013,887,9,silverstone,UK,1,16,sutil,10,SUT,force_india,6,7,52,95961.0,5595791.0,2.0,49965.0,24982.5,23.0,11,59.0,5,7,90908.0,153.0,5.891,306.332,0,162.0,379.0
2013,887,9,silverstone,UK,1,17,webber,9,WEB,red_bull,4,2,52,93401.0,5580221.0,3.0,80702.0,26900.666666666668,87.0,5,219.0,1,4,90220.0,153.0,5.891,306.332,0,693.0,1507.0
2013,887,9,silverstone,UK,1,18,button,1,BUT,mclaren,10,13,52,96356.0,5605425.0,2.0,49102.0,24551.0,25.0,10,37.0,6,11,,153.0,5.891,306.332,0,472.0,303.0
2013,887,9,silverstone,UK,6,20,vettel,9,VET,red_bull,3,0,41,95018.0,,2.0,48251.0,24125.5,132.0,1,219.0,1,3,90211.0,153.0,5.891,241.531,0,1198.0,1648.0
2013,887,9,silverstone,UK,31,154,grosjean,208,GRO,lotus_f1,7,19,51,95614.0,,3.0,75387.0,25129.0,26.0,9,124.0,4,8,90955.0,153.0,5.891,300.441,0,343.0,1108.0
2013,887,9,silverstone,UK,1,807,hulkenberg,15,HUL,sauber,14,10,52,96013.0,5599165.0,3.0,80803.0,26934.333333333332,6.0,15,6.0,8,15,,153.0,5.891,306.332,0,151.0,51.0
2013,887,9,silverstone,UK,1,813,maldonado,3,MAL,williams,15,11,52,95907.0,5600591.0,2.0,50519.0,25259.5,0.0,16,0.0,9,16,,153.0,5.891,306.332,0,90.0,0.0
2013,887,9,silverstone,UK,1,814,resta,10,DIR,force_india,21,9,52,95330.0,5597399.0,3.0,83504.0,27834.666666666668,36.0,8,59.0,5,5,90736.0,153.0,5.891,306.332,0,252.0,424.0
2013,887,9,silverstone,UK,36,815,perez,1,PER,mclaren,13,20,46,96131.0,,2.0,49624.0,24812.0,12.0,13,37.0,6,14,,153.0,5.891,270.986,0,194.0,326.0
2013,887,9,silverstone,UK,1,817,ricciardo,5,RIC,toro_rosso,5,8,52,95927.0,5595999.0,2.0,55675.0,27837.5,11.0,14,24.0,7,6,90757.0,153.0,5.891,306.332,0,64.0,125.0
2013,887,9,silverstone,UK,27,818,vergne,5,VER,toro_rosso,12,0,35,98370.0,,2.0,55735.0,27867.5,13.0,12,24.0,7,13,,153.0,5.891,206.185,0,63.0,142.0
2013,887,9,silverstone,UK,1,819,pic,207,PIC,caterham,18,15,52,97091.0,5611069.0,2.0,52562.0,26281.0,0.0,20,0.0,11,19,,153.0,5.891,306.332,0,0.0,0.0
2013,887,9,silverstone,UK,1,820,chilton,206,CHI,marussia,20,17,52,99156.0,5647116.0,2.0,51732.0,25866.0,0.0,21,0.0,10,22,,153.0,5.891,306.332,0,0.0,0.0
2013,887,9,silverstone,UK,1,821,gutierrez,15,GUT,sauber,17,14,52,96439.0,5605741.0,4.0,108394.0,27098.5,0.0,18,6.0,8,18,,153.0,5.891,306.332,0,0.0,52.0
2013,887,9,silverstone,UK,1,822,bottas,3,BOT,williams,16,12,52,96312.0,5604550.0,2.0,62082.0,31041.0,0.0,17,0.0,9,17,,153.0,5.891,306.332,0,0.0,0.0
2013,887,9,silverstone,UK,1,823,garde,207,VDG,caterham,22,18,52,98722.0,5647215.0,3.0,78720.0,26240.0,0.0,22,0.0,11,21,,153.0,5.891,306.332,0,0.0,0.0
2013,887,9,silverstone,UK,1,824,jules_bianchi,206,BIA,marussia,19,16,52,97978.0,5615553.0,2.0,51656.0,25828.0,0.0,19,0.0,10,20,,153.0,5.891,306.332,0,0.0,0.0
2013,888,20,nurburgring,Germany,1,1,hamilton,131,HAM,mercedes,1,5,60,94156.0,6101638.0,3.0,58124.0,19374.666666666668,99.0,4,183.0,2,1,89398.0,578.0,5.148,308.88,0,692.0,1219.0
2013,888,20,nurburgring,Germany,1,3,rosberg,131,ROS,mercedes,11,9,60,94181.0,6121532.0,3.0,61581.0,20527.0,84.0,6,183.0,2,11,,578.0,5.148,308.88,0,423.0,1338.0
2013,888,20,nurburgring,Germany,1,4,alonso,6,ALO,ferrari,8,4,60,93468.0,6082432.0,3.0,59214.0,19738.0,123.0,2,180.0,3,8,91209.0,578.0,5.148,308.88,0,884.0,1363.0
2013,888,20,nurburgring,Germany,1,8,raikkonen,208,RAI,lotus_f1,4,2,60,93767.0,6075719.0,3.0,59296.0,19765.333333333332,116.0,3,157.0,4,4,89892.0,578.0,5.148,308.88,0,852.0,1172.0
2013,888,20,nurburgring,Germany,20,13,massa,6,MAS,ferrari,7,0,3,98890.0,,0.0,0.0,0.0,57.0,7,180.0,3,7,91126.0,578.0,5.148,15.443999999999999,0,469.0,1466.0
2013,888,20,nurburgring,Germany,1,16,sutil,10,SUT,force_india,15,13,60,95816.0,6132449.0,3.0,61913.0,20637.666666666668,23.0,11,59.0,5,15,,578.0,5.148,308.88,0,151.0,457.0
2013,888,20,nurburgring,Germany,1,17,webber,9,WEB,red_bull,3,7,60,94782.0,6112273.0,3.0,201954.0,67318.0,93.0,5,250.0,1,3,89608.0,578.0,5.148,308.88,0,619.0,1789.0
2013,888,20,nurburgring,Germany,1,18,button,1,BUT,mclaren,9,6,60,94201.0,6102707.0,2.0,40504.0,20252.0,33.0,10,49.0,6,9,,578.0,5.148,308.88,0,342.0,352.0
2013,888,20,nurburgring,Germany,1,20,vettel,9,VET,red_bull,2,1,60,94164.0,6074711.0,3.0,58136.0,19378.666666666668,157.0,1,250.0,1,2,89501.0,578.0,5.148,308.88,0,1082.0,1930.0
2013,888,20,nurburgring,Germany,1,154,grosjean,208,GRO,lotus_f1,5,3,60,94576.0,6080541.0,3.0,59871.0,19957.0,41.0,8,157.0,4,5,89959.0,578.0,5.148,308.88,0,288.0,1236.0
2013,888,20,nurburgring,Germany,1,807,hulkenberg,15,HUL,sauber,10,10,60,94244.0,6124603.0,3.0,62147.0,20715.666666666668,7.0,15,7.0,8,10,,578.0,5.148,308.88,0,105.0,54.0
2013,888,20,nurburgring,Germany,1,813,maldonado,3,MAL,williams,18,15,60,94293.0,6136640.0,2.0,56527.0,28263.5,0.0,16,0.0,9,18,,578.0,5.148,308.88,0,45.0,0.0
2013,888,20,nurburgring,Germany,1,814,resta,10,DIR,force_india,12,11,60,96566.0,6128482.0,2.0,42030.0,21015.0,36.0,9,59.0,5,12,,578.0,5.148,308.88,0,242.0,490.0
2013,888,20,nurburgring,Germany,1,815,perez,1,PER,mclaren,13,8,60,96134.0,6113017.0,2.0,40865.0,20432.5,16.0,12,49.0,6,13,,578.0,5.148,308.88,0,144.0,378.0
2013,888,20,nurburgring,Germany,1,817,ricciardo,5,RIC,toro_rosso,6,12,60,95982.0,6131686.0,3.0,59994.0,19998.0,11.0,14,24.0,7,6,90528.0,578.0,5.148,308.88,0,65.0,159.0
2013,888,20,nurburgring,Germany,9,818,vergne,5,VER,toro_rosso,16,0,22,99281.0,,1.0,23147.0,23147.0,13.0,13,24.0,7,16,,578.0,5.148,113.256,0,64.0,176.0
2013,888,20,nurburgring,Germany,11,819,pic,207,PIC,caterham,22,17,59,97584.0,,3.0,67073.0,22357.666666666668,0.0,20,0.0,11,19,,578.0,5.148,303.73199999999997,0,0.0,0.0
2013,888,20,nurburgring,Germany,11,820,chilton,206,CHI,marussia,21,19,59,98383.0,,4.0,82679.0,20669.75,0.0,21,0.0,10,22,,578.0,5.148,303.73199999999997,0,0.0,0.0
2013,888,20,nurburgring,Germany,1,821,gutierrez,15,GUT,sauber,14,14,60,95792.0,6134871.0,3.0,60845.0,20281.666666666668,0.0,18,7.0,8,14,,578.0,5.148,308.88,0,0.0,56.0
2013,888,20,nurburgring,Germany,11,822,bottas,3,BOT,williams,17,16,59,93972.0,,2.0,79491.0,39745.5,0.0,17,0.0,9,17,,578.0,5.148,303.73199999999997,0,0.0,0.0
2013,888,20,nurburgring,Germany,11,823,garde,207,VDG,caterham,20,18,59,98509.0,,3.0,63419.0,21139.666666666668,0.0,22,0.0,11,21,,578.0,5.148,303.73199999999997,0,0.0,0.0
2013,888,20,nurburgring,Germany,5,824,jules_bianchi,206,BIA,marussia,19,0,21,99844.0,,2.0,41211.0,20605.5,0.0,19,0.0,10,20,,578.0,5.148,108.10799999999999,0,0.0,0.0
2013,890,11,hungaroring,Hungary,1,1,hamilton,131,HAM,mercedes,1,1,70,84647.0,6149445.0,3.0,65430.0,21810.0,124.0,4,208.0,2,1,79388.0,264.0,4.381,306.67,0,626.0,1474.0
2013,890,11,hungaroring,Hungary,5,3,rosberg,131,ROS,mercedes,4,19,64,85089.0,,3.0,66497.0,22165.666666666668,84.0,6,208.0,2,4,79720.0,264.0,4.381,280.384,0,414.0,1610.0
2013,890,11,hungaroring,Hungary,1,4,alonso,6,ALO,ferrari,5,5,70,85394.0,6180856.0,3.0,65601.0,21867.0,133.0,3,194.0,3,5,79791.0,264.0,4.381,306.67,0,739.0,1543.0
2013,890,11,hungaroring,Hungary,1,8,raikkonen,208,RAI,lotus_f1,6,2,70,85260.0,6160383.0,2.0,43804.0,21902.0,134.0,2,183.0,4,6,79851.0,264.0,4.381,306.67,0,779.0,1308.0
2013,890,11,hungaroring,Hungary,1,13,massa,6,MAS,ferrari,7,8,70,85176.0,6205892.0,3.0,66377.0,22125.666666666668,61.0,7,194.0,3,7,79929.0,264.0,4.381,306.67,0,408.0,1620.0
2013,890,11,hungaroring,Hungary,9,16,sutil,10,SUT,force_india,11,0,19,88548.0,,0.0,0.0,0.0,23.0,11,59.0,5,11,,264.0,4.381,83.239,0,132.0,517.0
2013,890,11,hungaroring,Hungary,1,17,webber,9,WEB,red_bull,10,4,70,84069.0,6167489.0,3.0,66133.0,22044.333333333332,105.0,5,277.0,1,10,,264.0,4.381,306.67,0,545.0,2076.0
2013,890,11,hungaroring,Hungary,1,18,button,1,BUT,mclaren,13,7,70,86195.0,6203264.0,2.0,44603.0,22301.5,39.0,9,57.0,6,13,,264.0,4.381,306.67,0,193.0,406.0
2013,890,11,hungaroring,Hungary,1,20,vettel,9,VET,red_bull,2,3,70,84553.0,6161904.0,3.0,64872.0,21624.0,172.0,1,277.0,1,2,79426.0,264.0,4.381,306.67,0,973.0,2222.0
2013,890,11,hungaroring,Hungary,1,154,grosjean,208,GRO,lotus_f1,3,6,70,85328.0,6201740.0,4.0,83225.0,20806.25,49.0,8,183.0,4,3,79595.0,264.0,4.381,306.67,0,241.0,1380.0
2013,890,11,hungaroring,Hungary,11,807,hulkenberg,15,HUL,sauber,12,11,69,86740.0,,3.0,61421.0,20473.666666666668,7.0,15,7.0,8,12,,264.0,4.381,302.289,0,49.0,58.0
2013,890,11,hungaroring,Hungary,11,813,maldonado,3,MAL,williams,15,10,69,85597.0,,3.0,68779.0,22926.333333333332,1.0,16,1.0,9,15,,264.0,4.381,302.289,0,1.0,1.0
2013,890,11,hungaroring,Hungary,9,814,resta,10,DIR,force_india,18,18,66,86608.0,,3.0,68504.0,22834.666666666668,36.0,10,59.0,5,18,,264.0,4.381,289.146,0,232.0,544.0
2013,890,11,hungaroring,Hungary,11,815,perez,1,PER,mclaren,9,9,69,86143.0,,2.0,45045.0,22522.5,18.0,12,57.0,6,9,82398.0,264.0,4.381,302.289,0,96.0,434.0
2013,890,11,hungaroring,Hungary,11,817,ricciardo,5,RIC,toro_rosso,8,13,69,86863.0,,2.0,46029.0,23014.5,11.0,14,24.0,7,8,80641.0,264.0,4.381,302.289,0,66.0,192.0
2013,890,11,hungaroring,Hungary,11,818,vergne,5,VER,toro_rosso,14,12,69,86491.0,,3.0,68783.0,22927.666666666668,13.0,13,24.0,7,14,,264.0,4.381,302.289,0,61.0,208.0
2013,890,11,hungaroring,Hungary,12,819,pic,207,PIC,caterham,19,15,68,87725.0,,2.0,44915.0,22457.5,0.0,20,0.0,11,19,,264.0,4.381,297.908,0,0.0,0.0
2013,890,11,hungaroring,Hungary,13,820,chilton,206,CHI,marussia,22,17,67,88160.0,,3.0,67881.0,22627.0,0.0,22,0.0,10,22,,264.0,4.381,293.52700000000004,0,0.0,0.0
2013,890,11,hungaroring,Hungary,7,821,gutierrez,15,GUT,sauber,17,0,28,89135.0,,1.0,22425.0,22425.0,0.0,18,7.0,8,17,,264.0,4.381,122.668,0,0.0,60.0
2013,890,11,hungaroring,Hungary,9,822,bottas,3,BOT,williams,16,0,42,87127.0,,2.0,44635.0,22317.5,0.0,17,1.0,9,16,,264.0,4.381,184.002,0,0.0,2.0
2013,890,11,hungaroring,Hungary,12,823,garde,207,VDG,caterham,20,14,68,87473.0,,3.0,68415.0,22805.0,0.0,21,0.0,11,20,,264.0,4.381,297.908,0,0.0,0.0
2013,890,11,hungaroring,Hungary,13,824,jules_bianchi,206,BIA,marussia,21,16,67,88250.0,,3.0,67410.0,22470.0,0.0,19,0.0,10,21,,264.0,4.381,293.52700000000004,0,0.0,0.0
2013,891,13,spa,Belgium,1,1,hamilton,131,HAM,mercedes,1,3,44,111596.0,5049930.0,2.0,46079.0,23039.5,139.0,3,235.0,2,1,121012.0,401.0,7.004,308.176,0,755.0,1736.0
2013,891,13,spa,Belgium,1,3,rosberg,131,ROS,mercedes,4,4,44,111582.0,5052068.0,2.0,46616.0,23308.0,96.0,6,235.0,2,4,122251.0,401.0,7.004,308.176,0,510.0,1862.0
2013,891,13,spa,Belgium,1,4,alonso,6,ALO,ferrari,9,2,44,111383.0,5039065.0,2.0,45075.0,22537.5,151.0,2,218.0,3,9,123482.0,401.0,7.004,308.176,0,872.0,1715.0
2013,891,13,spa,Belgium,23,8,raikkonen,208,RAI,lotus_f1,8,0,25,113688.0,,1.0,23744.0,23744.0,134.0,4,187.0,4,8,123390.0,401.0,7.004,175.1,0,888.0,1455.0
2013,891,13,spa,Belgium,1,13,massa,6,MAS,ferrari,10,7,44,112182.0,5076118.0,2.0,45506.0,22753.0,67.0,7,218.0,3,10,124059.0,401.0,7.004,308.176,0,463.0,1810.0
2013,891,13,spa,Belgium,1,16,sutil,10,SUT,force_india,12,9,44,112226.0,5091743.0,2.0,46982.0,23491.0,25.0,11,61.0,6,12,,401.0,7.004,308.176,0,151.0,561.0
2013,891,13,spa,Belgium,1,17,webber,9,WEB,red_bull,3,5,44,111397.0,5056041.0,2.0,46481.0,23240.5,115.0,5,312.0,1,3,121325.0,401.0,7.004,308.176,0,652.0,2370.0
2013,891,13,spa,Belgium,1,18,button,1,BUT,mclaren,6,6,44,110823.0,5062990.0,2.0,45782.0,22891.0,47.0,9,65.0,5,6,123075.0,401.0,7.004,308.176,0,238.0,462.0
2013,891,13,spa,Belgium,1,20,vettel,9,VET,red_bull,2,1,44,110756.0,5022196.0,2.0,45569.0,22784.5,197.0,1,312.0,1,2,121200.0,401.0,7.004,308.176,0,1155.0,2518.0
2013,891,13,spa,Belgium,1,154,grosjean,208,GRO,lotus_f1,7,8,44,112497.0,5078042.0,1.0,23445.0,23445.0,53.0,8,187.0,4,7,123081.0,401.0,7.004,308.176,0,293.0,1530.0
2013,891,13,spa,Belgium,1,807,hulkenberg,15,HUL,sauber,11,13,44,113110.0,5110454.0,2.0,47553.0,23776.5,7.0,15,7.0,8,11,,401.0,7.004,308.176,0,56.0,62.0
2013,891,13,spa,Belgium,11,813,maldonado,3,MAL,williams,17,17,43,112579.0,,3.0,93181.0,31060.333333333332,1.0,16,1.0,9,17,,401.0,7.004,301.17199999999997,0,2.0,3.0
2013,891,13,spa,Belgium,4,814,resta,10,DIR,force_india,5,0,26,114757.0,,2.0,47015.0,23507.5,36.0,10,61.0,6,5,122332.0,401.0,7.004,182.10399999999998,0,264.0,578.0
2013,891,13,spa,Belgium,1,815,perez,1,PER,mclaren,13,11,44,113472.0,5104132.0,2.0,39975.0,19987.5,18.0,12,65.0,5,13,,401.0,7.004,308.176,0,114.0,490.0
2013,891,13,spa,Belgium,1,817,ricciardo,5,RIC,toro_rosso,19,10,44,110967.0,5095666.0,2.0,46015.0,23007.5,12.0,14,25.0,7,19,,401.0,7.004,308.176,0,78.0,221.0
2013,891,13,spa,Belgium,1,818,vergne,5,VER,toro_rosso,18,12,44,113065.0,5108936.0,2.0,48609.0,24304.5,13.0,13,25.0,7,18,,401.0,7.004,308.176,0,74.0,234.0
2013,891,13,spa,Belgium,44,819,pic,207,PIC,caterham,22,0,8,117330.0,,0.0,0.0,0.0,0.0,20,0.0,11,22,,401.0,7.004,56.032,0,0.0,0.0
2013,891,13,spa,Belgium,12,820,chilton,206,CHI,marussia,16,19,42,114924.0,,3.0,65356.0,21785.333333333332,0.0,22,0.0,10,16,,401.0,7.004,294.168,0,0.0,0.0
2013,891,13,spa,Belgium,1,821,gutierrez,15,GUT,sauber,21,14,44,111849.0,5122632.0,3.0,62906.0,20968.666666666668,0.0,18,7.0,8,21,,401.0,7.004,308.176,0,0.0,64.0
2013,891,13,spa,Belgium,1,822,bottas,3,BOT,williams,20,15,44,112688.0,5129652.0,2.0,46951.0,23475.5,0.0,17,1.0,9,20,,401.0,7.004,308.176,0,0.0,4.0
2013,891,13,spa,Belgium,11,823,garde,207,VDG,caterham,14,16,43,113995.0,,2.0,48966.0,24483.0,0.0,21,0.0,11,14,,401.0,7.004,301.17199999999997,0,0.0,0.0
2013,891,13,spa,Belgium,11,824,jules_bianchi,206,BIA,marussia,15,18,43,114894.0,,2.0,48044.0,24022.0,0.0,19,0.0,10,15,,401.0,7.004,301.17199999999997,0,0.0,0.0
2013,892,14,monza,Italy,1,1,hamilton,131,HAM,mercedes,12,9,53,85849.0,4746879.0,2.0,48775.0,24387.5,141.0,3,245.0,3,12,,162.0,5.793,307.029,0,871.0,1973.0
2013,892,14,monza,Italy,1,3,rosberg,131,ROS,mercedes,6,6,53,86500.0,4724351.0,1.0,24079.0,24079.0,104.0,6,245.0,3,6,84192.0,162.0,5.793,307.029,0,602.0,2084.0
2013,892,14,monza,Italy,1,4,alonso,6,ALO,ferrari,5,2,53,86797.0,4718819.0,1.0,24208.0,24208.0,169.0,2,248.0,2,5,84142.0,162.0,5.793,307.029,0,1023.0,1913.0
2013,892,14,monza,Italy,1,8,raikkonen,208,RAI,lotus_f1,11,11,53,86948.0,4752047.0,2.0,55739.0,27869.5,134.0,4,191.0,4,11,,162.0,5.793,307.029,0,991.0,1607.0
2013,892,14,monza,Italy,1,13,massa,6,MAS,ferrari,4,4,53,87095.0,4722713.0,1.0,24692.0,24692.0,79.0,7,248.0,2,4,84132.0,162.0,5.793,307.029,0,520.0,2016.0
2013,892,14,monza,Italy,11,16,sutil,10,SUT,force_india,17,16,52,87418.0,,1.0,26873.0,26873.0,25.0,11,61.0,6,14,,162.0,5.793,301.236,0,170.0,588.0
2013,892,14,monza,Italy,1,17,webber,9,WEB,red_bull,2,3,53,86690.0,4719702.0,1.0,24205.0,24205.0,130.0,5,352.0,1,2,83968.0,162.0,5.793,307.029,0,756.0,2669.0
2013,892,14,monza,Italy,1,18,button,1,BUT,mclaren,9,10,53,87830.0,4751679.0,1.0,24450.0,24450.0,48.0,9,66.0,5,9,84515.0,162.0,5.793,307.029,0,284.0,519.0
2013,892,14,monza,Italy,1,20,vettel,9,VET,red_bull,1,1,53,87190.0,4713352.0,1.0,24305.0,24305.0,222.0,1,352.0,1,1,83755.0,162.0,5.793,307.029,0,1337.0,2820.0
2013,892,14,monza,Italy,1,154,grosjean,208,GRO,lotus_f1,13,8,53,87043.0,4746482.0,1.0,27040.0,27040.0,57.0,8,191.0,4,13,,162.0,5.793,307.029,0,341.0,1684.0
2013,892,14,monza,Italy,1,807,hulkenberg,15,HUL,sauber,3,5,53,86716.0,4723707.0,1.0,25633.0,25633.0,17.0,14,17.0,8,3,84065.0,162.0,5.793,307.029,0,69.0,76.0
2013,892,14,monza,Italy,1,813,maldonado,3,MAL,williams,14,14,53,86981.0,4762437.0,1.0,25397.0,25397.0,1.0,16,1.0,9,15,,162.0,5.793,307.029,0,3.0,5.0
2013,892,14,monza,Italy,3,814,resta,10,DIR,force_india,15,0,0,,,0.0,0.0,0.0,36.0,10,61.0,6,16,,162.0,5.793,0.0,0,296.0,598.0
2013,892,14,monza,Italy,1,815,perez,1,PER,mclaren,8,12,53,87607.0,4753117.0,1.0,25933.0,25933.0,18.0,12,66.0,5,8,84502.0,162.0,5.793,307.029,0,130.0,548.0
2013,892,14,monza,Italy,1,817,ricciardo,5,RIC,toro_rosso,7,7,53,87294.0,4745681.0,1.0,24319.0,24319.0,18.0,13,31.0,7,7,84209.0,162.0,5.793,307.029,0,96.0,245.0
2013,892,14,monza,Italy,7,818,vergne,5,VER,toro_rosso,10,0,14,89710.0,,0.0,0.0,0.0,13.0,15,31.0,7,10,88050.0,162.0,5.793,81.102,0,86.0,256.0
2013,892,14,monza,Italy,11,819,pic,207,PIC,caterham,20,17,52,88620.0,,2.0,51932.0,25966.0,0.0,20,0.0,11,20,,162.0,5.793,301.236,0,0.0,0.0
2013,892,14,monza,Italy,11,820,chilton,206,CHI,marussia,22,20,52,89491.0,,1.0,26146.0,26146.0,0.0,22,0.0,10,22,,162.0,5.793,301.236,0,0.0,0.0
2013,892,14,monza,Italy,1,821,gutierrez,15,GUT,sauber,16,13,53,87092.0,4754232.0,1.0,24668.0,24668.0,0.0,18,17.0,8,17,,162.0,5.793,307.029,0,0.0,88.0
2013,892,14,monza,Italy,1,822,bottas,3,BOT,williams,18,15,53,87166.0,4770179.0,1.0,24665.0,24665.0,0.0,17,1.0,9,18,,162.0,5.793,307.029,0,0.0,6.0
2013,892,14,monza,Italy,11,823,garde,207,VDG,caterham,19,18,52,88663.0,,2.0,59502.0,29751.0,0.0,21,0.0,11,19,,162.0,5.793,301.236,0,0.0,0.0
2013,892,14,monza,Italy,11,824,jules_bianchi,206,BIA,marussia,21,19,52,89595.0,,1.0,25541.0,25541.0,0.0,19,0.0,10,21,,162.0,5.793,301.236,0,0.0,0.0
2013,893,15,marina_bay,Singapore,1,1,hamilton,131,HAM,mercedes,5,5,61,109916.0,7206291.0,2.0,59117.0,29558.5,151.0,3,267.0,3,5,103254.0,18.0,5.063,308.84299999999996,1,982.0,2180.0
2013,893,15,marina_bay,Singapore,1,3,rosberg,131,ROS,mercedes,2,4,61,110353.0,7204287.0,2.0,58828.0,29414.0,116.0,6,267.0,3,2,102932.0,18.0,5.063,308.84299999999996,1,706.0,2276.0
2013,893,15,marina_bay,Singapore,1,4,alonso,6,ALO,ferrari,7,2,61,111082.0,7185759.0,2.0,58612.0,29306.0,187.0,2,274.0,2,7,103938.0,18.0,5.063,308.84299999999996,1,1167.0,2122.0
2013,893,15,marina_bay,Singapore,1,8,raikkonen,208,RAI,lotus_f1,13,3,61,111140.0,7197052.0,2.0,62482.0,31241.0,149.0,4,206.0,4,13,,18.0,5.063,308.84299999999996,1,1091.0,1766.0
2013,893,15,marina_bay,Singapore,1,13,massa,6,MAS,ferrari,6,6,61,110509.0,7217009.0,3.0,87749.0,29249.666666666668,87.0,7,274.0,2,6,103890.0,18.0,5.063,308.84299999999996,1,577.0,2228.0
2013,893,15,marina_bay,Singapore,1,16,sutil,10,SUT,force_india,15,10,61,109656.0,7237800.0,3.0,91074.0,30358.0,26.0,11,62.0,6,15,,18.0,5.063,308.84299999999996,1,190.0,601.0
2013,893,15,marina_bay,Singapore,34,17,webber,9,WEB,red_bull,4,15,60,109783.0,,2.0,57940.0,28970.0,130.0,5,377.0,1,4,103152.0,18.0,5.063,303.78,1,860.0,2978.0
2013,893,15,marina_bay,Singapore,1,18,button,1,BUT,mclaren,8,7,61,111740.0,7236486.0,2.0,59369.0,29684.5,54.0,9,76.0,5,8,104282.0,18.0,5.063,308.84299999999996,1,326.0,587.0
2013,893,15,marina_bay,Singapore,1,20,vettel,9,VET,red_bull,1,1,61,108574.0,7153132.0,2.0,57721.0,28860.5,247.0,1,377.0,1,1,102841.0,18.0,5.063,308.84299999999996,1,1532.0,3136.0
2013,893,15,marina_bay,Singapore,63,154,grosjean,208,GRO,lotus_f1,3,0,37,111097.0,,3.0,133004.0,44334.666666666664,57.0,8,206.0,4,3,103058.0,18.0,5.063,187.331,1,387.0,1848.0
2013,893,15,marina_bay,Singapore,1,807,hulkenberg,15,HUL,sauber,11,9,61,112186.0,7237393.0,2.0,60163.0,30081.5,19.0,13,19.0,8,11,,18.0,5.063,308.84299999999996,1,83.0,101.0
2013,893,15,marina_bay,Singapore,1,813,maldonado,3,MAL,williams,18,11,61,110708.0,7241611.0,3.0,90585.0,30195.0,1.0,16,1.0,9,18,,18.0,5.063,308.84299999999996,1,4.0,7.0
2013,893,15,marina_bay,Singapore,3,814,resta,10,DIR,force_india,17,20,54,110739.0,,2.0,59444.0,29722.0,36.0,10,62.0,6,17,,18.0,5.063,273.402,1,324.0,604.0
2013,893,15,marina_bay,Singapore,1,815,perez,1,PER,mclaren,14,8,61,111926.0,7236952.0,2.0,58105.0,29052.5,22.0,12,76.0,5,14,,18.0,5.063,308.84299999999996,1,150.0,626.0
2013,893,15,marina_bay,Singapore,3,817,ricciardo,5,RIC,toro_rosso,9,0,23,113052.0,,1.0,32097.0,32097.0,18.0,14,31.0,7,9,104439.0,18.0,5.063,116.449,1,108.0,263.0
2013,893,15,marina_bay,Singapore,1,818,vergne,5,VER,toro_rosso,12,14,61,110328.0,7266644.0,3.0,90449.0,30149.666666666668,13.0,15,31.0,7,12,,18.0,5.063,308.84299999999996,1,98.0,270.0
2013,893,15,marina_bay,Singapore,11,819,pic,207,PIC,caterham,19,19,60,110990.0,,3.0,95395.0,31798.333333333332,0.0,20,0.0,11,19,,18.0,5.063,303.78,1,0.0,0.0
2013,893,15,marina_bay,Singapore,11,820,chilton,206,CHI,marussia,22,17,60,113041.0,,3.0,91357.0,30452.333333333332,0.0,22,0.0,10,22,,18.0,5.063,303.78,1,0.0,0.0
2013,893,15,marina_bay,Singapore,1,821,gutierrez,15,GUT,sauber,10,12,61,112007.0,7251026.0,2.0,61070.0,30535.0,0.0,17,19.0,8,10,,18.0,5.063,308.84299999999996,1,0.0,114.0
2013,893,15,marina_bay,Singapore,1,822,bottas,3,BOT,williams,16,13,61,111706.0,7258293.0,3.0,96418.0,32139.333333333332,0.0,18,1.0,9,16,,18.0,5.063,308.84299999999996,1,0.0,8.0
2013,893,15,marina_bay,Singapore,11,823,garde,207,VDG,caterham,20,16,60,112472.0,,3.0,98002.0,32667.333333333332,0.0,21,0.0,11,20,,18.0,5.063,303.78,1,0.0,0.0
2013,893,15,marina_bay,Singapore,11,824,jules_bianchi,206,BIA,marussia,21,18,60,112898.0,,4.0,121060.0,30265.0,0.0,19,0.0,10,21,,18.0,5.063,303.78,1,0.0,0.0
2013,894,35,yeongam,Korea,1,1,hamilton,131,HAM,mercedes,2,5,55,102539.0,6218956.0,2.0,44521.0,22260.5,161.0,4,283.0,3,2,97420.0,0.0,5.615,308.825,0,1093.0,2376.0
2013,894,35,yeongam,Korea,1,3,rosberg,131,ROS,mercedes,4,7,55,102471.0,6220399.0,2.0,65844.0,32922.0,122.0,6,283.0,3,5,97679.0,0.0,5.615,308.825,0,814.0,2476.0
2013,894,35,yeongam,Korea,1,4,alonso,6,ALO,ferrari,5,6,55,102709.0,6219890.0,2.0,45015.0,22507.5,195.0,2,284.0,2,6,98038.0,0.0,5.615,308.825,0,1315.0,2332.0
2013,894,35,yeongam,Korea,1,8,raikkonen,208,RAI,lotus_f1,9,2,55,101975.0,6197925.0,2.0,46160.0,23080.0,167.0,3,239.0,4,10,98822.0,0.0,5.615,308.825,0,1191.0,1930.0
2013,894,35,yeongam,Korea,1,13,massa,6,MAS,ferrari,6,9,55,102954.0,6228091.0,2.0,44875.0,22437.5,89.0,7,284.0,2,7,98223.0,0.0,5.615,308.825,0,636.0,2436.0
2013,894,35,yeongam,Korea,4,16,sutil,10,SUT,force_india,14,20,50,104095.0,,4.0,143408.0,35852.0,26.0,12,62.0,6,14,,0.0,5.615,280.75,0,210.0,607.0
2013,894,35,yeongam,Korea,4,17,webber,9,WEB,red_bull,13,0,36,103863.0,,3.0,68795.0,22931.666666666668,130.0,5,402.0,1,3,97464.0,0.0,5.615,202.14000000000001,0,958.0,3288.0
2013,894,35,yeongam,Korea,1,18,button,1,BUT,mclaren,11,8,55,103073.0,6225963.0,2.0,52894.0,26447.0,58.0,9,81.0,5,12,,0.0,5.615,308.825,0,371.0,658.0
2013,894,35,yeongam,Korea,1,20,vettel,9,VET,red_bull,1,1,55,101380.0,6193701.0,2.0,45597.0,22798.5,272.0,1,402.0,1,1,97202.0,0.0,5.615,308.825,0,1727.0,3440.0
2013,894,35,yeongam,Korea,1,154,grosjean,208,GRO,lotus_f1,3,3,55,101936.0,6198628.0,2.0,45286.0,22643.0,72.0,8,239.0,4,4,97531.0,0.0,5.615,308.825,0,433.0,2012.0
2013,894,35,yeongam,Korea,1,807,hulkenberg,15,HUL,sauber,7,4,55,102608.0,6217815.0,2.0,47766.0,23883.0,31.0,11,31.0,7,8,98237.0,0.0,5.615,308.825,0,109.0,138.0
2013,894,35,yeongam,Korea,1,813,maldonado,3,MAL,williams,18,13,55,104136.0,6243714.0,2.0,47112.0,23556.0,1.0,16,1.0,9,18,,0.0,5.615,308.825,0,5.0,9.0
2013,894,35,yeongam,Korea,20,814,resta,10,DIR,force_india,15,0,24,106411.0,,2.0,47668.0,23834.0,36.0,10,62.0,6,15,,0.0,5.615,134.76,0,340.0,610.0
2013,894,35,yeongam,Korea,1,815,perez,1,PER,mclaren,10,10,55,102973.0,6228856.0,2.0,61794.0,30897.0,23.0,13,81.0,5,11,,0.0,5.615,308.825,0,163.0,690.0
2013,894,35,yeongam,Korea,13,817,ricciardo,5,RIC,toro_rosso,12,19,52,102947.0,,2.0,47086.0,23543.0,18.0,14,31.0,8,13,,0.0,5.615,291.98,0,120.0,277.0
2013,894,35,yeongam,Korea,12,818,vergne,5,VER,toro_rosso,16,18,53,104090.0,,3.0,72338.0,24112.666666666668,13.0,15,31.0,8,16,,0.0,5.615,297.595,0,110.0,284.0
2013,894,35,yeongam,Korea,1,819,pic,207,PIC,caterham,19,14,55,104477.0,6257279.0,2.0,48686.0,24343.0,0.0,20,0.0,11,19,,0.0,5.615,308.825,0,0.0,0.0
2013,894,35,yeongam,Korea,1,820,chilton,206,CHI,marussia,21,17,55,105408.0,6266599.0,2.0,50060.0,25030.0,0.0,22,0.0,10,22,,0.0,5.615,308.825,0,0.0,0.0
2013,894,35,yeongam,Korea,1,821,gutierrez,15,GUT,sauber,8,11,55,102744.0,6229691.0,2.0,46504.0,23252.0,0.0,17,31.0,7,9,98405.0,0.0,5.615,308.825,0,0.0,162.0
2013,894,35,yeongam,Korea,1,822,bottas,3,BOT,williams,17,12,55,103869.0,6240750.0,2.0,48152.0,24076.0,0.0,18,1.0,9,17,,0.0,5.615,308.825,0,0.0,10.0
2013,894,35,yeongam,Korea,1,823,garde,207,VDG,caterham,20,15,55,104375.0,6258202.0,3.0,66048.0,22016.0,0.0,21,0.0,11,20,,0.0,5.615,308.825,0,0.0,0.0
2013,894,35,yeongam,Korea,1,824,jules_bianchi,206,BIA,marussia,22,16,55,104991.0,6261671.0,2.0,46911.0,23455.5,0.0,19,0.0,10,21,,0.0,5.615,308.825,0,0.0,0.0
2013,895,22,suzuka,Japan,29,1,hamilton,131,HAM,mercedes,3,0,7,101202.0,,1.0,25297.0,25297.0,161.0,4,287.0,3,3,91253.0,45.0,5.807,40.649,0,1204.0,2555.0
2013,895,22,suzuka,Japan,1,3,rosberg,131,ROS,mercedes,6,8,53,94650.0,5281324.0,4.0,85940.0,21485.0,126.0,6,287.0,3,6,91397.0,45.0,5.807,307.771,0,918.0,2634.0
2013,895,22,suzuka,Japan,1,4,alonso,6,ALO,ferrari,8,4,53,95877.0,5254906.0,2.0,45484.0,22742.0,207.0,2,297.0,2,8,91665.0,45.0,5.807,307.771,0,1450.0,2539.0
2013,895,22,suzuka,Japan,1,8,raikkonen,208,RAI,lotus_f1,9,5,53,95516.0,5256626.0,2.0,46603.0,23301.5,177.0,3,264.0,4,9,91684.0,45.0,5.807,307.771,0,1283.0,2093.0
2013,895,22,suzuka,Japan,1,13,massa,6,MAS,ferrari,5,10,53,97001.0,5298564.0,3.0,63639.0,21213.0,90.0,7,297.0,2,5,91378.0,45.0,5.807,307.771,0,681.0,2642.0
2013,895,22,suzuka,Japan,11,16,sutil,10,SUT,force_india,22,14,52,97367.0,,2.0,47287.0,23643.5,26.0,12,62.0,6,17,,45.0,5.807,301.964,0,230.0,613.0
2013,895,22,suzuka,Japan,1,17,webber,9,WEB,red_bull,1,2,53,94587.0,5216430.0,3.0,69485.0,23161.666666666668,148.0,5,445.0,1,1,90915.0,45.0,5.807,307.771,0,1064.0,3608.0
2013,895,22,suzuka,Japan,1,18,button,1,BUT,mclaren,10,9,53,95549.0,5290122.0,3.0,72830.0,24276.666666666668,60.0,9,83.0,5,10,91827.0,45.0,5.807,307.771,0,414.0,716.0
2013,895,22,suzuka,Japan,1,20,vettel,9,VET,red_bull,2,1,53,95317.0,5209301.0,2.0,45789.0,22894.5,297.0,1,445.0,1,2,91089.0,45.0,5.807,307.771,0,1935.0,3776.0
2013,895,22,suzuka,Japan,1,154,grosjean,208,GRO,lotus_f1,4,3,53,95991.0,5219211.0,2.0,46368.0,23184.0,87.0,8,264.0,4,4,91365.0,45.0,5.807,307.771,0,494.0,2174.0
2013,895,22,suzuka,Japan,1,807,hulkenberg,15,HUL,sauber,7,6,53,96482.0,5260916.0,2.0,47214.0,23607.0,39.0,10,45.0,7,7,91644.0,45.0,5.807,307.771,0,143.0,200.0
2013,895,22,suzuka,Japan,11,813,maldonado,3,MAL,williams,15,16,52,97423.0,,2.0,47726.0,23863.0,1.0,17,1.0,9,15,,45.0,5.807,301.964,0,6.0,10.0
2013,895,22,suzuka,Japan,1,814,resta,10,DIR,force_india,12,11,53,97407.0,5307873.0,2.0,47334.0,23667.0,36.0,11,62.0,6,12,,45.0,5.807,307.771,0,350.0,616.0
2013,895,22,suzuka,Japan,11,815,perez,1,PER,mclaren,11,15,52,95845.0,,3.0,79715.0,26571.666666666668,23.0,13,83.0,5,11,,45.0,5.807,301.964,0,174.0,742.0
2013,895,22,suzuka,Japan,11,817,ricciardo,5,RIC,toro_rosso,16,13,52,95020.0,,3.0,66587.0,22195.666666666668,18.0,14,31.0,8,16,,45.0,5.807,301.964,0,131.0,291.0
2013,895,22,suzuka,Japan,11,818,vergne,5,VER,toro_rosso,17,12,52,95895.0,,3.0,74779.0,24926.333333333332,13.0,15,31.0,8,18,,45.0,5.807,301.964,0,122.0,298.0
2013,895,22,suzuka,Japan,11,819,pic,207,PIC,caterham,20,18,52,97489.0,,3.0,66696.0,22232.0,0.0,20,0.0,11,20,,45.0,5.807,301.964,0,0.0,0.0
2013,895,22,suzuka,Japan,11,820,chilton,206,CHI,marussia,18,19,52,98713.0,,2.0,48021.0,24010.5,0.0,22,0.0,10,19,,45.0,5.807,301.964,0,0.0,0.0
2013,895,22,suzuka,Japan,1,821,gutierrez,15,GUT,sauber,14,7,53,96499.0,5280931.0,2.0,47071.0,23535.5,6.0,16,45.0,7,14,,45.0,5.807,307.771,0,6.0,238.0
2013,895,22,suzuka,Japan,11,822,bottas,3,BOT,williams,13,17,52,97856.0,,2.0,46904.0,23452.0,0.0,18,1.0,9,13,,45.0,5.807,301.964,0,0.0,10.0
2013,895,22,suzuka,Japan,3,823,garde,207,VDG,caterham,19,0,0,,,0.0,0.0,0.0,0.0,21,0.0,11,21,,45.0,5.807,0.0,0,0.0,0.0
2013,895,22,suzuka,Japan,3,824,jules_bianchi,206,BIA,marussia,21,0,0,,,0.0,0.0,0.0,0.0,19,0.0,10,22,,45.0,5.807,0.0,0,0.0,0.0
2013,896,68,buddh,India,1,1,hamilton,131,HAM,mercedes,3,6,60,89052.0,5524662.0,2.0,47120.0,23560.0,169.0,4,313.0,2,3,84941.0,194.0,5.125,307.5,0,1311.0,2712.0
2013,896,68,buddh,India,1,3,rosberg,131,ROS,mercedes,2,2,60,88816.0,5502010.0,2.0,47580.0,23790.0,144.0,6,313.0,2,2,84871.0,194.0,5.125,307.5,0,1015.0,2790.0
2013,896,68,buddh,India,1,4,alonso,6,ALO,ferrari,8,11,60,88709.0,5550484.0,3.0,77461.0,25820.333333333332,207.0,2,309.0,3,8,85826.0,194.0,5.125,307.5,0,1579.0,2733.0
2013,896,68,buddh,India,1,8,raikkonen,208,RAI,lotus_f1,6,7,60,87679.0,5540175.0,2.0,51130.0,25565.0,183.0,3,285.0,4,6,85248.0,194.0,5.125,307.5,0,1380.0,2272.0
2013,896,68,buddh,India,1,13,massa,6,MAS,ferrari,5,4,60,88886.0,5513879.0,2.0,46911.0,23455.5,102.0,8,309.0,3,5,85201.0,194.0,5.125,307.5,0,738.0,2824.0
2013,896,68,buddh,India,1,16,sutil,10,SUT,force_india,13,9,60,88419.0,5546921.0,1.0,23891.0,23891.0,28.0,13,68.0,6,13,,194.0,5.125,307.5,0,242.0,623.0
2013,896,68,buddh,India,91,17,webber,9,WEB,red_bull,4,0,39,89500.0,,2.0,46946.0,23473.0,148.0,5,470.0,1,4,85047.0,194.0,5.125,199.875,0,1155.0,3934.0
2013,896,68,buddh,India,11,18,button,1,BUT,mclaren,10,14,59,88814.0,,3.0,72045.0,24015.0,60.0,9,93.0,5,10,86487.0,194.0,5.125,302.375,0,449.0,770.0
2013,896,68,buddh,India,1,20,vettel,9,VET,red_bull,1,1,60,88116.0,5472187.0,2.0,47568.0,23784.0,322.0,1,470.0,1,1,84119.0,194.0,5.125,307.5,0,2150.0,4092.0
2013,896,68,buddh,India,1,154,grosjean,208,GRO,lotus_f1,17,3,60,88796.0,5512079.0,1.0,23648.0,23648.0,102.0,7,285.0,4,17,,194.0,5.125,307.5,0,570.0,2370.0
2013,896,68,buddh,India,26,807,hulkenberg,15,HUL,sauber,7,19,54,88947.0,,3.0,77987.0,25995.666666666668,39.0,11,45.0,7,7,85334.0,194.0,5.125,276.75,0,177.0,276.0
2013,896,68,buddh,India,1,813,maldonado,3,MAL,williams,18,12,60,89012.0,5551138.0,2.0,51842.0,25921.0,1.0,17,1.0,9,18,,194.0,5.125,307.5,0,7.0,10.0
2013,896,68,buddh,India,1,814,resta,10,DIR,force_india,12,8,60,89300.0,5545055.0,2.0,47686.0,23843.0,40.0,10,68.0,6,12,,194.0,5.125,307.5,0,362.0,630.0
2013,896,68,buddh,India,1,815,perez,1,PER,mclaren,9,5,60,88503.0,5516016.0,2.0,48451.0,24225.5,33.0,12,93.0,5,9,86153.0,194.0,5.125,307.5,0,195.0,798.0
2013,896,68,buddh,India,1,817,ricciardo,5,RIC,toro_rosso,11,10,60,88831.0,5548424.0,2.0,50079.0,25039.5,19.0,14,32.0,8,11,,194.0,5.125,307.5,0,143.0,305.0
2013,896,68,buddh,India,11,818,vergne,5,VER,toro_rosso,14,13,59,89280.0,,2.0,48360.0,24180.0,13.0,15,32.0,8,14,,194.0,5.125,302.375,0,130.0,312.0
2013,896,68,buddh,India,9,819,pic,207,PIC,caterham,21,0,35,92907.0,,2.0,56052.0,28026.0,0.0,20,0.0,11,21,,194.0,5.125,179.375,0,0.0,0.0
2013,896,68,buddh,India,12,820,chilton,206,CHI,marussia,22,17,58,90335.0,,2.0,49202.0,24601.0,0.0,22,0.0,10,22,,194.0,5.125,297.25,0,0.0,0.0
2013,896,68,buddh,India,11,821,gutierrez,15,GUT,sauber,16,15,59,88682.0,,3.0,68498.0,22832.666666666668,6.0,16,45.0,7,16,,194.0,5.125,302.375,0,12.0,314.0
2013,896,68,buddh,India,11,822,bottas,3,BOT,williams,15,16,59,88928.0,,2.0,53528.0,26764.0,0.0,18,1.0,9,15,,194.0,5.125,302.375,0,0.0,10.0
2013,896,68,buddh,India,4,823,garde,207,VDG,caterham,20,0,1,,,0.0,0.0,0.0,0.0,21,0.0,11,20,,194.0,5.125,5.125,0,0.0,0.0
2013,896,68,buddh,India,12,824,jules_bianchi,206,BIA,marussia,19,18,58,90171.0,,2.0,59320.0,29660.0,0.0,19,0.0,10,19,,194.0,5.125,297.25,0,0.0,0.0
2013,897,24,yas_marina,UAE,1,1,hamilton,131,HAM,mercedes,4,7,55,105463.0,5965373.0,2.0,42981.0,21490.5,175.0,4,334.0,2,4,100501.0,3.0,5.554,305.47,0,1409.0,2879.0
2013,897,24,yas_marina,UAE,1,3,rosberg,131,ROS,mercedes,3,3,55,104458.0,5919756.0,2.0,43286.0,21643.0,159.0,6,334.0,2,3,100419.0,3.0,5.554,305.47,0,1117.0,2968.0
2013,897,24,yas_marina,UAE,1,4,alonso,6,ALO,ferrari,10,5,55,103434.0,5953287.0,2.0,42983.0,21491.5,217.0,2,323.0,3,11,,3.0,5.554,305.47,0,1700.0,2899.0
2013,897,24,yas_marina,UAE,3,8,raikkonen,208,RAI,lotus_f1,22,0,0,,,0.0,0.0,0.0,183.0,3,297.0,4,5,100542.0,3.0,5.554,0.0,0,1475.0,2476.0
2013,897,24,yas_marina,UAE,1,13,massa,6,MAS,ferrari,7,8,55,105447.0,5968992.0,2.0,43800.0,21900.0,106.0,8,323.0,3,8,101015.0,3.0,5.554,305.47,0,795.0,2974.0
2013,897,24,yas_marina,UAE,1,16,sutil,10,SUT,force_india,17,10,55,105609.0,5979363.0,1.0,22048.0,22048.0,29.0,13,77.0,6,18,,3.0,5.554,305.47,0,254.0,646.0
2013,897,24,yas_marina,UAE,1,17,webber,9,WEB,red_bull,1,2,55,104364.0,5916935.0,2.0,43086.0,21543.0,166.0,5,513.0,1,1,99957.0,3.0,5.554,305.47,0,1252.0,4253.0
2013,897,24,yas_marina,UAE,1,18,button,1,BUT,mclaren,12,12,55,106336.0,5989873.0,2.0,48692.0,24346.0,60.0,9,95.0,5,13,,3.0,5.554,305.47,0,484.0,827.0
2013,897,24,yas_marina,UAE,1,20,vettel,9,VET,red_bull,2,1,55,103893.0,5886106.0,2.0,43573.0,21786.5,347.0,1,513.0,1,2,100075.0,3.0,5.554,305.47,0,2365.0,4414.0
2013,897,24,yas_marina,UAE,1,154,grosjean,208,GRO,lotus_f1,6,4,55,104301.0,5920908.0,2.0,43913.0,21956.5,114.0,7,297.0,4,7,100997.0,3.0,5.554,305.47,0,658.0,2582.0
2013,897,24,yas_marina,UAE,11,807,hulkenberg,15,HUL,sauber,5,14,54,105570.0,,3.0,61373.0,20457.666666666668,39.0,11,45.0,7,6,100576.0,3.0,5.554,299.916,0,211.0,342.0
2013,897,24,yas_marina,UAE,1,813,maldonado,3,MAL,williams,14,11,55,105530.0,5982095.0,2.0,46296.0,23148.0,1.0,17,1.0,9,15,,3.0,5.554,305.47,0,8.0,10.0
2013,897,24,yas_marina,UAE,1,814,resta,10,DIR,force_india,11,6,55,105786.0,5964280.0,1.0,22270.0,22270.0,48.0,10,77.0,6,12,,3.0,5.554,305.47,0,376.0,662.0
2013,897,24,yas_marina,UAE,1,815,perez,1,PER,mclaren,8,9,55,105435.0,5977304.0,2.0,42873.0,21436.5,35.0,12,95.0,5,9,101068.0,3.0,5.554,305.47,0,218.0,856.0
2013,897,24,yas_marina,UAE,11,817,ricciardo,5,RIC,toro_rosso,9,16,54,106042.0,,2.0,45140.0,22570.0,19.0,14,32.0,8,10,101111.0,3.0,5.554,299.916,0,155.0,313.0
2013,897,24,yas_marina,UAE,11,818,vergne,5,VER,toro_rosso,13,17,54,104517.0,,2.0,45538.0,22769.0,13.0,15,32.0,8,14,,3.0,5.554,299.916,0,130.0,314.0
2013,897,24,yas_marina,UAE,11,819,pic,207,PIC,caterham,19,19,54,106432.0,,2.0,46503.0,23251.5,0.0,20,0.0,11,21,,3.0,5.554,299.916,0,0.0,0.0
2013,897,24,yas_marina,UAE,12,820,chilton,206,CHI,marussia,20,21,53,107707.0,,2.0,46292.0,23146.0,0.0,22,0.0,10,22,,3.0,5.554,294.362,0,0.0,0.0
2013,897,24,yas_marina,UAE,1,821,gutierrez,15,GUT,sauber,16,13,55,105974.0,5990401.0,2.0,44755.0,22377.5,6.0,16,45.0,7,17,,3.0,5.554,305.47,0,18.0,370.0
2013,897,24,yas_marina,UAE,11,822,bottas,3,BOT,williams,15,15,54,104351.0,,2.0,50041.0,25020.5,0.0,18,1.0,9,16,,3.0,5.554,299.916,0,0.0,10.0
2013,897,24,yas_marina,UAE,11,823,garde,207,VDG,caterham,18,18,54,106592.0,,2.0,45120.0,22560.0,0.0,21,0.0,11,19,,3.0,5.554,299.916,0,0.0,0.0
2013,897,24,yas_marina,UAE,12,824,jules_bianchi,206,BIA,marussia,21,20,53,107619.0,,2.0,47640.0,23820.0,0.0,19,0.0,10,20,,3.0,5.554,294.362,0,0.0,0.0
2013,898,69,americas,USA,1,1,hamilton,131,HAM,mercedes,5,4,56,100818.0,5984506.0,1.0,23904.0,23904.0,187.0,3,348.0,2,5,97345.0,161.0,5.513,308.728,0,1507.0,3049.0
2013,898,69,americas,USA,1,3,rosberg,131,ROS,mercedes,12,9,56,101133.0,6016289.0,1.0,23806.0,23806.0,161.0,6,348.0,2,14,,161.0,5.513,308.728,0,1196.0,3130.0
2013,898,69,americas,USA,1,4,alonso,6,ALO,ferrari,6,5,56,101186.0,5986740.0,1.0,23817.0,23817.0,227.0,2,333.0,3,6,97376.0,161.0,5.513,308.728,0,1816.0,3033.0
2013,898,69,americas,USA,1,5,kovalainen,208,KOV,lotus_f1,8,15,56,101028.0,6052211.0,2.0,61656.0,30828.0,0.0,23,315.0,4,8,97715.0,161.0,5.513,308.728,0,0.0,2691.0
2013,898,69,americas,USA,1,13,massa,6,MAS,ferrari,13,13,56,101209.0,6044062.0,2.0,48052.0,24026.0,106.0,8,333.0,3,15,,161.0,5.513,308.728,0,844.0,3092.0
2013,898,69,americas,USA,3,16,sutil,10,SUT,force_india,16,0,0,,,0.0,0.0,0.0,29.0,13,77.0,6,17,,161.0,5.513,0.0,0,260.0,677.0
2013,898,69,americas,USA,1,17,webber,9,WEB,red_bull,2,3,56,100591.0,5965544.0,1.0,23537.0,23537.0,181.0,5,553.0,1,2,96441.0,161.0,5.513,308.728,0,1346.0,4590.0
2013,898,69,americas,USA,1,18,button,1,BUT,mclaren,15,10,56,101285.0,6034426.0,1.0,24589.0,24589.0,61.0,9,102.0,5,13,,161.0,5.513,308.728,0,520.0,882.0
2013,898,69,americas,USA,1,20,vettel,9,VET,red_bull,1,1,56,99856.0,5957148.0,1.0,24086.0,24086.0,372.0,1,553.0,1,1,96338.0,161.0,5.513,308.728,0,2605.0,4766.0
2013,898,69,americas,USA,1,154,grosjean,208,GRO,lotus_f1,3,2,56,100445.0,5963432.0,1.0,23876.0,23876.0,132.0,7,315.0,4,3,97155.0,161.0,5.513,308.728,0,764.0,2800.0
2013,898,69,americas,USA,1,807,hulkenberg,15,HUL,sauber,4,6,56,100952.0,5987548.0,1.0,24030.0,24030.0,47.0,11,53.0,7,4,97296.0,161.0,5.513,308.728,0,252.0,404.0
2013,898,69,americas,USA,11,813,maldonado,3,MAL,williams,17,17,55,103058.0,,1.0,32794.0,32794.0,1.0,18,5.0,9,18,,161.0,5.513,303.215,0,9.0,14.0
2013,898,69,americas,USA,1,814,resta,10,DIR,force_india,11,16,56,101148.0,6054001.0,2.0,49358.0,24679.0,48.0,10,77.0,6,12,,161.0,5.513,308.728,0,388.0,692.0
2013,898,69,americas,USA,1,815,perez,1,PER,mclaren,7,7,56,101830.0,6003840.0,1.0,23808.0,23808.0,41.0,12,102.0,5,7,97452.0,161.0,5.513,308.728,0,247.0,908.0
2013,898,69,americas,USA,1,817,ricciardo,5,RIC,toro_rosso,10,11,56,102119.0,6038152.0,1.0,24226.0,24226.0,19.0,14,32.0,8,11,,161.0,5.513,308.728,0,163.0,315.0
2013,898,69,americas,USA,1,818,vergne,5,VER,toro_rosso,14,12,56,101320.0,6041722.0,1.0,24381.0,24381.0,13.0,15,32.0,8,16,,161.0,5.513,308.728,0,130.0,316.0
2013,898,69,americas,USA,11,819,pic,207,PIC,caterham,22,20,55,103968.0,,2.0,46260.0,23130.0,0.0,20,0.0,11,21,,161.0,5.513,303.215,0,0.0,0.0
2013,898,69,americas,USA,12,820,chilton,206,CHI,marussia,21,21,54,103775.0,,2.0,43030.0,21515.0,0.0,22,0.0,10,22,,161.0,5.513,297.702,0,0.0,0.0
2013,898,69,americas,USA,1,821,gutierrez,15,GUT,sauber,20,14,56,101401.0,6048855.0,2.0,49886.0,24943.0,6.0,16,53.0,7,10,98034.0,161.0,5.513,308.728,0,24.0,438.0
2013,898,69,americas,USA,1,822,bottas,3,BOT,williams,9,8,56,100492.0,6011657.0,1.0,25014.0,25014.0,4.0,17,5.0,9,9,97836.0,161.0,5.513,308.728,0,4.0,18.0
2013,898,69,americas,USA,11,823,garde,207,VDG,caterham,18,19,55,103933.0,,1.0,25268.0,25268.0,0.0,21,0.0,11,19,,161.0,5.513,303.215,0,0.0,0.0
2013,898,69,americas,USA,11,824,jules_bianchi,206,BIA,marussia,19,18,55,103419.0,,1.0,26205.0,26205.0,0.0,19,0.0,10,20,,161.0,5.513,303.215,0,0.0,0.0
2013,899,18,interlagos,Brazil,1,1,hamilton,131,HAM,mercedes,5,9,71,76692.0,5629203.0,3.0,64463.0,21487.666666666668,189.0,4,360.0,2,5,87677.0,785.0,4.309,305.939,0,1597.0,3207.0
2013,899,18,interlagos,Brazil,1,3,rosberg,131,ROS,mercedes,2,5,71,76442.0,5595348.0,2.0,46081.0,23040.5,171.0,6,360.0,2,2,87102.0,785.0,4.309,305.939,0,1283.0,3284.0
2013,899,18,interlagos,Brazil,1,4,alonso,6,ALO,ferrari,3,3,71,75496.0,5575213.0,2.0,45487.0,22743.5,242.0,2,354.0,3,3,87539.0,785.0,4.309,305.939,0,1935.0,3162.0
2013,899,18,interlagos,Brazil,11,5,kovalainen,208,KOV,lotus_f1,11,14,70,77249.0,,2.0,45665.0,22832.5,0.0,22,315.0,4,11,,785.0,4.309,301.63,0,0.0,2876.0
2013,899,18,interlagos,Brazil,1,13,massa,6,MAS,ferrari,9,7,71,76470.0,5605410.0,3.0,62364.0,20788.0,112.0,8,354.0,3,9,88109.0,785.0,4.309,305.939,0,899.0,3232.0
2013,899,18,interlagos,Brazil,11,16,sutil,10,SUT,force_india,15,13,70,76049.0,,3.0,70143.0,23381.0,29.0,13,77.0,6,16,,785.0,4.309,301.63,0,266.0,707.0
2013,899,18,interlagos,Brazil,1,17,webber,9,WEB,red_bull,4,2,71,75436.0,5566752.0,2.0,51730.0,25865.0,199.0,3,596.0,1,4,87572.0,785.0,4.309,305.939,0,1452.0,4960.0
2013,899,18,interlagos,Brazil,1,18,button,1,BUT,mclaren,14,4,71,76450.0,5593660.0,2.0,46534.0,23267.0,73.0,9,122.0,5,15,,785.0,4.309,305.939,0,560.0,949.0
2013,899,18,interlagos,Brazil,1,20,vettel,9,VET,red_bull,1,1,71,75624.0,5556300.0,2.0,55409.0,27704.5,397.0,1,596.0,1,1,86479.0,785.0,4.309,305.939,0,2845.0,5154.0
2013,899,18,interlagos,Brazil,5,154,grosjean,208,GRO,lotus_f1,6,0,2,80898.0,,0.0,0.0,0.0,132.0,7,315.0,4,6,87737.0,785.0,4.309,8.618,0,855.0,2952.0
2013,899,18,interlagos,Brazil,1,807,hulkenberg,15,HUL,sauber,10,8,71,76802.0,5620552.0,2.0,47124.0,23562.0,51.0,10,57.0,7,10,89582.0,785.0,4.309,305.939,0,296.0,464.0
2013,899,18,interlagos,Brazil,11,813,maldonado,3,MAL,williams,16,16,70,77554.0,,2.0,50334.0,25167.0,1.0,18,5.0,9,17,,785.0,4.309,301.63,0,10.0,22.0
2013,899,18,interlagos,Brazil,11,814,resta,10,DIR,force_india,12,11,70,76855.0,,2.0,46567.0,23283.5,48.0,12,77.0,6,12,,785.0,4.309,301.63,0,400.0,722.0
2013,899,18,interlagos,Brazil,1,815,perez,1,PER,mclaren,19,6,71,76246.0,5600351.0,2.0,44988.0,22494.0,49.0,11,122.0,5,14,,785.0,4.309,305.939,0,280.0,990.0
2013,899,18,interlagos,Brazil,11,817,ricciardo,5,RIC,toro_rosso,7,10,70,76974.0,,2.0,46061.0,23030.5,20.0,14,33.0,8,7,88052.0,785.0,4.309,301.63,0,172.0,318.0
2013,899,18,interlagos,Brazil,11,818,vergne,5,VER,toro_rosso,8,15,70,76790.0,,3.0,71089.0,23696.333333333332,13.0,15,33.0,8,8,88081.0,785.0,4.309,301.63,0,130.0,320.0
2013,899,18,interlagos,Brazil,26,819,pic,207,PIC,caterham,18,0,58,78434.0,,1.0,24099.0,24099.0,0.0,20,0.0,11,19,,785.0,4.309,249.922,0,0.0,0.0
2013,899,18,interlagos,Brazil,12,820,chilton,206,CHI,marussia,22,19,69,77281.0,,3.0,71731.0,23910.333333333332,0.0,23,0.0,10,22,,785.0,4.309,297.321,0,0.0,0.0
2013,899,18,interlagos,Brazil,11,821,gutierrez,15,GUT,sauber,17,12,70,76528.0,,2.0,46995.0,23497.5,6.0,16,57.0,7,18,,785.0,4.309,301.63,0,30.0,490.0
2013,899,18,interlagos,Brazil,3,822,bottas,3,BOT,williams,13,0,45,76840.0,,2.0,47861.0,23930.5,4.0,17,5.0,9,13,,785.0,4.309,193.905,0,8.0,26.0
2013,899,18,interlagos,Brazil,12,823,garde,207,VDG,caterham,20,18,69,77590.0,,3.0,68178.0,22726.0,0.0,21,0.0,11,20,,785.0,4.309,297.321,0,0.0,0.0
2013,899,18,interlagos,Brazil,12,824,jules_bianchi,206,BIA,marussia,21,17,69,77717.0,,2.0,48060.0,24030.0,0.0,19,0.0,10,21,,785.0,4.309,297.321,0,0.0,0.0
2014,900,1,albert_park,Australia,5,1,hamilton,131,HAM,mercedes,1,0,2,109947.0,,0.0,0.0,0.0,0.0,19,25.0,2,1,104231.0,10.0,5.303,10.606,0,1473.0,3022.0
2014,900,1,albert_park,Australia,1,3,rosberg,131,ROS,mercedes,3,1,57,92478.0,5578710.0,2.0,48004.0,24002.0,25.0,1,25.0,2,3,104595.0,10.0,5.303,302.271,0,1224.0,2760.0
2014,900,1,albert_park,Australia,1,4,alonso,6,ALO,ferrari,5,4,57,93186.0,5613994.0,2.0,44865.0,22432.5,12.0,4,18.0,3,5,105819.0,10.0,5.303,302.271,0,1814.0,2953.0
2014,900,1,albert_park,Australia,1,8,raikkonen,6,RAI,ferrari,11,7,57,93210.0,5636385.0,2.0,47368.0,23684.0,6.0,7,18.0,3,12,,10.0,5.303,302.271,0,1383.0,2674.0
2014,900,1,albert_park,Australia,4,13,massa,3,MAS,williams,9,0,0,100287.0,,0.0,0.0,0.0,0.0,20,10.0,4,9,108079.0,10.0,5.303,0.0,0,838.0,35.0
2014,900,1,albert_park,Australia,11,16,sutil,15,SUT,sauber,13,11,56,93366.0,,1.0,24305.0,24305.0,0.0,11,0.0,7,14,,10.0,5.303,296.968,0,243.0,445.0
2014,900,1,albert_park,Australia,1,18,button,1,BUT,mclaren,10,3,57,92917.0,5608737.0,2.0,44810.0,22405.0,15.0,3,33.0,1,11,,10.0,5.303,302.271,0,536.0,940.0
2014,900,1,albert_park,Australia,5,20,vettel,9,VET,red_bull,12,0,3,97064.0,,0.0,0.0,0.0,0.0,18,0.0,11,13,,10.0,5.303,15.908999999999999,0,2673.0,4709.0
2014,900,1,albert_park,Australia,132,154,grosjean,208,GRO,lotus_f1,22,0,43,95281.0,,2.0,39519.0,19759.5,0.0,15,0.0,9,21,,10.0,5.303,228.029,0,806.0,2688.0
2014,900,1,albert_park,Australia,4,155,kobayashi,207,KOB,caterham,14,0,0,,,0.0,0.0,0.0,0.0,21,0.0,10,15,,10.0,5.303,0.0,0,429.0,0.0
2014,900,1,albert_park,Australia,1,807,hulkenberg,10,HUL,force_india,7,6,57,92568.0,5629428.0,2.0,45548.0,22774.0,8.0,6,9.0,5,7,106030.0,10.0,5.303,302.271,0,297.0,669.0
2014,900,1,albert_park,Australia,132,813,maldonado,208,MAL,lotus_f1,21,0,29,94766.0,,1.0,22847.0,22847.0,0.0,16,0.0,9,22,,10.0,5.303,153.787,0,9.0,2424.0
2014,900,1,albert_park,Australia,1,815,perez,10,PER,force_india,16,10,57,92634.0,5664626.0,3.0,70564.0,23521.333333333332,1.0,10,9.0,5,16,,10.0,5.303,302.271,0,263.0,616.0
2014,900,1,albert_park,Australia,2,817,ricciardo,9,RIC,red_bull,2,0,57,,5603235.0,2.0,45421.0,22710.5,0.0,22,0.0,11,2,104548.0,10.0,5.303,302.271,0,161.0,4264.0
2014,900,1,albert_park,Australia,1,818,vergne,5,VER,toro_rosso,6,8,57,93691.0,5639151.0,2.0,46102.0,23051.0,4.0,8,6.0,6,6,105864.0,10.0,5.303,302.271,0,121.0,295.0
2014,900,1,albert_park,Australia,12,820,chilton,206,CHI,marussia,17,13,55,94202.0,,2.0,47702.0,23851.0,0.0,13,0.0,8,17,,10.0,5.303,291.665,0,0.0,0.0
2014,900,1,albert_park,Australia,11,821,gutierrez,15,GUT,sauber,20,12,56,94564.0,,2.0,56454.0,28227.0,0.0,12,0.0,7,19,,10.0,5.303,296.968,0,30.0,400.0
2014,900,1,albert_park,Australia,1,822,bottas,3,BOT,williams,15,5,57,92616.0,5626349.0,2.0,58038.0,29019.0,10.0,5,10.0,4,10,108147.0,10.0,5.303,302.271,0,18.0,44.0
2014,900,1,albert_park,Australia,18,824,jules_bianchi,206,BIA,marussia,18,0,49,95635.0,,2.0,46477.0,23238.5,0.0,14,0.0,8,18,,10.0,5.303,259.847,0,0.0,0.0
2014,900,1,albert_park,Australia,1,825,kevin_magnussen,1,MAG,mclaren,4,2,57,93066.0,5605487.0,2.0,45423.0,22711.5,18.0,2,33.0,1,4,105745.0,10.0,5.303,302.271,0,18.0,890.0
2014,900,1,albert_park,Australia,1,826,kvyat,5,KVY,toro_rosso,8,9,57,93864.0,5642295.0,2.0,54434.0,27217.0,2.0,9,6.0,6,8,107368.0,10.0,5.303,302.271,0,2.0,270.0
2014,900,1,albert_park,Australia,51,828,ericsson,207,ERI,caterham,19,0,27,97332.0,,1.0,23238.0,23238.0,0.0,17,0.0,10,20,,10.0,5.303,143.181,0,0.0,0.0
2014,901,2,sepang,Malaysia,1,1,hamilton,131,HAM,mercedes,1,1,56,103066.0,6025974.0,3.0,74384.0,24794.666666666668,25.0,2,68.0,1,1,119431.0,18.0,5.543,310.408,0,1359.0,2515.0
2014,901,2,sepang,Malaysia,1,3,rosberg,131,ROS,mercedes,3,2,56,103960.0,6043287.0,3.0,74664.0,24888.0,43.0,1,68.0,1,3,120050.0,18.0,5.543,310.408,0,1171.0,2270.0
2014,901,2,sepang,Malaysia,1,4,alonso,6,ALO,ferrari,4,4,56,104165.0,6061966.0,3.0,73329.0,24443.0,24.0,3,30.0,3,4,120175.0,18.0,5.543,310.408,0,1687.0,2395.0
2014,901,2,sepang,Malaysia,11,8,raikkonen,6,RAI,ferrari,6,12,55,105129.0,,3.0,75062.0,25020.666666666668,6.0,9,30.0,3,6,121218.0,18.0,5.543,304.865,0,1273.0,2116.0
2014,901,2,sepang,Malaysia,1,13,massa,3,MAS,williams,13,7,56,104897.0,6111050.0,3.0,73740.0,24580.0,6.0,10,20.0,4,13,,18.0,5.543,310.408,0,777.0,63.0
2014,901,2,sepang,Malaysia,10,16,sutil,15,SUT,sauber,17,0,32,108040.0,,2.0,51491.0,25745.5,0.0,15,0.0,8,18,,18.0,5.543,177.376,0,218.0,355.0
2014,901,2,sepang,Malaysia,1,18,button,1,BUT,mclaren,10,6,56,106039.0,6109665.0,3.0,74393.0,24797.666666666668,23.0,4,43.0,2,10,124053.0,18.0,5.543,310.408,0,512.0,840.0
2014,901,2,sepang,Malaysia,1,20,vettel,9,VET,red_bull,2,3,56,104289.0,6050508.0,3.0,74346.0,24782.0,15.0,7,15.0,6,2,119486.0,18.0,5.543,310.408,0,2491.0,3809.0
2014,901,2,sepang,Malaysia,11,154,grosjean,208,GRO,lotus_f1,15,11,55,106224.0,,3.0,76377.0,25459.0,0.0,14,0.0,9,16,,18.0,5.543,304.865,0,753.0,2139.0
2014,901,2,sepang,Malaysia,11,155,kobayashi,207,KOB,caterham,20,13,55,107753.0,,2.0,53629.0,26814.5,0.0,18,0.0,10,20,,18.0,5.543,304.865,0,396.0,0.0
2014,901,2,sepang,Malaysia,1,807,hulkenberg,10,HUL,force_india,7,5,56,105982.0,6073173.0,2.0,50223.0,25111.5,18.0,6,19.0,5,7,121712.0,18.0,5.543,310.408,0,308.0,567.0
2014,901,2,sepang,Malaysia,5,813,maldonado,208,MAL,lotus_f1,16,0,7,110929.0,,0.0,0.0,0.0,0.0,21,0.0,9,17,,18.0,5.543,38.801,0,8.0,1854.0
2014,901,2,sepang,Malaysia,54,815,perez,10,PER,force_india,14,0,0,,,0.0,0.0,0.0,1.0,13,19.0,5,14,,18.0,5.543,0.0,0,246.0,518.0
2014,901,2,sepang,Malaysia,39,817,ricciardo,9,RIC,red_bull,5,0,49,104675.0,,5.0,227990.0,45598.0,0.0,22,15.0,6,5,120541.0,18.0,5.543,271.607,0,149.0,3354.0
2014,901,2,sepang,Malaysia,131,818,vergne,5,VER,toro_rosso,9,0,18,108527.0,,2.0,72227.0,36113.5,4.0,11,7.0,7,9,123078.0,18.0,5.543,99.774,0,112.0,245.0
2014,901,2,sepang,Malaysia,12,820,chilton,206,CHI,marussia,21,15,54,108249.0,,3.0,82677.0,27559.0,0.0,17,0.0,11,21,,18.0,5.543,299.322,0,0.0,0.0
2014,901,2,sepang,Malaysia,6,821,gutierrez,15,GUT,sauber,12,0,35,107782.0,,2.0,55745.0,27872.5,0.0,16,0.0,8,12,,18.0,5.543,194.005,0,30.0,310.0
2014,901,2,sepang,Malaysia,1,822,bottas,3,BOT,williams,18,8,56,105475.0,6111511.0,3.0,74482.0,24827.333333333332,14.0,8,20.0,4,15,,18.0,5.543,310.408,0,32.0,82.0
2014,901,2,sepang,Malaysia,23,824,jules_bianchi,206,BIA,marussia,19,0,8,111473.0,,1.0,52836.0,52836.0,0.0,20,0.0,11,19,,18.0,5.543,44.344,0,0.0,0.0
2014,901,2,sepang,Malaysia,11,825,kevin_magnussen,1,MAG,mclaren,8,9,55,105373.0,,3.0,92192.0,30730.666666666668,20.0,5,43.0,2,8,122213.0,18.0,5.543,304.865,0,38.0,790.0
2014,901,2,sepang,Malaysia,11,826,kvyat,5,KVY,toro_rosso,11,10,55,106695.0,,3.0,77871.0,25957.0,3.0,12,7.0,7,11,,18.0,5.543,304.865,0,5.0,220.0
2014,901,2,sepang,Malaysia,12,828,ericsson,207,ERI,caterham,22,14,54,107500.0,,3.0,82585.0,27528.333333333332,0.0,19,0.0,10,22,,18.0,5.543,299.322,0,0.0,0.0
2014,902,3,bahrain,Bahrain,1,1,hamilton,131,HAM,mercedes,2,1,57,97108.0,5982743.0,2.0,49833.0,24916.5,50.0,2,111.0,1,2,93464.0,7.0,5.412,308.484,0,1268.0,2047.0
2014,902,3,bahrain,Bahrain,1,3,rosberg,131,ROS,mercedes,1,2,57,97020.0,5983828.0,2.0,49758.0,24879.0,61.0,1,111.0,1,1,93185.0,7.0,5.412,308.484,0,1128.0,1824.0
2014,902,3,bahrain,Bahrain,1,4,alonso,6,ALO,ferrari,9,9,57,99732.0,6015338.0,3.0,74839.0,24946.333333333332,26.0,4,33.0,5,10,94992.0,7.0,5.412,308.484,0,1544.0,1826.0
2014,902,3,bahrain,Bahrain,1,8,raikkonen,6,RAI,ferrari,5,10,57,99438.0,6016205.0,3.0,74877.0,24959.0,7.0,12,33.0,5,6,94368.0,7.0,5.412,308.484,0,1146.0,1536.0
2014,902,3,bahrain,Bahrain,1,13,massa,3,MAS,williams,7,7,57,99272.0,6014008.0,3.0,74999.0,24999.666666666668,12.0,11,30.0,6,8,94511.0,7.0,5.412,308.484,0,710.0,111.0
2014,902,3,bahrain,Bahrain,4,16,sutil,15,SUT,sauber,22,0,17,101791.0,,2.0,66040.0,33020.0,0.0,16,0.0,9,18,,7.0,5.412,92.004,0,193.0,265.0
2014,902,3,bahrain,Bahrain,8,18,button,1,BUT,mclaren,6,17,55,99565.0,,2.0,49721.0,24860.5,23.0,5,43.0,3,7,94387.0,7.0,5.412,297.65999999999997,0,487.0,738.0
2014,902,3,bahrain,Bahrain,1,20,vettel,9,VET,red_bull,10,6,57,99312.0,6012622.0,2.0,51150.0,25575.0,23.0,6,35.0,4,11,,7.0,5.412,308.484,0,2292.0,2876.0
2014,902,3,bahrain,Bahrain,1,154,grosjean,208,GRO,lotus_f1,16,12,57,99443.0,6025886.0,3.0,75917.0,25305.666666666668,0.0,15,0.0,8,16,,7.0,5.412,308.484,0,696.0,1557.0
2014,902,3,bahrain,Bahrain,1,155,kobayashi,207,KOB,caterham,18,15,57,101246.0,6070643.0,2.0,53752.0,26876.0,0.0,19,0.0,11,19,,7.0,5.412,308.484,0,361.0,0.0
2014,902,3,bahrain,Bahrain,1,807,hulkenberg,10,HUL,force_india,11,5,57,98785.0,6011397.0,2.0,49197.0,24598.5,28.0,3,44.0,2,12,,7.0,5.412,308.484,0,319.0,485.0
2014,902,3,bahrain,Bahrain,1,813,maldonado,208,MAL,lotus_f1,17,14,57,99666.0,6045546.0,4.0,118958.0,29739.5,0.0,20,0.0,8,17,,7.0,5.412,308.484,0,7.0,1260.0
2014,902,3,bahrain,Bahrain,1,815,perez,10,PER,force_india,4,3,57,99320.0,6006810.0,2.0,49434.0,24717.0,16.0,9,44.0,2,5,94346.0,7.0,5.412,308.484,0,244.0,452.0
2014,902,3,bahrain,Bahrain,1,817,ricciardo,9,RIC,red_bull,13,4,57,99269.0,6007232.0,2.0,49522.0,24761.0,12.0,10,35.0,4,3,94051.0,7.0,5.412,308.484,0,143.0,2398.0
2014,902,3,bahrain,Bahrain,31,818,vergne,5,VER,toro_rosso,14,0,18,101650.0,,2.0,59792.0,29896.0,4.0,13,7.0,7,14,,7.0,5.412,97.416,0,103.0,195.0
2014,902,3,bahrain,Bahrain,1,820,chilton,206,CHI,marussia,21,13,57,101825.0,6042652.0,3.0,79072.0,26357.333333333332,0.0,18,0.0,10,22,,7.0,5.412,308.484,0,0.0,0.0
2014,902,3,bahrain,Bahrain,4,821,gutierrez,15,GUT,sauber,15,0,39,100698.0,,2.0,51176.0,25588.0,0.0,17,0.0,9,15,,7.0,5.412,211.06799999999998,0,30.0,220.0
2014,902,3,bahrain,Bahrain,1,822,bottas,3,BOT,williams,3,8,57,99762.0,6014619.0,3.0,76088.0,25362.666666666668,18.0,8,30.0,6,4,94247.0,7.0,5.412,308.484,0,50.0,140.0
2014,902,3,bahrain,Bahrain,11,824,jules_bianchi,206,BIA,marussia,19,16,56,102175.0,,5.0,125723.0,25144.6,0.0,22,0.0,10,20,,7.0,5.412,303.072,0,0.0,0.0
2014,902,3,bahrain,Bahrain,8,825,kevin_magnussen,1,MAG,mclaren,8,0,40,100108.0,,3.0,74742.0,24914.0,20.0,7,43.0,3,9,94712.0,7.0,5.412,216.48,0,58.0,686.0
2014,902,3,bahrain,Bahrain,1,826,kvyat,5,KVY,toro_rosso,12,11,57,100160.0,6024085.0,3.0,76749.0,25583.0,3.0,14,7.0,7,13,,7.0,5.412,308.484,0,8.0,170.0
2014,902,3,bahrain,Bahrain,31,828,ericsson,207,ERI,caterham,20,0,33,101134.0,,2.0,51186.0,25593.0,0.0,21,0.0,11,21,,7.0,5.412,178.596,0,0.0,0.0
2014,903,17,shanghai,China,1,1,hamilton,131,HAM,mercedes,1,1,54,101196.0,5608338.0,2.0,46967.0,23483.5,75.0,2,154.0,1,1,113860.0,5.0,5.451,294.354,0,1192.0,1630.0
2014,903,17,shanghai,China,1,3,rosberg,131,ROS,mercedes,4,2,54,100402.0,5626400.0,2.0,46366.0,23183.0,79.0,1,154.0,1,4,115143.0,5.0,5.451,294.354,0,1091.0,1436.0
2014,903,17,shanghai,China,1,4,alonso,6,ALO,ferrari,5,3,54,102081.0,5631942.0,2.0,45723.0,22861.5,41.0,3,52.0,4,5,115637.0,5.0,5.451,294.354,0,1398.0,1255.0
2014,903,17,shanghai,China,1,8,raikkonen,6,RAI,ferrari,11,8,54,102300.0,5684673.0,2.0,46285.0,23142.5,11.0,12,52.0,4,11,,5.0,5.451,294.354,0,1023.0,974.0
2014,903,17,shanghai,China,11,13,massa,3,MAS,williams,6,15,53,102379.0,,2.0,102107.0,51053.5,12.0,11,36.0,6,6,116147.0,5.0,5.451,288.90299999999996,0,635.0,171.0
2014,903,17,shanghai,China,5,16,sutil,15,SUT,sauber,14,0,5,118376.0,,0.0,0.0,0.0,0.0,16,0.0,9,14,,5.0,5.451,27.255,0,167.0,167.0
2014,903,17,shanghai,China,11,18,button,1,BUT,mclaren,12,11,53,103375.0,,2.0,44956.0,22478.0,23.0,8,43.0,5,12,,5.0,5.451,288.90299999999996,0,456.0,627.0
2014,903,17,shanghai,China,1,20,vettel,9,VET,red_bull,3,5,54,102169.0,5656116.0,2.0,44816.0,22408.0,33.0,5,57.0,2,3,114960.0,5.0,5.451,294.354,0,2078.0,1902.0
2014,903,17,shanghai,China,6,154,grosjean,208,GRO,lotus_f1,10,0,28,104366.0,,1.0,23213.0,23213.0,0.0,15,0.0,8,10,117079.0,5.0,5.451,152.628,0,639.0,945.0
2014,903,17,shanghai,China,11,155,kobayashi,207,KOB,caterham,18,18,53,103323.0,,3.0,75007.0,25002.333333333332,0.0,19,0.0,11,18,,5.0,5.451,288.90299999999996,0,326.0,0.0
2014,903,17,shanghai,China,1,807,hulkenberg,10,HUL,force_india,8,6,54,102624.0,5662633.0,2.0,46202.0,23101.0,36.0,4,54.0,3,8,116366.0,5.0,5.451,294.354,0,336.0,429.0
2014,903,17,shanghai,China,11,813,maldonado,208,MAL,lotus_f1,22,14,53,103067.0,,2.0,47032.0,23516.0,0.0,20,0.0,8,22,,5.0,5.451,288.90299999999996,0,6.0,630.0
2014,903,17,shanghai,China,1,815,perez,10,PER,force_india,16,9,54,102228.0,5690985.0,2.0,46550.0,23275.0,18.0,10,54.0,3,16,,5.0,5.451,294.354,0,240.0,406.0
2014,903,17,shanghai,China,1,817,ricciardo,9,RIC,red_bull,2,4,54,101473.0,5635474.0,2.0,45684.0,22842.0,24.0,6,57.0,2,2,114455.0,5.0,5.451,294.354,0,149.0,1406.0
2014,903,17,shanghai,China,11,818,vergne,5,VER,toro_rosso,9,12,53,102896.0,,2.0,48536.0,24268.0,4.0,13,8.0,7,9,116773.0,5.0,5.451,288.90299999999996,0,94.0,146.0
2014,903,17,shanghai,China,12,820,chilton,206,CHI,marussia,21,19,52,102875.0,,3.0,71545.0,23848.333333333332,0.0,18,0.0,10,21,,5.0,5.451,283.452,0,0.0,0.0
2014,903,17,shanghai,China,11,821,gutierrez,15,GUT,sauber,17,16,53,102257.0,,3.0,68974.0,22991.333333333332,0.0,17,0.0,9,17,,5.0,5.451,288.90299999999996,0,30.0,114.0
2014,903,17,shanghai,China,1,822,bottas,3,BOT,williams,7,7,54,102660.0,5664035.0,2.0,48419.0,24209.5,24.0,7,36.0,6,7,116282.0,5.0,5.451,294.354,0,74.0,202.0
2014,903,17,shanghai,China,11,824,jules_bianchi,206,BIA,marussia,19,17,53,104825.0,,2.0,49104.0,24552.0,0.0,22,0.0,10,19,,5.0,5.451,288.90299999999996,0,0.0,0.0
2014,903,17,shanghai,China,11,825,kevin_magnussen,1,MAG,mclaren,15,13,53,102701.0,,2.0,46249.0,23124.5,20.0,9,43.0,5,15,,5.0,5.451,288.90299999999996,0,78.0,568.0
2014,903,17,shanghai,China,11,826,kvyat,5,KVY,toro_rosso,13,10,53,103337.0,,2.0,47149.0,23574.5,4.0,14,8.0,7,13,,5.0,5.451,288.90299999999996,0,12.0,122.0
2014,903,17,shanghai,China,12,828,ericsson,207,ERI,caterham,20,20,52,103620.0,,3.0,71376.0,23792.0,0.0,21,0.0,11,20,,5.0,5.451,283.452,0,0.0,0.0
2014,904,4,catalunya,Spain,1,1,hamilton,131,HAM,mercedes,1,1,66,89483.0,6065155.0,2.0,46541.0,23270.5,100.0,1,197.0,1,1,85232.0,109.0,4.657,307.362,0,1131.0,1273.0
2014,904,4,catalunya,Spain,1,3,rosberg,131,ROS,mercedes,2,2,66,89236.0,6065791.0,2.0,44563.0,22281.5,97.0,2,197.0,1,2,85400.0,109.0,4.657,307.362,0,1066.0,1110.0
2014,904,4,catalunya,Spain,1,4,alonso,6,ALO,ferrari,7,6,66,89898.0,6152898.0,3.0,65648.0,21882.666666666668,49.0,3,66.0,3,7,87140.0,109.0,4.657,307.362,0,1252.0,686.0
2014,904,4,catalunya,Spain,11,8,raikkonen,6,RAI,ferrari,6,7,65,90580.0,,2.0,44783.0,22391.5,17.0,11,66.0,3,6,87104.0,109.0,4.657,302.705,0,906.0,398.0
2014,904,4,catalunya,Spain,11,13,massa,3,MAS,williams,9,13,65,90468.0,,3.0,67575.0,22525.0,12.0,12,46.0,5,9,87402.0,109.0,4.657,302.705,0,558.0,243.0
2014,904,4,catalunya,Spain,11,16,sutil,15,SUT,sauber,16,17,65,91473.0,,2.0,51391.0,25695.5,0.0,16,0.0,9,17,,109.0,4.657,302.705,0,141.0,57.0
2014,904,4,catalunya,Spain,11,18,button,1,BUT,mclaren,8,11,65,90563.0,,2.0,46218.0,23109.0,23.0,8,43.0,6,8,87335.0,109.0,4.657,302.705,0,421.0,489.0
2014,904,4,catalunya,Spain,1,20,vettel,9,VET,red_bull,15,4,66,88918.0,6141857.0,3.0,65181.0,21727.0,45.0,4,84.0,2,10,,109.0,4.657,307.362,0,1851.0,894.0
2014,904,4,catalunya,Spain,11,154,grosjean,208,GRO,lotus_f1,5,8,65,91068.0,,2.0,44204.0,22102.0,4.0,13,4.0,8,5,86960.0,109.0,4.657,302.705,0,571.0,319.0
2014,904,4,catalunya,Spain,23,155,kobayashi,207,KOB,caterham,20,0,34,93064.0,,1.0,22789.0,22789.0,0.0,19,0.0,11,21,,109.0,4.657,158.338,0,276.0,0.0
2014,904,4,catalunya,Spain,11,807,hulkenberg,10,HUL,force_india,10,10,65,91411.0,,2.0,45079.0,22539.5,37.0,6,57.0,4,11,,109.0,4.657,302.705,0,342.0,386.0
2014,904,4,catalunya,Spain,11,813,maldonado,208,MAL,lotus_f1,22,15,65,91235.0,,2.0,49875.0,24937.5,0.0,20,4.0,8,22,,109.0,4.657,302.705,0,5.0,8.0
2014,904,4,catalunya,Spain,11,815,perez,10,PER,force_india,11,9,65,90756.0,,2.0,44649.0,22324.5,20.0,10,57.0,4,12,,109.0,4.657,302.705,0,237.0,366.0
2014,904,4,catalunya,Spain,1,817,ricciardo,9,RIC,red_bull,3,3,66,90012.0,6114169.0,2.0,43799.0,21899.5,39.0,5,84.0,2,3,86285.0,109.0,4.657,307.362,0,170.0,382.0
2014,904,4,catalunya,Spain,43,818,vergne,5,VER,toro_rosso,21,0,24,91781.0,,1.0,22976.0,22976.0,4.0,14,8.0,7,16,,109.0,4.657,111.768,0,85.0,97.0
2014,904,4,catalunya,Spain,12,820,chilton,206,CHI,marussia,17,19,64,91767.0,,3.0,71155.0,23718.333333333332,0.0,18,0.0,10,18,,109.0,4.657,298.048,0,0.0,0.0
2014,904,4,catalunya,Spain,11,821,gutierrez,15,GUT,sauber,13,16,65,90666.0,,3.0,70868.0,23622.666666666668,0.0,17,0.0,9,14,,109.0,4.657,302.705,0,30.0,0.0
2014,904,4,catalunya,Spain,1,822,bottas,3,BOT,williams,4,5,66,90424.0,6144448.0,2.0,45525.0,22762.5,34.0,7,46.0,5,4,86632.0,109.0,4.657,307.362,0,108.0,284.0
2014,904,4,catalunya,Spain,12,824,jules_bianchi,206,BIA,marussia,18,18,64,91784.0,,2.0,45496.0,22748.0,0.0,22,0.0,10,19,,109.0,4.657,298.048,0,0.0,0.0
2014,904,4,catalunya,Spain,11,825,kevin_magnussen,1,MAG,mclaren,14,12,65,90318.0,,2.0,43662.0,21831.0,20.0,9,43.0,6,15,,109.0,4.657,302.705,0,98.0,410.0
2014,904,4,catalunya,Spain,11,826,kvyat,5,KVY,toro_rosso,12,14,65,90269.0,,3.0,68528.0,22842.666666666668,4.0,15,8.0,7,13,,109.0,4.657,302.705,0,16.0,72.0
2014,904,4,catalunya,Spain,12,828,ericsson,207,ERI,caterham,19,20,64,93350.0,,2.0,49762.0,24881.0,0.0,21,0.0,11,20,,109.0,4.657,298.048,0,0.0,0.0
2014,905,6,monaco,Monaco,1,1,hamilton,131,HAM,mercedes,2,2,78,79361.0,6576871.0,1.0,27509.0,27509.0,118.0,2,240.0,1,2,76048.0,7.0,3.337,260.286,1,1088.0,1325.0
2014,905,6,monaco,Monaco,1,3,rosberg,131,ROS,mercedes,1,1,78,79425.0,6567661.0,1.0,24672.0,24672.0,122.0,1,240.0,1,1,75989.0,7.0,3.337,260.286,1,1062.0,1540.0
2014,905,6,monaco,Monaco,1,4,alonso,6,ALO,ferrari,5,4,78,79727.0,6600113.0,1.0,26499.0,26499.0,61.0,3,78.0,3,5,76686.0,7.0,3.337,260.286,1,1106.0,458.0
2014,905,6,monaco,Monaco,11,8,raikkonen,6,RAI,ferrari,6,12,77,78479.0,,3.0,82862.0,27620.666666666668,17.0,12,78.0,3,6,77389.0,7.0,3.337,256.949,1,774.0,518.0
2014,905,6,monaco,Monaco,11,13,massa,3,MAS,williams,16,7,77,80314.0,,1.0,24264.0,24264.0,18.0,11,52.0,6,16,,7.0,3.337,256.949,1,486.0,326.0
2014,905,6,monaco,Monaco,3,16,sutil,15,SUT,sauber,18,0,23,81761.0,,1.0,33207.0,33207.0,0.0,18,0.0,10,18,,7.0,3.337,76.751,1,115.0,0.0
2014,905,6,monaco,Monaco,11,18,button,1,BUT,mclaren,12,6,77,81047.0,,1.0,25992.0,25992.0,31.0,8,52.0,5,12,,7.0,3.337,256.949,1,392.0,429.0
2014,905,6,monaco,Monaco,101,20,vettel,9,VET,red_bull,4,0,5,119505.0,,1.0,66065.0,66065.0,45.0,6,99.0,2,4,76547.0,7.0,3.337,16.685000000000002,1,1599.0,481.0
2014,905,6,monaco,Monaco,11,154,grosjean,208,GRO,lotus_f1,14,8,77,80979.0,,2.0,51341.0,25670.5,8.0,13,8.0,7,14,,7.0,3.337,256.949,1,492.0,16.0
2014,905,6,monaco,Monaco,12,155,kobayashi,207,KOB,caterham,20,13,75,82425.0,,2.0,50537.0,25268.5,0.0,21,0.0,11,21,,7.0,3.337,250.275,1,226.0,0.0
2014,905,6,monaco,Monaco,11,807,hulkenberg,10,HUL,force_india,11,5,77,80767.0,,1.0,25714.0,25714.0,47.0,5,67.0,4,11,,7.0,3.337,256.949,1,350.0,424.0
2014,905,6,monaco,Monaco,54,813,maldonado,208,MAL,lotus_f1,15,0,0,,,0.0,0.0,0.0,0.0,22,8.0,7,15,,7.0,3.337,0.0,1,4.0,24.0
2014,905,6,monaco,Monaco,4,815,perez,10,PER,force_india,10,0,0,,,0.0,0.0,0.0,20.0,10,67.0,4,10,78327.0,7.0,3.337,0.0,1,234.0,482.0
2014,905,6,monaco,Monaco,1,817,ricciardo,9,RIC,red_bull,3,3,78,79252.0,6577275.0,1.0,26584.0,26584.0,54.0,4,99.0,2,3,76384.0,7.0,3.337,260.286,1,206.0,580.0
2014,905,6,monaco,Monaco,5,818,vergne,5,VER,toro_rosso,7,0,50,81083.0,,2.0,44829.0,22414.5,4.0,14,8.0,8,7,77540.0,7.0,3.337,166.85000000000002,1,76.0,74.0
2014,905,6,monaco,Monaco,13,820,chilton,206,CHI,marussia,19,14,75,80579.0,,3.0,96563.0,32187.666666666668,0.0,20,2.0,9,20,,7.0,3.337,250.275,1,0.0,2.0
2014,905,6,monaco,Monaco,3,821,gutierrez,15,GUT,sauber,17,0,59,81146.0,,1.0,25906.0,25906.0,0.0,19,0.0,10,17,,7.0,3.337,196.883,1,24.0,0.0
2014,905,6,monaco,Monaco,5,822,bottas,3,BOT,williams,13,0,55,81105.0,,1.0,25595.0,25595.0,34.0,7,52.0,6,13,,7.0,3.337,183.535,1,142.0,368.0
2014,905,6,monaco,Monaco,11,824,jules_bianchi,206,BIA,marussia,21,9,77,81254.0,,1.0,32658.0,32658.0,2.0,16,2.0,9,19,,7.0,3.337,256.949,1,2.0,4.0
2014,905,6,monaco,Monaco,11,825,kevin_magnussen,1,MAG,mclaren,8,10,77,80657.0,,1.0,28943.0,28943.0,21.0,9,52.0,5,8,77555.0,7.0,3.337,256.949,1,119.0,448.0
2014,905,6,monaco,Monaco,26,826,kvyat,5,KVY,toro_rosso,9,0,10,82011.0,,0.0,0.0,0.0,4.0,15,8.0,8,9,78090.0,7.0,3.337,33.370000000000005,1,20.0,76.0
2014,905,6,monaco,Monaco,11,828,ericsson,207,ERI,caterham,22,11,77,80911.0,,2.0,53676.0,26838.0,0.0,17,0.0,11,22,,7.0,3.337,256.949,1,0.0,0.0
2014,906,7,villeneuve,Canada,23,1,hamilton,131,HAM,mercedes,2,0,46,78942.0,,2.0,47971.0,23985.5,118.0,2,258.0,1,2,74953.0,13.0,4.361,200.606,0,1037.0,1730.0
2014,906,7,villeneuve,Canada,1,3,rosberg,131,ROS,mercedes,1,2,70,78881.0,5957066.0,2.0,48984.0,24492.0,140.0,1,258.0,1,1,74874.0,13.0,4.361,305.27,0,1058.0,1920.0
2014,906,7,villeneuve,Canada,1,4,alonso,6,ALO,ferrari,7,6,70,78614.0,5967699.0,2.0,47722.0,23861.0,69.0,4,87.0,3,7,75814.0,13.0,4.361,305.27,0,968.0,575.0
2014,906,7,villeneuve,Canada,1,8,raikkonen,6,RAI,ferrari,10,10,70,78529.0,6006508.0,2.0,48146.0,24073.0,18.0,12,87.0,3,10,76214.0,13.0,4.361,305.27,0,625.0,632.0
2014,906,7,villeneuve,Canada,4,13,massa,3,MAS,williams,5,12,69,78504.0,,2.0,51961.0,25980.5,18.0,11,58.0,6,5,75578.0,13.0,4.361,300.909,0,402.0,406.0
2014,906,7,villeneuve,Canada,11,16,sutil,15,SUT,sauber,16,13,69,80226.0,,2.0,47771.0,23885.5,0.0,17,0.0,10,16,,13.0,4.361,300.909,0,87.0,0.0
2014,906,7,villeneuve,Canada,1,18,button,1,BUT,mclaren,9,4,70,78759.0,5964585.0,2.0,48543.0,24271.5,43.0,7,66.0,5,9,76182.0,13.0,4.361,305.27,0,375.0,471.0
2014,906,7,villeneuve,Canada,1,20,vettel,9,VET,red_bull,3,3,70,79171.0,5958077.0,2.0,47244.0,23622.0,60.0,5,139.0,2,3,75548.0,13.0,4.361,305.27,0,1337.0,704.0
2014,906,7,villeneuve,Canada,65,154,grosjean,208,GRO,lotus_f1,14,0,59,79650.0,,2.0,47799.0,23899.5,8.0,13,8.0,8,14,,13.0,4.361,257.299,0,398.0,32.0
2014,906,7,villeneuve,Canada,22,155,kobayashi,207,KOB,caterham,21,0,23,83130.0,,0.0,0.0,0.0,0.0,21,0.0,11,20,,13.0,4.361,100.303,0,176.0,0.0
2014,906,7,villeneuve,Canada,1,807,hulkenberg,10,HUL,force_india,11,5,70,78936.0,5965673.0,1.0,23902.0,23902.0,57.0,6,77.0,4,11,,13.0,4.361,305.27,0,368.0,540.0
2014,906,7,villeneuve,Canada,131,813,maldonado,208,MAL,lotus_f1,17,0,21,81514.0,,0.0,0.0,0.0,0.0,22,8.0,8,17,,13.0,4.361,91.58099999999999,0,3.0,40.0
2014,906,7,villeneuve,Canada,4,815,perez,10,PER,force_india,13,11,69,79491.0,,1.0,23907.0,23907.0,20.0,10,77.0,4,13,,13.0,4.361,300.909,0,221.0,598.0
2014,906,7,villeneuve,Canada,1,817,ricciardo,9,RIC,red_bull,6,1,70,78640.0,5952830.0,2.0,46880.0,23440.0,79.0,3,139.0,2,6,75589.0,13.0,4.361,305.27,0,266.0,828.0
2014,906,7,villeneuve,Canada,1,818,vergne,5,VER,toro_rosso,8,8,70,79399.0,5980856.0,2.0,48408.0,24204.0,8.0,14,12.0,7,8,76162.0,13.0,4.361,305.27,0,71.0,81.0
2014,906,7,villeneuve,Canada,4,820,chilton,206,CHI,marussia,18,0,0,,,0.0,0.0,0.0,0.0,20,2.0,9,18,,13.0,4.361,0.0,0,0.0,6.0
2014,906,7,villeneuve,Canada,132,821,gutierrez,15,GUT,sauber,22,14,64,80112.0,,3.0,73541.0,24513.666666666668,0.0,19,0.0,10,22,,13.0,4.361,279.104,0,18.0,0.0
2014,906,7,villeneuve,Canada,1,822,bottas,3,BOT,williams,4,7,70,79321.0,5976408.0,2.0,47939.0,23969.5,40.0,8,58.0,6,4,75550.0,13.0,4.361,305.27,0,182.0,444.0
2014,906,7,villeneuve,Canada,4,824,jules_bianchi,206,BIA,marussia,19,0,0,,,0.0,0.0,0.0,2.0,16,2.0,9,19,,13.0,4.361,0.0,0,4.0,8.0
2014,906,7,villeneuve,Canada,1,825,kevin_magnussen,1,MAG,mclaren,12,9,70,78819.0,5982084.0,2.0,47386.0,23693.0,23.0,9,66.0,5,12,,13.0,4.361,305.27,0,142.0,494.0
2014,906,7,villeneuve,Canada,79,826,kvyat,5,KVY,toro_rosso,15,0,47,79978.0,,2.0,50933.0,25466.5,4.0,15,12.0,7,15,,13.0,4.361,204.96699999999998,0,24.0,86.0
2014,906,7,villeneuve,Canada,101,828,ericsson,207,ERI,caterham,20,0,7,111041.0,,0.0,0.0,0.0,0.0,18,0.0,11,21,,13.0,4.361,30.526999999999997,0,0.0,0.0
2014,907,70,red_bull_ring,Austria,1,1,hamilton,131,HAM,mercedes,9,2,71,72217.0,5276908.0,2.0,44781.0,22390.5,136.0,2,301.0,1,9,,678.0,4.318,306.578,0,998.0,2110.0
2014,907,70,red_bull_ring,Austria,1,3,rosberg,131,ROS,mercedes,3,1,71,72598.0,5274976.0,2.0,43138.0,21569.0,165.0,1,301.0,1,3,68944.0,678.0,4.318,306.578,0,1064.0,2300.0
2014,907,70,red_bull_ring,Austria,1,4,alonso,6,ALO,ferrari,4,5,71,72595.0,5293529.0,2.0,42510.0,21255.0,79.0,4,98.0,3,4,69285.0,678.0,4.318,306.578,0,830.0,697.0
2014,907,70,red_bull_ring,Austria,1,8,raikkonen,6,RAI,ferrari,8,10,71,72884.0,5322753.0,2.0,43532.0,21766.0,19.0,12,98.0,3,8,70795.0,678.0,4.318,306.578,0,467.0,762.0
2014,907,70,red_bull_ring,Austria,1,13,massa,3,MAS,williams,1,4,71,72586.0,5292334.0,2.0,43992.0,21996.0,30.0,9,85.0,5,1,68759.0,678.0,4.318,306.578,0,326.0,499.0
2014,907,70,red_bull_ring,Austria,11,16,sutil,15,SUT,sauber,16,13,70,73709.0,,2.0,45409.0,22704.5,0.0,17,0.0,10,17,,678.0,4.318,302.26,0,58.0,0.0
2014,907,70,red_bull_ring,Austria,1,18,button,1,BUT,mclaren,11,11,71,72858.0,5325942.0,2.0,42747.0,21373.5,43.0,8,72.0,6,12,,678.0,4.318,306.578,0,358.0,523.0
2014,907,70,red_bull_ring,Austria,10,20,vettel,9,VET,red_bull,12,0,34,74254.0,,2.0,51225.0,25612.5,60.0,5,143.0,2,13,,678.0,4.318,146.81199999999998,0,1050.0,936.0
2014,907,70,red_bull_ring,Austria,11,154,grosjean,208,GRO,lotus_f1,22,14,70,73953.0,,2.0,46096.0,23048.0,8.0,13,8.0,8,16,,678.0,4.318,302.26,0,292.0,48.0
2014,907,70,red_bull_ring,Austria,12,155,kobayashi,207,KOB,caterham,19,16,69,75274.0,,1.0,22480.0,22480.0,0.0,22,0.0,11,20,,678.0,4.318,297.94199999999995,0,118.0,0.0
2014,907,70,red_bull_ring,Austria,1,807,hulkenberg,10,HUL,force_india,10,9,71,73156.0,5319113.0,2.0,44166.0,22083.0,59.0,6,87.0,4,10,,678.0,4.318,306.578,0,388.0,641.0
2014,907,70,red_bull_ring,Austria,11,813,maldonado,208,MAL,lotus_f1,13,12,70,73187.0,,2.0,45955.0,22977.5,0.0,19,8.0,8,14,,678.0,4.318,302.26,0,2.0,56.0
2014,907,70,red_bull_ring,Austria,1,815,perez,10,PER,force_india,15,6,71,72142.0,5303522.0,2.0,45730.0,22865.0,28.0,11,87.0,4,11,,678.0,4.318,306.578,0,214.0,684.0
2014,907,70,red_bull_ring,Austria,1,817,ricciardo,9,RIC,red_bull,5,8,71,73060.0,5318498.0,2.0,42865.0,21432.5,83.0,3,143.0,2,5,69466.0,678.0,4.318,306.578,0,330.0,1044.0
2014,907,70,red_bull_ring,Austria,23,818,vergne,5,VER,toro_rosso,14,0,59,73317.0,,2.0,44606.0,22303.0,8.0,14,12.0,7,15,,678.0,4.318,254.76199999999997,0,66.0,91.0
2014,907,70,red_bull_ring,Austria,12,820,chilton,206,CHI,marussia,21,17,69,74847.0,,1.0,22977.0,22977.0,0.0,21,2.0,9,21,,678.0,4.318,297.94199999999995,0,0.0,10.0
2014,907,70,red_bull_ring,Austria,12,821,gutierrez,15,GUT,sauber,17,19,69,74036.0,,3.0,106819.0,35606.333333333336,0.0,20,0.0,10,18,,678.0,4.318,297.94199999999995,0,12.0,0.0
2014,907,70,red_bull_ring,Austria,1,822,bottas,3,BOT,williams,2,3,71,72581.0,5283148.0,2.0,43341.0,21670.5,55.0,7,85.0,5,2,68846.0,678.0,4.318,306.578,0,237.0,554.0
2014,907,70,red_bull_ring,Austria,12,824,jules_bianchi,206,BIA,marussia,18,15,69,74476.0,,1.0,24452.0,24452.0,2.0,16,2.0,9,19,,678.0,4.318,297.94199999999995,0,6.0,12.0
2014,907,70,red_bull_ring,Austria,1,825,kevin_magnussen,1,MAG,mclaren,6,7,71,72746.0,5307007.0,2.0,43552.0,21776.0,29.0,10,72.0,6,6,69515.0,678.0,4.318,306.578,0,171.0,552.0
2014,907,70,red_bull_ring,Austria,22,826,kvyat,5,KVY,toro_rosso,7,0,24,74332.0,,1.0,21906.0,21906.0,4.0,15,12.0,7,7,69619.0,678.0,4.318,103.63199999999999,0,28.0,96.0
2014,907,70,red_bull_ring,Austria,12,828,ericsson,207,ERI,caterham,20,18,69,74672.0,,2.0,48355.0,24177.5,0.0,18,0.0,11,22,,678.0,4.318,297.94199999999995,0,0.0,0.0
2014,908,9,silverstone,UK,1,1,hamilton,131,HAM,mercedes,6,1,52,97176.0,8812094.0,2.0,58970.0,29485.0,161.0,2,326.0,1,6,99232.0,153.0,5.891,306.332,0,972.0,2472.0
2014,908,9,silverstone,UK,6,3,rosberg,131,ROS,mercedes,1,0,28,98091.0,,1.0,28329.0,28329.0,165.0,1,326.0,1,1,95766.0,153.0,5.891,164.948,0,1068.0,2644.0
2014,908,9,silverstone,UK,1,4,alonso,6,ALO,ferrari,16,6,52,98587.0,8872040.0,1.0,34410.0,34410.0,87.0,4,106.0,3,19,,153.0,5.891,306.332,0,690.0,816.0
2014,908,9,silverstone,UK,4,8,raikkonen,6,RAI,ferrari,18,0,0,,,0.0,0.0,0.0,19.0,12,106.0,3,20,,153.0,5.891,0.0,0,303.0,870.0
2014,908,9,silverstone,UK,4,13,massa,3,MAS,williams,15,0,0,,,0.0,0.0,0.0,30.0,10,103.0,4,18,,153.0,5.891,0.0,0,250.0,621.0
2014,908,9,silverstone,UK,11,16,sutil,15,SUT,sauber,13,13,51,100041.0,,1.0,29956.0,29956.0,0.0,17,0.0,10,16,,153.0,5.891,300.441,0,29.0,0.0
2014,908,9,silverstone,UK,1,18,button,1,BUT,mclaren,3,4,52,98284.0,8859484.0,1.0,28645.0,28645.0,55.0,8,90.0,6,3,98200.0,153.0,5.891,306.332,0,352.0,599.0
2014,908,9,silverstone,UK,1,20,vettel,9,VET,red_bull,2,5,52,97481.0,8865958.0,2.0,57345.0,28672.5,70.0,6,168.0,2,2,97386.0,153.0,5.891,306.332,0,748.0,1155.0
2014,908,9,silverstone,UK,11,154,grosjean,208,GRO,lotus_f1,11,12,51,98919.0,,1.0,29710.0,29710.0,8.0,14,8.0,8,11,,153.0,5.891,300.441,0,168.0,64.0
2014,908,9,silverstone,UK,12,155,kobayashi,207,KOB,caterham,22,15,50,101462.0,,2.0,59047.0,29523.5,0.0,22,0.0,11,22,,153.0,5.891,294.55,0,60.0,0.0
2014,908,9,silverstone,UK,1,807,hulkenberg,10,HUL,force_india,4,8,52,98625.0,8900786.0,1.0,29579.0,29579.0,63.0,7,91.0,5,4,98329.0,153.0,5.891,306.332,0,404.0,721.0
2014,908,9,silverstone,UK,13,813,maldonado,208,MAL,lotus_f1,20,17,49,100314.0,,1.0,28831.0,28831.0,0.0,19,8.0,8,15,,153.0,5.891,288.659,0,1.0,72.0
2014,908,9,silverstone,UK,11,815,perez,10,PER,force_india,7,11,51,98716.0,,1.0,29599.0,29599.0,28.0,11,91.0,5,7,100457.0,153.0,5.891,300.441,0,201.0,758.0
2014,908,9,silverstone,UK,1,817,ricciardo,9,RIC,red_bull,8,3,52,98459.0,8858589.0,1.0,28483.0,28483.0,98.0,3,168.0,2,8,100606.0,153.0,5.891,306.332,0,409.0,1266.0
2014,908,9,silverstone,UK,11,818,vergne,5,VER,toro_rosso,10,10,51,99261.0,,1.0,30218.0,30218.0,9.0,13,15.0,7,10,100855.0,153.0,5.891,300.441,0,62.0,103.0
2014,908,9,silverstone,UK,12,820,chilton,206,CHI,marussia,17,16,50,100399.0,,2.0,52891.0,26445.5,0.0,21,2.0,9,13,,153.0,5.891,294.55,0,0.0,14.0
2014,908,9,silverstone,UK,4,821,gutierrez,15,GUT,sauber,19,0,9,102566.0,,0.0,0.0,0.0,0.0,20,0.0,10,14,,153.0,5.891,53.019,0,6.0,0.0
2014,908,9,silverstone,UK,1,822,bottas,3,BOT,williams,14,2,52,98264.0,8842229.0,1.0,29104.0,29104.0,73.0,5,103.0,4,17,,153.0,5.891,306.332,0,306.0,688.0
2014,908,9,silverstone,UK,11,824,jules_bianchi,206,BIA,marussia,12,14,51,99961.0,,1.0,30353.0,30353.0,2.0,16,2.0,9,12,,153.0,5.891,300.441,0,8.0,16.0
2014,908,9,silverstone,UK,1,825,kevin_magnussen,1,MAG,mclaren,5,7,52,98677.0,8874657.0,1.0,28745.0,28745.0,35.0,9,90.0,6,5,98417.0,153.0,5.891,306.332,0,206.0,646.0
2014,908,9,silverstone,UK,1,826,kvyat,5,KVY,toro_rosso,9,9,52,98407.0,8901434.0,2.0,57275.0,28637.5,6.0,15,15.0,7,9,100707.0,153.0,5.891,306.332,0,34.0,110.0
2014,908,9,silverstone,UK,22,828,ericsson,207,ERI,caterham,21,0,11,104319.0,,0.0,0.0,0.0,0.0,18,0.0,11,21,,153.0,5.891,64.801,0,0.0,0.0
2014,909,10,hockenheimring,Germany,1,1,hamilton,131,HAM,mercedes,20,3,67,79908.0,5645444.0,3.0,59496.0,19832.0,176.0,2,366.0,1,16,,103.0,4.575,306.52500000000003,0,959.0,2813.0
2014,909,10,hockenheimring,Germany,1,3,rosberg,131,ROS,mercedes,1,1,67,81298.0,5622914.0,2.0,40312.0,20156.0,190.0,1,366.0,1,1,76540.0,103.0,4.575,306.52500000000003,0,1087.0,2982.0
2014,909,10,hockenheimring,Germany,1,4,alonso,6,ALO,ferrari,7,5,67,80548.0,5675381.0,3.0,57514.0,19171.333333333332,97.0,4,116.0,4,7,77649.0,103.0,4.575,306.52500000000003,0,545.0,920.0
2014,909,10,hockenheimring,Germany,11,8,raikkonen,6,RAI,ferrari,12,11,66,81338.0,,3.0,59344.0,19781.333333333332,19.0,12,116.0,4,12,,103.0,4.575,301.95,0,139.0,970.0
2014,909,10,hockenheimring,Germany,4,13,massa,3,MAS,williams,3,0,0,,,0.0,0.0,0.0,30.0,10,121.0,3,3,77078.0,103.0,4.575,0.0,0,168.0,763.0
2014,909,10,hockenheimring,Germany,23,16,sutil,15,SUT,sauber,15,0,47,82529.0,,3.0,60093.0,20031.0,0.0,17,0.0,10,17,,103.0,4.575,215.025,0,0.0,0.0
2014,909,10,hockenheimring,Germany,1,18,button,1,BUT,mclaren,11,8,67,81346.0,5707625.0,3.0,60741.0,20247.0,59.0,8,96.0,6,11,,103.0,4.575,306.52500000000003,0,338.0,699.0
2014,909,10,hockenheimring,Germany,1,20,vettel,9,VET,red_bull,6,4,67,81545.0,5666928.0,3.0,57547.0,19182.333333333332,82.0,6,188.0,2,6,77577.0,103.0,4.575,306.52500000000003,0,433.0,1370.0
2014,909,10,hockenheimring,Germany,47,154,grosjean,208,GRO,lotus_f1,14,0,26,84137.0,,1.0,18928.0,18928.0,8.0,14,8.0,8,15,,103.0,4.575,118.95,0,44.0,76.0
2014,909,10,hockenheimring,Germany,12,155,kobayashi,207,KOB,caterham,19,16,65,82866.0,,3.0,60571.0,20190.333333333332,0.0,22,0.0,11,20,,103.0,4.575,297.375,0,0.0,0.0
2014,909,10,hockenheimring,Germany,1,807,hulkenberg,10,HUL,force_india,9,7,67,82098.0,5687092.0,2.0,39078.0,19539.0,69.0,7,98.0,5,9,78014.0,103.0,4.575,306.52500000000003,0,422.0,799.0
2014,909,10,hockenheimring,Germany,11,813,maldonado,208,MAL,lotus_f1,18,12,66,82305.0,,2.0,38225.0,19112.5,0.0,19,8.0,8,19,,103.0,4.575,301.95,0,0.0,80.0
2014,909,10,hockenheimring,Germany,11,815,perez,10,PER,force_india,10,10,66,80752.0,,3.0,61577.0,20525.666666666668,29.0,11,98.0,5,10,78035.0,103.0,4.575,301.95,0,181.0,840.0
2014,909,10,hockenheimring,Germany,1,817,ricciardo,9,RIC,red_bull,5,6,67,80846.0,5675463.0,3.0,57276.0,19092.0,106.0,3,188.0,2,5,77273.0,103.0,4.575,306.52500000000003,0,495.0,1474.0
2014,909,10,hockenheimring,Germany,11,818,vergne,5,VER,toro_rosso,13,13,66,81876.0,,3.0,67416.0,22472.0,9.0,13,15.0,7,13,,103.0,4.575,301.95,0,58.0,117.0
2014,909,10,hockenheimring,Germany,12,820,chilton,206,CHI,marussia,21,17,65,83035.0,,3.0,65435.0,21811.666666666668,0.0,21,2.0,9,21,,103.0,4.575,297.375,0,0.0,18.0
2014,909,10,hockenheimring,Germany,11,821,gutierrez,15,GUT,sauber,16,14,66,82008.0,,3.0,64086.0,21362.0,0.0,20,0.0,10,14,,103.0,4.575,301.95,0,0.0,0.0
2014,909,10,hockenheimring,Germany,1,822,bottas,3,BOT,williams,2,2,67,81494.0,5643703.0,2.0,40321.0,20160.5,91.0,5,121.0,3,2,76759.0,103.0,4.575,306.52500000000003,0,393.0,838.0
2014,909,10,hockenheimring,Germany,11,824,jules_bianchi,206,BIA,marussia,17,15,66,82522.0,,2.0,40606.0,20303.0,2.0,16,2.0,9,18,,103.0,4.575,301.95,0,10.0,20.0
2014,909,10,hockenheimring,Germany,11,825,kevin_magnussen,1,MAG,mclaren,4,9,66,80224.0,,3.0,64421.0,21473.666666666668,37.0,9,96.0,6,4,77214.0,103.0,4.575,301.95,0,243.0,752.0
2014,909,10,hockenheimring,Germany,44,826,kvyat,5,KVY,toro_rosso,8,0,44,82179.0,,2.0,40564.0,20282.0,6.0,15,15.0,7,8,77965.0,103.0,4.575,201.3,0,40.0,124.0
2014,909,10,hockenheimring,Germany,12,828,ericsson,207,ERI,caterham,22,18,65,83230.0,,3.0,67808.0,22602.666666666668,0.0,18,0.0,11,22,,103.0,4.575,297.375,0,0.0,0.0
2014,910,11,hungaroring,Hungary,1,1,hamilton,131,HAM,mercedes,22,3,70,87380.0,6790915.0,2.0,47164.0,23582.0,191.0,2,393.0,1,21,,264.0,4.381,306.67,0,1150.0,3135.0
2014,910,11,hungaroring,Hungary,1,3,rosberg,131,ROS,mercedes,1,4,70,85724.0,6791419.0,3.0,68692.0,22897.333333333332,202.0,1,393.0,1,1,82715.0,264.0,4.381,306.67,0,1264.0,3288.0
2014,910,11,hungaroring,Hungary,1,4,alonso,6,ALO,ferrari,5,2,70,87419.0,6790283.0,2.0,43887.0,21943.5,115.0,4,142.0,3,5,83909.0,264.0,4.381,306.67,0,648.0,1034.0
2014,910,11,hungaroring,Hungary,1,8,raikkonen,6,RAI,ferrari,16,6,70,87983.0,6816549.0,2.0,45368.0,22684.0,27.0,12,142.0,3,17,,264.0,4.381,306.67,0,160.0,1098.0
2014,910,11,hungaroring,Hungary,1,13,massa,3,MAS,williams,6,5,70,88229.0,6814899.0,3.0,67240.0,22413.333333333332,40.0,9,135.0,4,6,84223.0,264.0,4.381,306.67,0,208.0,921.0
2014,910,11,hungaroring,Hungary,1,16,sutil,15,SUT,sauber,11,11,70,88704.0,6853227.0,2.0,54456.0,27228.0,0.0,17,0.0,10,12,,264.0,4.381,306.67,0,0.0,0.0
2014,910,11,hungaroring,Hungary,1,18,button,1,BUT,mclaren,7,10,70,89156.0,6852338.0,3.0,71755.0,23918.333333333332,60.0,8,97.0,6,7,84294.0,264.0,4.381,306.67,0,383.0,797.0
2014,910,11,hungaroring,Hungary,1,20,vettel,9,VET,red_bull,2,7,70,88746.0,6826022.0,2.0,43778.0,21889.0,88.0,6,219.0,2,2,83201.0,264.0,4.381,306.67,0,521.0,1594.0
2014,910,11,hungaroring,Hungary,3,154,grosjean,208,GRO,lotus_f1,14,0,11,106312.0,,1.0,23979.0,23979.0,8.0,14,8.0,8,15,,264.0,4.381,48.191,0,52.0,80.0
2014,910,11,hungaroring,Hungary,31,155,kobayashi,207,KOB,caterham,17,0,26,92888.0,,1.0,34086.0,34086.0,0.0,22,0.0,11,18,,264.0,4.381,113.906,0,0.0,0.0
2014,910,11,hungaroring,Hungary,3,807,hulkenberg,10,HUL,force_india,9,0,16,101151.0,,1.0,24040.0,24040.0,69.0,7,98.0,5,9,84775.0,264.0,4.381,70.096,0,483.0,871.0
2014,910,11,hungaroring,Hungary,1,813,maldonado,208,MAL,lotus_f1,20,13,70,89128.0,6869082.0,3.0,76802.0,25600.666666666668,0.0,19,8.0,8,22,,264.0,4.381,306.67,0,0.0,80.0
2014,910,11,hungaroring,Hungary,3,815,perez,10,PER,force_india,12,0,23,90280.0,,1.0,25535.0,25535.0,29.0,11,98.0,5,13,,264.0,4.381,100.763,0,209.0,902.0
2014,910,11,hungaroring,Hungary,1,817,ricciardo,9,RIC,red_bull,4,1,70,86608.0,6785058.0,3.0,68219.0,22739.666666666668,131.0,3,219.0,2,4,83391.0,264.0,4.381,306.67,0,626.0,1714.0
2014,910,11,hungaroring,Hungary,1,818,vergne,5,VER,toro_rosso,8,9,70,89120.0,6843585.0,2.0,46932.0,23466.0,11.0,13,17.0,7,8,84720.0,264.0,4.381,306.67,0,65.0,133.0
2014,910,11,hungaroring,Hungary,11,820,chilton,206,CHI,marussia,18,16,69,89499.0,,2.0,47857.0,23928.5,0.0,21,2.0,9,19,,264.0,4.381,302.289,0,0.0,20.0
2014,910,11,hungaroring,Hungary,31,821,gutierrez,15,GUT,sauber,13,0,33,90485.0,,1.0,24050.0,24050.0,0.0,20,0.0,10,14,,264.0,4.381,144.573,0,0.0,0.0
2014,910,11,hungaroring,Hungary,1,822,bottas,3,BOT,williams,3,8,70,86850.0,6826402.0,3.0,70604.0,23534.666666666668,95.0,5,135.0,4,3,83354.0,264.0,4.381,306.67,0,478.0,1004.0
2014,910,11,hungaroring,Hungary,11,824,jules_bianchi,206,BIA,marussia,15,15,69,89883.0,,3.0,72622.0,24207.333333333332,2.0,16,2.0,9,16,,264.0,4.381,302.289,0,12.0,20.0
2014,910,11,hungaroring,Hungary,1,825,kevin_magnussen,1,MAG,mclaren,21,12,70,88883.0,6863523.0,2.0,45358.0,22679.0,37.0,10,97.0,6,10,,264.0,4.381,306.67,0,262.0,842.0
2014,910,11,hungaroring,Hungary,11,826,kvyat,5,KVY,toro_rosso,10,14,69,89401.0,,2.0,45625.0,22812.5,6.0,15,17.0,7,11,,264.0,4.381,302.289,0,44.0,142.0
2014,910,11,hungaroring,Hungary,3,828,ericsson,207,ERI,caterham,19,0,8,108459.0,,0.0,0.0,0.0,0.0,18,0.0,11,20,,264.0,4.381,35.048,0,0.0,0.0
2014,911,13,spa,Belgium,31,1,hamilton,131,HAM,mercedes,2,0,38,113707.0,,3.0,73403.0,24467.666666666668,191.0,2,411.0,1,2,125819.0,401.0,7.004,266.152,0,1316.0,3441.0
2014,911,13,spa,Belgium,1,3,rosberg,131,ROS,mercedes,1,2,44,110511.0,5079939.0,3.0,76325.0,25441.666666666668,220.0,1,411.0,1,1,125591.0,401.0,7.004,308.176,0,1441.0,3594.0
2014,911,13,spa,Belgium,1,4,alonso,6,ALO,ferrari,4,7,44,113879.0,5137718.0,2.0,51894.0,25947.0,121.0,4,160.0,3,4,127786.0,401.0,7.004,308.176,0,745.0,1171.0
2014,911,13,spa,Belgium,1,8,raikkonen,6,RAI,ferrari,8,4,44,114090.0,5113371.0,2.0,45677.0,22838.5,39.0,10,160.0,3,8,128780.0,401.0,7.004,308.176,0,193.0,1244.0
2014,911,13,spa,Belgium,1,13,massa,3,MAS,williams,9,13,44,112512.0,5152531.0,3.0,71252.0,23750.666666666668,40.0,9,150.0,4,9,129178.0,401.0,7.004,308.176,0,242.0,1096.0
2014,911,13,spa,Belgium,1,16,sutil,15,SUT,sauber,14,14,44,112413.0,5159003.0,3.0,71266.0,23755.333333333332,0.0,17,0.0,10,14,,401.0,7.004,308.176,0,0.0,0.0
2014,911,13,spa,Belgium,1,18,button,1,BUT,mclaren,10,6,44,113483.0,5131136.0,2.0,45388.0,22694.0,68.0,8,105.0,5,10,129776.0,401.0,7.004,308.176,0,428.0,881.0
2014,911,13,spa,Belgium,1,20,vettel,9,VET,red_bull,3,5,44,112953.0,5128752.0,3.0,68721.0,22907.0,98.0,6,254.0,2,3,127717.0,401.0,7.004,308.176,0,604.0,1829.0
2014,911,13,spa,Belgium,31,154,grosjean,208,GRO,lotus_f1,15,0,33,115649.0,,3.0,76663.0,25554.333333333332,8.0,14,8.0,8,15,,401.0,7.004,231.13199999999998,0,60.0,80.0
2014,911,13,spa,Belgium,1,807,hulkenberg,10,HUL,force_india,18,10,44,113612.0,5142253.0,2.0,47664.0,23832.0,70.0,7,103.0,6,18,,401.0,7.004,308.176,0,535.0,928.0
2014,911,13,spa,Belgium,26,813,maldonado,208,MAL,lotus_f1,17,0,1,,,0.0,0.0,0.0,0.0,19,8.0,8,17,,401.0,7.004,7.004,0,0.0,80.0
2014,911,13,spa,Belgium,1,815,perez,10,PER,force_india,13,8,44,114532.0,5140849.0,2.0,47081.0,23540.5,33.0,12,103.0,6,13,,401.0,7.004,308.176,0,241.0,954.0
2014,911,13,spa,Belgium,1,817,ricciardo,9,RIC,red_bull,5,1,44,112974.0,5076556.0,2.0,45588.0,22794.0,156.0,3,254.0,2,5,127911.0,401.0,7.004,308.176,0,782.0,1944.0
2014,911,13,spa,Belgium,1,818,vergne,5,VER,toro_rosso,12,11,44,113276.0,5148476.0,2.0,46773.0,23386.5,11.0,13,19.0,7,12,,401.0,7.004,308.176,0,72.0,149.0
2014,911,13,spa,Belgium,11,820,chilton,206,CHI,marussia,19,16,43,115247.0,,2.0,48607.0,24303.5,0.0,21,2.0,9,19,,401.0,7.004,301.17199999999997,0,0.0,20.0
2014,911,13,spa,Belgium,1,821,gutierrez,15,GUT,sauber,20,15,44,114000.0,5167381.0,2.0,46157.0,23078.5,0.0,20,0.0,10,20,,401.0,7.004,308.176,0,0.0,0.0
2014,911,13,spa,Belgium,1,822,bottas,3,BOT,williams,6,3,44,112716.0,5104588.0,2.0,45945.0,22972.5,110.0,5,150.0,4,6,128049.0,401.0,7.004,308.176,0,574.0,1188.0
2014,911,13,spa,Belgium,6,824,jules_bianchi,206,BIA,marussia,16,18,39,116347.0,,2.0,49280.0,24640.0,2.0,16,2.0,9,16,,401.0,7.004,273.156,0,14.0,20.0
2014,911,13,spa,Belgium,1,825,kevin_magnussen,1,MAG,mclaren,7,12,44,114203.0,5150818.0,2.0,45529.0,22764.5,37.0,11,105.0,5,7,128679.0,401.0,7.004,308.176,0,279.0,920.0
2014,911,13,spa,Belgium,1,826,kvyat,5,KVY,toro_rosso,11,9,44,114159.0,5141903.0,2.0,48518.0,24259.0,8.0,15,19.0,7,11,,401.0,7.004,308.176,0,49.0,156.0
2014,911,13,spa,Belgium,131,827,lotterer,207,LOT,caterham,21,0,1,,,0.0,0.0,0.0,0.0,23,0.0,11,21,,401.0,7.004,7.004,0,0.0,0.0
2014,911,13,spa,Belgium,11,828,ericsson,207,ERI,caterham,22,17,43,115900.0,,2.0,48296.0,24148.0,0.0,18,0.0,11,22,,401.0,7.004,301.17199999999997,0,0.0,0.0
2014,912,14,monza,Italy,1,1,hamilton,131,HAM,mercedes,1,1,53,88004.0,4750236.0,1.0,24453.0,24453.0,216.0,2,454.0,1,1,84109.0,162.0,5.793,307.029,0,1482.0,3747.0
2014,912,14,monza,Italy,1,3,rosberg,131,ROS,mercedes,2,2,53,88206.0,4753411.0,1.0,24583.0,24583.0,238.0,1,454.0,1,2,84383.0,162.0,5.793,307.029,0,1618.0,3900.0
2014,912,14,monza,Italy,5,4,alonso,6,ALO,ferrari,7,0,28,89680.0,,1.0,24913.0,24913.0,121.0,5,162.0,4,7,85430.0,162.0,5.793,162.204,0,840.0,1308.0
2014,912,14,monza,Italy,1,8,raikkonen,6,RAI,ferrari,11,9,53,88942.0,4813771.0,1.0,24547.0,24547.0,41.0,10,162.0,4,12,,162.0,5.793,307.029,0,227.0,1372.0
2014,912,14,monza,Italy,1,13,massa,3,MAS,williams,4,3,53,88342.0,4775262.0,1.0,24323.0,24323.0,55.0,9,177.0,3,4,84865.0,162.0,5.793,307.029,0,285.0,1280.0
2014,912,14,monza,Italy,11,16,sutil,15,SUT,sauber,14,15,52,89375.0,,1.0,26864.0,26864.0,0.0,17,0.0,10,15,,162.0,5.793,301.236,0,0.0,0.0
2014,912,14,monza,Italy,1,18,button,1,BUT,mclaren,6,8,53,89245.0,4813299.0,1.0,24669.0,24669.0,72.0,7,110.0,5,6,85379.0,162.0,5.793,307.029,0,477.0,958.0
2014,912,14,monza,Italy,1,20,vettel,9,VET,red_bull,8,6,53,89141.0,4810201.0,1.0,25176.0,25176.0,106.0,6,272.0,2,8,85436.0,162.0,5.793,307.029,0,687.0,2073.0
2014,912,14,monza,Italy,11,154,grosjean,208,GRO,lotus_f1,17,16,52,90083.0,,1.0,25098.0,25098.0,8.0,14,8.0,8,18,,162.0,5.793,301.236,0,68.0,80.0
2014,912,14,monza,Italy,11,155,kobayashi,207,KOB,caterham,18,17,52,90758.0,,1.0,25277.0,25277.0,0.0,22,0.0,11,19,,162.0,5.793,301.236,0,0.0,0.0
2014,912,14,monza,Italy,1,807,hulkenberg,10,HUL,force_india,13,12,53,89366.0,4822842.0,1.0,25547.0,25547.0,70.0,8,109.0,6,14,,162.0,5.793,307.029,0,577.0,976.0
2014,912,14,monza,Italy,11,813,maldonado,208,MAL,lotus_f1,16,14,52,89856.0,,1.0,24223.0,24223.0,0.0,19,8.0,8,17,,162.0,5.793,301.236,0,0.0,80.0
2014,912,14,monza,Italy,1,815,perez,10,PER,force_india,10,7,53,89107.0,4812754.0,1.0,24938.0,24938.0,39.0,11,109.0,6,10,85944.0,162.0,5.793,307.029,0,264.0,998.0
2014,912,14,monza,Italy,1,817,ricciardo,9,RIC,red_bull,9,5,53,88588.0,4800545.0,1.0,24388.0,24388.0,166.0,3,272.0,2,9,85709.0,162.0,5.793,307.029,0,936.0,2202.0
2014,912,14,monza,Italy,1,818,vergne,5,VER,toro_rosso,12,13,53,89121.0,4823329.0,1.0,25046.0,25046.0,11.0,13,19.0,7,13,,162.0,5.793,307.029,0,79.0,163.0
2014,912,14,monza,Italy,3,820,chilton,206,CHI,marussia,20,0,5,92569.0,,0.0,0.0,0.0,0.0,21,2.0,9,21,,162.0,5.793,28.965,0,0.0,20.0
2014,912,14,monza,Italy,12,821,gutierrez,15,GUT,sauber,15,19,51,89449.0,,3.0,78918.0,26306.0,0.0,20,0.0,10,16,,162.0,5.793,295.443,0,0.0,0.0
2014,912,14,monza,Italy,1,822,bottas,3,BOT,williams,3,4,53,88559.0,4791022.0,1.0,24991.0,24991.0,122.0,4,177.0,3,3,84697.0,162.0,5.793,307.029,0,678.0,1372.0
2014,912,14,monza,Italy,11,824,jules_bianchi,206,BIA,marussia,19,18,52,90521.0,,1.0,26641.0,26641.0,2.0,16,2.0,9,20,,162.0,5.793,301.236,0,16.0,20.0
2014,912,14,monza,Italy,1,825,kevin_magnussen,1,MAG,mclaren,5,10,53,89283.0,4816407.0,1.0,24214.0,24214.0,38.0,12,110.0,5,5,85314.0,162.0,5.793,307.029,0,297.0,996.0
2014,912,14,monza,Italy,1,826,kvyat,5,KVY,toro_rosso,21,11,53,88486.0,4821420.0,1.0,24651.0,24651.0,8.0,15,19.0,7,11,,162.0,5.793,307.029,0,54.0,170.0
2014,912,14,monza,Italy,12,828,ericsson,207,ERI,caterham,22,20,51,90280.0,,1.0,28685.0,28685.0,0.0,18,0.0,11,22,,162.0,5.793,295.443,0,0.0,0.0
2014,913,15,marina_bay,Singapore,1,1,hamilton,131,HAM,mercedes,1,1,60,110417.0,7204795.0,3.0,89746.0,29915.333333333332,241.0,1,479.0,1,1,105681.0,18.0,5.063,303.78,1,1648.0,4053.0
2014,913,15,marina_bay,Singapore,10,3,rosberg,131,ROS,mercedes,2,0,13,116769.0,,0.0,0.0,0.0,238.0,2,479.0,1,2,105688.0,18.0,5.063,65.819,1,1777.0,4206.0
2014,913,15,marina_bay,Singapore,1,4,alonso,6,ALO,ferrari,5,4,60,112115.0,7220184.0,3.0,86713.0,28904.333333333332,133.0,4,178.0,4,5,105907.0,18.0,5.063,303.78,1,932.0,1444.0
2014,913,15,marina_bay,Singapore,1,8,raikkonen,6,RAI,ferrari,7,8,60,112872.0,7265436.0,3.0,89060.0,29686.666666666668,45.0,11,178.0,4,7,106170.0,18.0,5.063,303.78,1,261.0,1516.0
2014,913,15,marina_bay,Singapore,1,13,massa,3,MAS,williams,6,5,60,113283.0,7246956.0,2.0,58584.0,29292.0,65.0,9,187.0,3,6,106000.0,18.0,5.063,303.78,1,338.0,1456.0
2014,913,15,marina_bay,Singapore,34,16,sutil,15,SUT,sauber,17,0,40,113948.0,,3.0,90307.0,30102.333333333332,0.0,17,0.0,10,17,,18.0,5.063,202.51999999999998,1,0.0,0.0
2014,913,15,marina_bay,Singapore,31,18,button,1,BUT,mclaren,11,0,52,113707.0,,2.0,57268.0,28634.0,72.0,7,111.0,6,11,,18.0,5.063,263.276,1,526.0,1017.0
2014,913,15,marina_bay,Singapore,1,20,vettel,9,VET,red_bull,4,2,60,112519.0,7218329.0,2.0,58880.0,29440.0,124.0,5,305.0,2,4,105902.0,18.0,5.063,303.78,1,778.0,2339.0
2014,913,15,marina_bay,Singapore,1,154,grosjean,208,GRO,lotus_f1,16,13,60,113543.0,7272824.0,3.0,88123.0,29374.333333333332,8.0,14,8.0,8,16,,18.0,5.063,303.78,1,76.0,80.0
2014,913,15,marina_bay,Singapore,131,155,kobayashi,207,KOB,caterham,20,0,0,,,0.0,0.0,0.0,0.0,22,0.0,11,20,,18.0,5.063,0.0,1,0.0,0.0
2014,913,15,marina_bay,Singapore,1,807,hulkenberg,10,HUL,force_india,13,9,60,112762.0,7266456.0,3.0,89764.0,29921.333333333332,72.0,8,117.0,5,13,,18.0,5.063,303.78,1,613.0,1024.0
2014,913,15,marina_bay,Singapore,1,813,maldonado,208,MAL,lotus_f1,18,12,60,113213.0,7271710.0,4.0,118014.0,29503.5,0.0,19,8.0,8,18,,18.0,5.063,303.78,1,0.0,80.0
2014,913,15,marina_bay,Singapore,1,815,perez,10,PER,force_india,15,7,60,112007.0,7263833.0,4.0,124109.0,31027.25,45.0,10,117.0,5,15,,18.0,5.063,303.78,1,291.0,1050.0
2014,913,15,marina_bay,Singapore,1,817,ricciardo,9,RIC,red_bull,3,3,60,112569.0,7219068.0,2.0,58874.0,29437.0,181.0,3,305.0,2,3,105854.0,18.0,5.063,303.78,1,1093.0,2476.0
2014,913,15,marina_bay,Singapore,1,818,vergne,5,VER,toro_rosso,12,6,60,111937.0,7261596.0,3.0,95226.0,31742.0,19.0,13,27.0,7,12,,18.0,5.063,303.78,1,94.0,182.0
2014,913,15,marina_bay,Singapore,11,820,chilton,206,CHI,marussia,21,17,59,113807.0,,3.0,98603.0,32867.666666666664,0.0,21,2.0,9,21,,18.0,5.063,298.717,1,0.0,20.0
2014,913,15,marina_bay,Singapore,10,821,gutierrez,15,GUT,sauber,14,0,17,115684.0,,1.0,33679.0,33679.0,0.0,20,0.0,10,14,,18.0,5.063,86.071,1,0.0,0.0
2014,913,15,marina_bay,Singapore,1,822,bottas,3,BOT,williams,8,11,60,112515.0,7269860.0,2.0,59220.0,29610.0,122.0,6,187.0,3,8,106187.0,18.0,5.063,303.78,1,776.0,1540.0
2014,913,15,marina_bay,Singapore,1,824,jules_bianchi,206,BIA,marussia,19,16,60,113538.0,7299338.0,3.0,90050.0,30016.666666666668,2.0,16,2.0,9,19,,18.0,5.063,303.78,1,18.0,20.0
2014,913,15,marina_bay,Singapore,1,825,kevin_magnussen,1,MAG,mclaren,9,10,60,111639.0,7267025.0,3.0,86231.0,28743.666666666668,39.0,12,111.0,6,9,106250.0,18.0,5.063,303.78,1,316.0,1038.0
2014,913,15,marina_bay,Singapore,1,826,kvyat,5,KVY,toro_rosso,10,14,60,111761.0,7276803.0,3.0,91369.0,30456.333333333332,8.0,15,27.0,7,10,107362.0,18.0,5.063,303.78,1,58.0,194.0
2014,913,15,marina_bay,Singapore,1,828,ericsson,207,ERI,caterham,22,15,60,115416.0,7298983.0,2.0,60508.0,30254.0,0.0,18,0.0,11,22,,18.0,5.063,303.78,1,0.0,0.0
2014,914,22,suzuka,Japan,1,1,hamilton,131,HAM,mercedes,2,1,44,111600.0,6703021.0,3.0,1184863.0,394954.3333333333,266.0,1,522.0,1,2,92703.0,45.0,5.807,255.508,0,1814.0,4362.0
2014,914,22,suzuka,Japan,1,3,rosberg,131,ROS,mercedes,1,2,44,112551.0,6712201.0,3.0,1185074.0,395024.6666666667,256.0,2,522.0,1,1,92506.0,45.0,5.807,255.508,0,1936.0,4518.0
2014,914,22,suzuka,Japan,40,4,alonso,6,ALO,ferrari,5,0,2,,,1.0,1137051.0,1137051.0,133.0,5,178.0,4,5,93740.0,45.0,5.807,11.614,0,1016.0,1578.0
2014,914,22,suzuka,Japan,11,8,raikkonen,6,RAI,ferrari,10,12,43,112426.0,,5.0,1241874.0,248374.8,45.0,11,178.0,4,10,94548.0,45.0,5.807,249.70100000000002,0,289.0,1640.0
2014,914,22,suzuka,Japan,1,13,massa,3,MAS,williams,4,7,44,113450.0,6818147.0,3.0,1185898.0,395299.3333333333,71.0,9,201.0,3,4,93527.0,45.0,5.807,255.508,0,397.0,1620.0
2014,914,22,suzuka,Japan,3,16,sutil,15,SUT,sauber,14,21,40,115753.0,,4.0,1209654.0,302413.5,0.0,17,0.0,10,15,,45.0,5.807,232.28000000000003,0,0.0,0.0
2014,914,22,suzuka,Japan,1,18,button,1,BUT,mclaren,8,5,44,111721.0,6770571.0,4.0,1213890.0,303472.5,82.0,7,121.0,6,8,94317.0,45.0,5.807,255.508,0,585.0,1063.0
2014,914,22,suzuka,Japan,1,20,vettel,9,VET,red_bull,9,3,44,111915.0,6732143.0,3.0,1182185.0,394061.6666666667,139.0,4,332.0,2,9,94432.0,45.0,5.807,255.508,0,872.0,2620.0
2014,914,22,suzuka,Japan,11,154,grosjean,208,GRO,lotus_f1,16,15,43,115302.0,,5.0,1228877.0,245775.4,8.0,14,8.0,8,18,,45.0,5.807,249.70100000000002,0,80.0,80.0
2014,914,22,suzuka,Japan,11,155,kobayashi,207,KOB,caterham,19,19,43,115641.0,,5.0,1238155.0,247631.0,0.0,22,0.0,11,21,,45.0,5.807,249.70100000000002,0,0.0,0.0
2014,914,22,suzuka,Japan,1,807,hulkenberg,10,HUL,force_india,13,8,44,112814.0,6818969.0,4.0,1209923.0,302480.75,76.0,8,122.0,5,14,,45.0,5.807,255.508,0,652.0,1074.0
2014,914,22,suzuka,Japan,11,813,maldonado,208,MAL,lotus_f1,22,16,43,114702.0,,4.0,1202770.0,300692.5,0.0,19,8.0,8,17,,45.0,5.807,249.70100000000002,0,0.0,80.0
2014,914,22,suzuka,Japan,11,815,perez,10,PER,force_india,11,10,43,113556.0,,4.0,1210618.0,302654.5,46.0,10,122.0,5,12,,45.0,5.807,249.70100000000002,0,317.0,1098.0
2014,914,22,suzuka,Japan,1,817,ricciardo,9,RIC,red_bull,6,4,44,112231.0,6741839.0,3.0,1185311.0,395103.6666666667,193.0,3,332.0,2,6,94075.0,45.0,5.807,255.508,0,1247.0,2764.0
2014,914,22,suzuka,Japan,1,818,vergne,5,VER,toro_rosso,20,9,44,113562.0,6830659.0,3.0,1186361.0,395453.6666666667,21.0,13,29.0,7,11,,45.0,5.807,255.508,0,111.0,208.0
2014,914,22,suzuka,Japan,11,820,chilton,206,CHI,marussia,21,18,43,116472.0,,3.0,1187094.0,395698.0,0.0,21,2.0,9,22,,45.0,5.807,249.70100000000002,0,0.0,20.0
2014,914,22,suzuka,Japan,11,821,gutierrez,15,GUT,sauber,15,13,43,115372.0,,3.0,1186369.0,395456.3333333333,0.0,20,0.0,10,16,,45.0,5.807,249.70100000000002,0,0.0,0.0
2014,914,22,suzuka,Japan,1,822,bottas,3,BOT,williams,3,6,44,114103.0,6816794.0,3.0,1186511.0,395503.6666666667,130.0,6,201.0,3,3,93128.0,45.0,5.807,255.508,0,872.0,1700.0
2014,914,22,suzuka,Japan,3,824,jules_bianchi,206,BIA,marussia,18,20,41,115985.0,,3.0,1183734.0,394578.0,2.0,16,2.0,9,20,,45.0,5.807,238.08700000000002,0,20.0,20.0
2014,914,22,suzuka,Japan,11,825,kevin_magnussen,1,MAG,mclaren,7,14,43,113510.0,,5.0,1241718.0,248343.6,39.0,12,121.0,6,7,94242.0,45.0,5.807,249.70100000000002,0,335.0,1088.0
2014,914,22,suzuka,Japan,11,826,kvyat,5,KVY,toro_rosso,12,11,43,114021.0,,4.0,1209872.0,302468.0,8.0,15,29.0,7,13,,45.0,5.807,249.70100000000002,0,62.0,222.0
2014,914,22,suzuka,Japan,11,828,ericsson,207,ERI,caterham,17,17,43,114669.0,,4.0,1196670.0,299167.5,0.0,18,0.0,11,19,,45.0,5.807,249.70100000000002,0,0.0,0.0
2014,915,71,sochi,Russia,1,1,hamilton,131,HAM,mercedes,1,1,53,101606.0,5510744.0,1.0,30503.0,30503.0,291.0,1,565.0,1,1,98513.0,2.0,5.848,309.944,0,1987.0,4690.0
2014,915,71,sochi,Russia,1,3,rosberg,131,ROS,mercedes,2,2,53,101360.0,5524401.0,1.0,33820.0,33820.0,274.0,2,565.0,1,2,98713.0,2.0,5.848,309.944,0,2088.0,4862.0
2014,915,71,sochi,Russia,1,4,alonso,6,ALO,ferrari,7,6,53,102179.0,5570760.0,1.0,35112.0,35112.0,141.0,6,188.0,4,8,99709.0,2.0,5.848,309.944,0,1096.0,1686.0
2014,915,71,sochi,Russia,1,8,raikkonen,6,RAI,ferrari,8,9,53,102919.0,5589621.0,1.0,30097.0,30097.0,47.0,12,188.0,4,9,99771.0,2.0,5.848,309.944,0,319.0,1732.0
2014,915,71,sochi,Russia,1,13,massa,3,MAS,williams,18,11,53,102879.0,5591621.0,2.0,60190.0,30095.0,71.0,9,216.0,3,18,,2.0,5.848,309.944,0,450.0,1781.0
2014,915,71,sochi,Russia,11,16,sutil,15,SUT,sauber,14,16,52,103822.0,,1.0,30733.0,30733.0,0.0,17,0.0,10,15,,2.0,5.848,304.096,0,0.0,0.0
2014,915,71,sochi,Russia,1,18,button,1,BUT,mclaren,4,4,53,101964.0,5540978.0,1.0,29994.0,29994.0,94.0,7,143.0,5,4,99121.0,2.0,5.848,309.944,0,648.0,1134.0
2014,915,71,sochi,Russia,1,20,vettel,9,VET,red_bull,10,8,53,102630.0,5576929.0,1.0,30355.0,30355.0,143.0,5,342.0,2,11,,2.0,5.848,309.944,0,970.0,2887.0
2014,915,71,sochi,Russia,11,154,grosjean,208,GRO,lotus_f1,15,17,52,104461.0,,1.0,30037.0,30037.0,8.0,14,8.0,8,16,,2.0,5.848,304.096,0,80.0,80.0
2014,915,71,sochi,Russia,23,155,kobayashi,207,KOB,caterham,19,0,21,107407.0,,0.0,0.0,0.0,0.0,22,0.0,11,19,,2.0,5.848,122.80799999999999,0,0.0,0.0
2014,915,71,sochi,Russia,1,807,hulkenberg,10,HUL,force_india,17,12,53,102685.0,5592053.0,1.0,30096.0,30096.0,76.0,8,123.0,6,12,,2.0,5.848,309.944,0,681.0,1123.0
2014,915,71,sochi,Russia,11,813,maldonado,208,MAL,lotus_f1,21,18,52,104030.0,,1.0,30180.0,30180.0,0.0,19,8.0,8,20,,2.0,5.848,304.096,0,0.0,80.0
2014,915,71,sochi,Russia,1,815,perez,10,PER,force_india,12,10,53,102924.0,5590811.0,1.0,29876.0,29876.0,47.0,11,123.0,6,13,,2.0,5.848,309.944,0,344.0,1148.0
2014,915,71,sochi,Russia,1,817,ricciardo,9,RIC,red_bull,6,7,53,103050.0,5572556.0,1.0,30006.0,30006.0,199.0,3,342.0,2,7,99635.0,2.0,5.848,309.944,0,1392.0,3010.0
2014,915,71,sochi,Russia,1,818,vergne,5,VER,toro_rosso,9,13,53,102550.0,5608039.0,1.0,30272.0,30272.0,21.0,13,29.0,7,10,100020.0,2.0,5.848,309.944,0,128.0,234.0
2014,915,71,sochi,Russia,22,820,chilton,206,CHI,marussia,20,0,9,108268.0,,1.0,31374.0,31374.0,0.0,21,2.0,9,21,,2.0,5.848,52.632,0,0.0,20.0
2014,915,71,sochi,Russia,11,821,gutierrez,15,GUT,sauber,13,15,52,104075.0,,1.0,30303.0,30303.0,0.0,20,0.0,10,14,,2.0,5.848,304.096,0,0.0,0.0
2014,915,71,sochi,Russia,1,822,bottas,3,BOT,williams,3,3,53,100896.0,5528169.0,1.0,30363.0,30363.0,145.0,4,216.0,3,3,98920.0,2.0,5.848,309.944,0,983.0,1862.0
2014,915,71,sochi,Russia,1,825,kevin_magnussen,1,MAG,mclaren,11,5,53,103076.0,5564360.0,1.0,29736.0,29736.0,49.0,10,143.0,5,6,99629.0,2.0,5.848,309.944,0,363.0,1180.0
2014,915,71,sochi,Russia,11,826,kvyat,5,KVY,toro_rosso,5,14,52,102022.0,,2.0,61905.0,30952.5,8.0,15,29.0,7,5,99277.0,2.0,5.848,304.096,0,66.0,246.0
2014,915,71,sochi,Russia,12,828,ericsson,207,ERI,caterham,16,19,51,103979.0,,2.0,61780.0,30890.0,0.0,18,0.0,11,17,,2.0,5.848,298.248,0,0.0,0.0
2014,916,69,americas,USA,1,1,hamilton,131,HAM,mercedes,2,1,56,101929.0,6004785.0,2.0,48612.0,24306.0,316.0,1,608.0,1,2,96443.0,161.0,5.513,308.728,0,2185.0,5059.0
2014,916,69,americas,USA,1,3,rosberg,131,ROS,mercedes,1,2,56,101932.0,6009099.0,2.0,48946.0,24473.0,292.0,2,608.0,1,1,96067.0,161.0,5.513,308.728,0,2240.0,5256.0
2014,916,69,americas,USA,1,4,alonso,6,ALO,ferrari,6,6,56,101474.0,6100016.0,2.0,48734.0,24367.0,149.0,6,196.0,4,6,97610.0,161.0,5.513,308.728,0,1176.0,1768.0
2014,916,69,americas,USA,11,8,raikkonen,6,RAI,ferrari,8,13,55,102888.0,,3.0,72229.0,24076.333333333332,47.0,12,196.0,4,9,97804.0,161.0,5.513,303.215,0,348.0,1804.0
2014,916,69,americas,USA,1,13,massa,3,MAS,williams,4,4,56,102971.0,6031709.0,2.0,49944.0,24972.0,83.0,8,238.0,3,4,97205.0,161.0,5.513,308.728,0,515.0,1950.0
2014,916,69,americas,USA,4,16,sutil,15,SUT,sauber,9,0,0,,,0.0,0.0,0.0,0.0,18,0.0,10,10,98810.0,161.0,5.513,0.0,0,0.0,0.0
2014,916,69,americas,USA,11,18,button,1,BUT,mclaren,12,12,55,104255.0,,2.0,50352.0,25176.0,94.0,7,147.0,5,7,97655.0,161.0,5.513,303.215,0,699.0,1222.0
2014,916,69,americas,USA,1,20,vettel,9,VET,red_bull,18,7,56,101379.0,6100519.0,4.0,95882.0,23970.5,149.0,5,363.0,2,17,,161.0,5.513,308.728,0,1059.0,3119.0
2014,916,69,americas,USA,11,154,grosjean,208,GRO,lotus_f1,16,11,55,104440.0,,2.0,48490.0,24245.0,8.0,14,10.0,8,18,,161.0,5.513,303.215,0,80.0,82.0
2014,916,69,americas,USA,5,807,hulkenberg,10,HUL,force_india,13,0,16,106226.0,,1.0,33427.0,33427.0,76.0,9,123.0,6,13,,161.0,5.513,88.208,0,700.0,1168.0
2014,916,69,americas,USA,1,813,maldonado,208,MAL,lotus_f1,10,9,56,103808.0,6112655.0,2.0,54202.0,27101.0,2.0,16,10.0,8,11,,161.0,5.513,308.728,0,2.0,84.0
2014,916,69,americas,USA,130,815,perez,10,PER,force_india,11,0,1,,,0.0,0.0,0.0,47.0,11,123.0,6,12,,161.0,5.513,5.513,0,371.0,1188.0
2014,916,69,americas,USA,1,817,ricciardo,9,RIC,red_bull,5,3,56,102831.0,6030345.0,2.0,48396.0,24198.0,214.0,3,363.0,2,5,97244.0,161.0,5.513,308.728,0,1527.0,3228.0
2014,916,69,americas,USA,1,818,vergne,5,VER,toro_rosso,14,10,56,104180.0,6113648.0,2.0,54711.0,27355.5,22.0,13,30.0,7,15,,161.0,5.513,308.728,0,142.0,257.0
2014,916,69,americas,USA,11,821,gutierrez,15,GUT,sauber,15,14,55,103006.0,,3.0,80931.0,26977.0,0.0,20,0.0,10,16,,161.0,5.513,303.215,0,0.0,0.0
2014,916,69,americas,USA,1,822,bottas,3,BOT,williams,3,5,56,102505.0,6035777.0,2.0,48434.0,24217.0,155.0,4,238.0,3,3,96906.0,161.0,5.513,308.728,0,1098.0,2038.0
2014,916,69,americas,USA,1,825,kevin_magnussen,1,MAG,mclaren,7,8,56,104287.0,6105467.0,2.0,51378.0,25689.0,53.0,10,147.0,5,8,97706.0,161.0,5.513,308.728,0,393.0,1264.0
2014,916,69,americas,USA,11,826,kvyat,5,KVY,toro_rosso,17,15,55,101689.0,,3.0,75725.0,25241.666666666668,8.0,15,30.0,7,14,,161.0,5.513,303.215,0,70.0,268.0
2014,917,18,interlagos,Brazil,1,1,hamilton,131,HAM,mercedes,2,2,71,73555.0,5404012.0,3.0,70449.0,23483.0,334.0,1,651.0,1,2,70056.0,785.0,4.309,305.939,0,2383.0,5453.0
2014,917,18,interlagos,Brazil,1,3,rosberg,131,ROS,mercedes,1,1,71,73619.0,5402555.0,3.0,70316.0,23438.666666666668,317.0,2,651.0,1,1,70023.0,785.0,4.309,305.939,0,2392.0,5650.0
2014,917,18,interlagos,Brazil,1,4,alonso,6,ALO,ferrari,8,6,71,74313.0,5464461.0,3.0,69489.0,23163.0,157.0,5,210.0,4,8,70977.0,785.0,4.309,305.939,0,1254.0,1852.0
2014,917,18,interlagos,Brazil,1,8,raikkonen,6,RAI,ferrari,10,7,71,74963.0,5466285.0,2.0,51361.0,25680.5,53.0,11,210.0,4,10,71099.0,785.0,4.309,305.939,0,382.0,1900.0
2014,917,18,interlagos,Brazil,1,13,massa,3,MAS,williams,3,3,71,74101.0,5443586.0,3.0,80222.0,26740.666666666668,98.0,8,254.0,3,3,70247.0,785.0,4.309,305.939,0,583.0,2115.0
2014,917,18,interlagos,Brazil,11,16,sutil,15,SUT,sauber,13,16,70,74834.0,,3.0,78620.0,26206.666666666668,0.0,18,0.0,10,13,,785.0,4.309,301.63,0,0.0,0.0
2014,917,18,interlagos,Brazil,1,18,button,1,BUT,mclaren,5,4,71,73999.0,5451213.0,3.0,69021.0,23007.0,106.0,7,161.0,5,5,70930.0,785.0,4.309,305.939,0,762.0,1315.0
2014,917,18,interlagos,Brazil,1,20,vettel,9,VET,red_bull,6,5,71,74018.0,5453975.0,3.0,69749.0,23249.666666666668,159.0,4,373.0,2,6,70938.0,785.0,4.309,305.939,0,1158.0,3329.0
2014,917,18,interlagos,Brazil,18,154,grosjean,208,GRO,lotus_f1,14,17,63,74070.0,,3.0,71811.0,23937.0,8.0,14,10.0,8,15,,785.0,4.309,271.467,0,80.0,86.0
2014,917,18,interlagos,Brazil,1,807,hulkenberg,10,HUL,force_india,12,8,71,73728.0,5466489.0,3.0,70288.0,23429.333333333332,80.0,9,127.0,6,12,,785.0,4.309,305.939,0,721.0,1206.0
2014,917,18,interlagos,Brazil,11,813,maldonado,208,MAL,lotus_f1,16,12,70,74810.0,,3.0,69708.0,23236.0,2.0,16,10.0,8,18,,785.0,4.309,301.63,0,4.0,88.0
2014,917,18,interlagos,Brazil,11,815,perez,10,PER,force_india,18,15,70,74550.0,,3.0,76531.0,25510.333333333332,47.0,12,127.0,6,17,,785.0,4.309,301.63,0,390.0,1224.0
2014,917,18,interlagos,Brazil,22,817,ricciardo,9,RIC,red_bull,9,0,39,75387.0,,2.0,46012.0,23006.0,214.0,3,373.0,2,9,71075.0,785.0,4.309,168.05100000000002,0,1658.0,3430.0
2014,917,18,interlagos,Brazil,11,818,vergne,5,VER,toro_rosso,15,13,70,74774.0,,3.0,72192.0,24064.0,22.0,13,30.0,7,16,,785.0,4.309,301.63,0,156.0,279.0
2014,917,18,interlagos,Brazil,11,821,gutierrez,15,GUT,sauber,11,14,70,74875.0,,3.0,71346.0,23782.0,0.0,20,0.0,10,11,,785.0,4.309,301.63,0,0.0,0.0
2014,917,18,interlagos,Brazil,11,822,bottas,3,BOT,williams,4,10,70,74229.0,,3.0,85041.0,28347.0,156.0,6,254.0,3,4,70305.0,785.0,4.309,301.63,0,1199.0,2192.0
2014,917,18,interlagos,Brazil,1,825,kevin_magnussen,1,MAG,mclaren,7,9,71,74544.0,5472640.0,3.0,71382.0,23794.0,55.0,10,161.0,5,7,70969.0,785.0,4.309,305.939,0,419.0,1366.0
2014,917,18,interlagos,Brazil,11,826,kvyat,5,KVY,toro_rosso,17,11,70,74144.0,,3.0,74112.0,24704.0,8.0,15,30.0,7,14,,785.0,4.309,301.63,0,74.0,290.0
2014,918,24,yas_marina,UAE,1,1,hamilton,131,HAM,mercedes,2,1,55,105599.0,5942619.0,2.0,43772.0,21886.0,384.0,1,701.0,1,2,100866.0,3.0,5.554,305.47,0,2606.0,5872.0
2014,918,24,yas_marina,UAE,11,3,rosberg,131,ROS,mercedes,1,14,54,106869.0,,2.0,45824.0,22912.0,317.0,2,701.0,1,1,100480.0,3.0,5.554,299.916,0,2544.0,6094.0
2014,918,24,yas_marina,UAE,1,4,alonso,6,ALO,ferrari,8,9,55,107424.0,6028432.0,2.0,43687.0,21843.5,161.0,6,216.0,4,8,102866.0,3.0,5.554,305.47,0,1328.0,1938.0
2014,918,24,yas_marina,UAE,1,8,raikkonen,6,RAI,ferrari,7,10,55,107736.0,6030439.0,2.0,43752.0,21876.0,55.0,12,216.0,4,7,102236.0,3.0,5.554,305.47,0,418.0,1976.0
2014,918,24,yas_marina,UAE,1,13,massa,3,MAS,williams,4,2,55,104826.0,5945195.0,2.0,44094.0,22047.0,134.0,7,320.0,3,4,101119.0,3.0,5.554,305.47,0,687.0,2325.0
2014,918,24,yas_marina,UAE,11,16,sutil,15,SUT,sauber,13,16,54,107508.0,,3.0,66995.0,22331.666666666668,0.0,18,0.0,10,13,,3.0,5.554,299.916,0,0.0,0.0
2014,918,24,yas_marina,UAE,1,18,button,1,BUT,mclaren,6,5,55,106739.0,6002953.0,2.0,44669.0,22334.5,126.0,8,181.0,5,6,101964.0,3.0,5.554,305.47,0,833.0,1436.0
2014,918,24,yas_marina,UAE,1,20,vettel,9,VET,red_bull,19,8,55,105552.0,6014664.0,2.0,44705.0,22352.5,167.0,5,405.0,2,0,,3.0,5.554,305.47,0,1255.0,3530.0
2014,918,24,yas_marina,UAE,11,154,grosjean,208,GRO,lotus_f1,18,13,54,107897.0,,3.0,59393.0,19797.666666666668,8.0,14,10.0,8,14,,3.0,5.554,299.916,0,80.0,90.0
2014,918,24,yas_marina,UAE,31,155,kobayashi,207,KOB,caterham,16,0,42,107431.0,,2.0,46847.0,23423.5,0.0,22,0.0,11,17,,3.0,5.554,233.268,0,0.0,0.0
2014,918,24,yas_marina,UAE,1,807,hulkenberg,10,HUL,force_india,12,6,55,105777.0,6004767.0,2.0,49087.0,24543.5,96.0,9,155.0,6,12,,3.0,5.554,305.47,0,754.0,1262.0
2014,918,24,yas_marina,UAE,131,813,maldonado,208,MAL,lotus_f1,15,0,26,108933.0,,1.0,21998.0,21998.0,2.0,16,10.0,8,16,,3.0,5.554,144.404,0,6.0,92.0
2014,918,24,yas_marina,UAE,1,815,perez,10,PER,force_india,11,7,55,105808.0,6013679.0,2.0,44356.0,22178.0,59.0,10,155.0,6,11,,3.0,5.554,305.47,0,421.0,1300.0
2014,918,24,yas_marina,UAE,1,817,ricciardo,9,RIC,red_bull,20,4,55,104496.0,5979856.0,2.0,43329.0,21664.5,238.0,3,405.0,2,0,,3.0,5.554,305.47,0,1798.0,3630.0
2014,918,24,yas_marina,UAE,1,818,vergne,5,VER,toro_rosso,10,12,55,105686.0,6034566.0,3.0,68028.0,22676.0,22.0,13,30.0,7,10,,3.0,5.554,305.47,0,169.0,293.0
2014,918,24,yas_marina,UAE,11,821,gutierrez,15,GUT,sauber,14,15,54,107698.0,,2.0,46398.0,23199.0,0.0,20,0.0,10,15,,3.0,5.554,299.916,0,0.0,0.0
2014,918,24,yas_marina,UAE,1,822,bottas,3,BOT,williams,3,3,55,105727.0,5971499.0,2.0,43676.0,21838.0,186.0,4,320.0,3,3,101025.0,3.0,5.554,305.47,0,1312.0,2458.0
2014,918,24,yas_marina,UAE,1,825,kevin_magnussen,1,MAG,mclaren,9,11,55,106824.0,6032995.0,2.0,43710.0,21855.0,55.0,11,181.0,5,9,,3.0,5.554,305.47,0,439.0,1506.0
2014,918,24,yas_marina,UAE,131,826,kvyat,5,KVY,toro_rosso,5,0,14,108748.0,,1.0,24169.0,24169.0,8.0,15,30.0,7,5,101908.0,3.0,5.554,77.756,0,76.0,296.0
2014,918,24,yas_marina,UAE,11,829,stevens,207,STE,caterham,17,17,54,108398.0,,2.0,47689.0,23844.5,0.0,23,0.0,11,18,,3.0,5.554,299.916,0,0.0,0.0
2015,926,1,albert_park,Australia,1,1,hamilton,131,HAM,mercedes,1,1,58,90945.0,5514067.0,1.0,22295.0,22295.0,25.0,1,43.0,1,1,86327.0,10.0,5.303,307.574,0,2455.0,5615.0
2015,926,1,albert_park,Australia,1,3,rosberg,131,ROS,mercedes,2,2,58,91092.0,5515427.0,1.0,22105.0,22105.0,18.0,2,43.0,1,2,86921.0,10.0,5.303,307.574,0,2372.0,5136.0
2015,926,1,albert_park,Australia,36,8,raikkonen,6,RAI,ferrari,5,0,40,91426.0,,2.0,49870.0,24935.0,0.0,12,15.0,2,5,87790.0,10.0,5.303,212.12,0,399.0,1813.0
2015,926,1,albert_park,Australia,1,13,massa,3,MAS,williams,3,4,58,91719.0,5552263.0,1.0,22062.0,22062.0,12.0,4,12.0,4,3,87718.0,10.0,5.303,307.574,0,669.0,2269.0
2015,926,1,albert_park,Australia,12,18,button,1,BUT,mclaren,16,11,56,93338.0,,1.0,23353.0,23353.0,0.0,11,0.0,8,17,,10.0,5.303,296.968,0,774.0,1385.0
2015,926,1,albert_park,Australia,1,20,vettel,6,VET,ferrari,4,3,58,91457.0,5548590.0,1.0,22694.0,22694.0,15.0,3,15.0,2,4,87757.0,10.0,5.303,307.574,0,1188.0,1650.0
2015,926,1,albert_park,Australia,75,154,grosjean,208,GRO,lotus_f1,8,0,0,,,0.0,0.0,0.0,0.0,14,0.0,9,9,88560.0,10.0,5.303,0.0,0,72.0,84.0
2015,926,1,albert_park,Australia,11,807,hulkenberg,10,HUL,force_india,13,7,57,91970.0,,2.0,43749.0,21874.5,6.0,7,7.0,6,14,,10.0,5.303,302.271,0,691.0,1185.0
2015,926,1,albert_park,Australia,3,813,maldonado,208,MAL,lotus_f1,9,0,0,,,0.0,0.0,0.0,0.0,15,0.0,9,10,89480.0,10.0,5.303,0.0,0,6.0,76.0
2015,926,1,albert_park,Australia,11,815,perez,10,PER,force_india,14,10,57,91959.0,,1.0,26009.0,26009.0,1.0,10,7.0,6,15,,10.0,5.303,302.271,0,393.0,1070.0
2015,926,1,albert_park,Australia,11,817,ricciardo,9,RIC,red_bull,6,6,57,92797.0,,1.0,22535.0,22535.0,8.0,6,8.0,5,7,88329.0,10.0,5.303,302.271,0,1700.0,3306.0
2015,926,1,albert_park,Australia,54,822,bottas,3,BOT,williams,0,0,0,,,0.0,0.0,0.0,0.0,18,12.0,4,6,88087.0,10.0,5.303,0.0,0,1221.0,2080.0
2015,926,1,albert_park,Australia,54,825,kevin_magnussen,1,MAG,mclaren,17,0,0,,,0.0,0.0,0.0,0.0,17,0.0,8,18,,10.0,5.303,0.0,0,402.0,1264.0
2015,926,1,albert_park,Australia,54,826,kvyat,9,KVY,red_bull,12,0,0,,,0.0,0.0,0.0,0.0,16,8.0,5,13,,10.0,5.303,0.0,0,70.0,2982.0
2015,926,1,albert_park,Australia,11,828,ericsson,15,ERI,sauber,15,8,57,91560.0,,3.0,68288.0,22762.666666666668,4.0,8,14.0,3,16,,10.0,5.303,302.271,0,4.0,14.0
2015,926,1,albert_park,Australia,5,830,max_verstappen,5,VER,toro_rosso,11,0,32,94295.0,,1.0,23532.0,23532.0,0.0,13,2.0,7,12,,10.0,5.303,169.696,0,0.0,269.0
2015,926,1,albert_park,Australia,1,831,nasr,15,NAS,sauber,10,5,58,92612.0,5609216.0,1.0,22933.0,22933.0,10.0,5,14.0,3,11,,10.0,5.303,307.574,0,10.0,28.0
2015,926,1,albert_park,Australia,11,832,sainz,5,SAI,toro_rosso,7,9,57,92872.0,,1.0,55789.0,55789.0,2.0,9,2.0,7,8,88510.0,10.0,5.303,302.271,0,2.0,242.0
2015,927,2,sepang,Malaysia,1,1,hamilton,131,HAM,mercedes,1,2,56,103125.0,6074362.0,3.0,74868.0,24956.0,43.0,1,76.0,1,1,109834.0,18.0,5.543,310.408,0,2307.0,4647.0
2015,927,2,sepang,Malaysia,1,3,rosberg,131,ROS,mercedes,3,3,56,102062.0,6078103.0,3.0,82599.0,27533.0,33.0,3,76.0,1,3,110299.0,18.0,5.543,310.408,0,2203.0,4158.0
2015,927,2,sepang,Malaysia,132,4,alonso,1,ALO,mclaren,18,0,21,108460.0,,1.0,25222.0,25222.0,0.0,20,0.0,9,18,,18.0,5.543,116.403,0,1231.0,1121.0
2015,927,2,sepang,Malaysia,1,8,raikkonen,6,RAI,ferrari,11,4,56,104124.0,6119615.0,3.0,76682.0,25560.666666666668,12.0,5,52.0,2,11,,18.0,5.543,310.408,0,384.0,1514.0
2015,927,2,sepang,Malaysia,1,13,massa,3,MAS,williams,7,6,56,103990.0,6139379.0,3.0,77590.0,25863.333333333332,20.0,4,30.0,3,7,112473.0,18.0,5.543,310.408,0,649.0,1894.0
2015,927,2,sepang,Malaysia,101,18,button,1,BUT,mclaren,17,0,41,106056.0,,3.0,84454.0,28151.333333333332,0.0,16,0.0,9,17,,18.0,5.543,227.263,0,714.0,978.0
2015,927,2,sepang,Malaysia,1,20,vettel,6,VET,ferrari,2,1,56,103648.0,6065793.0,2.0,49088.0,24544.0,40.0,2,52.0,2,2,109908.0,18.0,5.543,310.408,0,1140.0,1378.0
2015,927,2,sepang,Malaysia,11,154,grosjean,208,GRO,lotus_f1,10,11,55,104812.0,,3.0,75012.0,25004.0,0.0,15,0.0,8,8,112981.0,18.0,5.543,304.865,0,64.0,68.0
2015,927,2,sepang,Malaysia,11,807,hulkenberg,10,HUL,force_india,13,14,55,104822.0,,3.0,86224.0,28741.333333333332,6.0,9,7.0,7,13,,18.0,5.543,304.865,0,628.0,954.0
2015,927,2,sepang,Malaysia,31,813,maldonado,208,MAL,lotus_f1,12,0,47,105070.0,,3.0,98959.0,32986.333333333336,0.0,18,0.0,8,12,,18.0,5.543,260.521,0,6.0,60.0
2015,927,2,sepang,Malaysia,11,815,perez,10,PER,force_india,14,13,55,105345.0,,2.0,61044.0,30522.0,1.0,14,7.0,7,14,,18.0,5.543,304.865,0,365.0,838.0
2015,927,2,sepang,Malaysia,11,817,ricciardo,9,RIC,red_bull,4,10,55,105312.0,,3.0,77711.0,25903.666666666668,9.0,8,11.0,6,4,111541.0,18.0,5.543,304.865,0,1578.0,2651.0
2015,927,2,sepang,Malaysia,1,822,bottas,3,BOT,williams,8,5,56,104088.0,6136202.0,3.0,79588.0,26529.333333333332,10.0,7,30.0,3,9,113179.0,18.0,5.543,310.408,0,1136.0,1708.0
2015,927,2,sepang,Malaysia,11,826,kvyat,9,KVY,red_bull,5,9,55,104514.0,,3.0,81393.0,27131.0,2.0,13,11.0,6,5,111951.0,18.0,5.543,304.865,0,66.0,2320.0
2015,927,2,sepang,Malaysia,20,828,ericsson,15,ERI,sauber,9,0,3,108760.0,,0.0,0.0,0.0,4.0,12,14.0,4,10,113261.0,18.0,5.543,16.629,0,8.0,42.0
2015,927,2,sepang,Malaysia,69,829,stevens,209,STE,manor,0,0,0,,,0.0,0.0,0.0,0.0,21,0.0,10,0,,18.0,5.543,0.0,0,0.0,0.0
2015,927,2,sepang,Malaysia,1,830,max_verstappen,5,VER,toro_rosso,6,7,56,104579.0,6163555.0,3.0,79939.0,26646.333333333332,6.0,10,12.0,5,6,111981.0,18.0,5.543,310.408,0,6.0,225.0
2015,927,2,sepang,Malaysia,11,831,nasr,15,NAS,sauber,16,12,55,103902.0,,4.0,110194.0,27548.5,10.0,6,14.0,4,16,,18.0,5.543,304.865,0,20.0,56.0
2015,927,2,sepang,Malaysia,11,832,sainz,5,SAI,toro_rosso,15,8,55,105507.0,,2.0,50291.0,25145.5,6.0,11,12.0,5,15,,18.0,5.543,304.865,0,8.0,208.0
2015,927,2,sepang,Malaysia,13,833,merhi,209,MER,manor,19,15,53,109040.0,,3.0,83746.0,27915.333333333332,0.0,17,0.0,10,19,,18.0,5.543,293.779,0,0.0,0.0
2015,928,17,shanghai,China,1,1,hamilton,131,HAM,mercedes,1,1,56,102208.0,5982008.0,2.0,44880.0,22440.0,68.0,1,119.0,1,1,95782.0,5.0,5.451,305.256,0,2184.0,3669.0
2015,928,17,shanghai,China,1,3,rosberg,131,ROS,mercedes,2,2,56,102565.0,5982722.0,2.0,45312.0,22656.0,51.0,3,119.0,1,2,95828.0,5.0,5.451,305.256,0,2034.0,3180.0
2015,928,17,shanghai,China,11,4,alonso,1,ALO,mclaren,18,12,55,103728.0,,2.0,46583.0,23291.5,0.0,17,0.0,9,18,,5.0,5.451,299.805,0,1116.0,831.0
2015,928,17,shanghai,China,1,8,raikkonen,6,RAI,ferrari,6,4,56,103026.0,5985843.0,2.0,45271.0,22635.5,24.0,5,79.0,2,6,97232.0,5.0,5.451,305.256,0,369.0,1261.0
2015,928,17,shanghai,China,1,13,massa,3,MAS,williams,4,5,56,102734.0,5990552.0,2.0,46462.0,23231.0,30.0,4,48.0,3,4,96954.0,5.0,5.451,305.256,0,639.0,1518.0
2015,928,17,shanghai,China,11,18,button,1,BUT,mclaren,17,14,55,104991.0,,2.0,47209.0,23604.5,0.0,16,0.0,9,17,,5.0,5.451,299.805,0,646.0,684.0
2015,928,17,shanghai,China,1,20,vettel,6,VET,ferrari,3,3,56,103018.0,5984996.0,2.0,44932.0,22466.0,55.0,2,79.0,2,3,96687.0,5.0,5.451,305.256,0,1097.0,1144.0
2015,928,17,shanghai,China,1,154,grosjean,208,GRO,lotus_f1,8,7,56,103134.0,6001016.0,2.0,47026.0,23513.0,6.0,9,6.0,8,8,97905.0,5.0,5.451,305.256,0,62.0,56.0
2015,928,17,shanghai,China,6,807,hulkenberg,10,HUL,force_india,16,0,9,105844.0,,0.0,0.0,0.0,6.0,10,7.0,7,16,,5.0,5.451,49.059,0,564.0,722.0
2015,928,17,shanghai,China,23,813,maldonado,208,MAL,lotus_f1,11,0,49,103686.0,,3.0,63281.0,21093.666666666668,0.0,20,6.0,8,11,,5.0,5.451,267.099,0,6.0,52.0
2015,928,17,shanghai,China,11,815,perez,10,PER,force_india,15,11,55,103512.0,,3.0,69311.0,23103.666666666668,1.0,15,7.0,7,15,,5.0,5.451,299.805,0,333.0,606.0
2015,928,17,shanghai,China,1,817,ricciardo,9,RIC,red_bull,7,9,56,103245.0,6014125.0,2.0,45532.0,22766.0,11.0,8,13.0,5,7,97540.0,5.0,5.451,305.256,0,1433.0,1970.0
2015,928,17,shanghai,China,1,822,bottas,3,BOT,williams,5,6,56,103051.0,5991893.0,2.0,46666.0,23333.0,18.0,6,48.0,3,5,97143.0,5.0,5.451,305.256,0,1044.0,1328.0
2015,928,17,shanghai,China,131,826,kvyat,9,KVY,red_bull,12,0,15,106291.0,,0.0,0.0,0.0,2.0,14,13.0,5,12,,5.0,5.451,81.765,0,60.0,1620.0
2015,928,17,shanghai,China,11,828,ericsson,15,ERI,sauber,10,10,55,104204.0,,2.0,48435.0,24217.5,5.0,13,19.0,4,10,98158.0,5.0,5.451,299.805,0,13.0,75.0
2015,928,17,shanghai,China,12,829,stevens,209,STE,manor,19,15,54,105414.0,,2.0,48186.0,24093.0,0.0,19,0.0,10,19,,5.0,5.451,294.354,0,0.0,0.0
2015,928,17,shanghai,China,7,830,max_verstappen,5,VER,toro_rosso,13,17,52,103880.0,,2.0,47514.0,23757.0,6.0,11,12.0,6,13,,5.0,5.451,283.452,0,12.0,190.0
2015,928,17,shanghai,China,1,831,nasr,15,NAS,sauber,9,8,56,103692.0,6004633.0,2.0,47141.0,23570.5,14.0,7,19.0,4,9,98067.0,5.0,5.451,305.256,0,34.0,94.0
2015,928,17,shanghai,China,11,832,sainz,5,SAI,toro_rosso,14,13,55,102652.0,,2.0,47219.0,23609.5,6.0,12,12.0,6,14,,5.0,5.451,299.805,0,14.0,172.0
2015,928,17,shanghai,China,12,833,merhi,209,MER,manor,20,16,54,105963.0,,2.0,50026.0,25013.0,0.0,18,0.0,10,20,,5.0,5.451,294.354,0,0.0,0.0
2015,929,3,bahrain,Bahrain,1,1,hamilton,131,HAM,mercedes,1,1,57,97857.0,5705809.0,2.0,50319.0,25159.5,93.0,1,159.0,1,1,92571.0,7.0,5.412,308.484,0,2061.0,2688.0
2015,929,3,bahrain,Bahrain,1,3,rosberg,131,ROS,mercedes,3,3,57,97326.0,5711842.0,2.0,50729.0,25364.5,66.0,2,159.0,1,3,93129.0,7.0,5.412,308.484,0,1862.0,2196.0
2015,929,3,bahrain,Bahrain,11,4,alonso,1,ALO,mclaren,14,11,56,98992.0,,2.0,50248.0,25124.0,0.0,16,0.0,9,14,,7.0,5.412,303.072,0,995.0,523.0
2015,929,3,bahrain,Bahrain,1,8,raikkonen,6,RAI,ferrari,4,2,57,96311.0,5709189.0,2.0,49320.0,24660.0,42.0,4,107.0,2,4,93227.0,7.0,5.412,308.484,0,370.0,1041.0
2015,929,3,bahrain,Bahrain,11,13,massa,3,MAS,williams,6,10,56,99094.0,,2.0,49911.0,24955.5,31.0,5,61.0,3,6,93744.0,7.0,5.412,303.072,0,615.0,1135.0
2015,929,3,bahrain,Bahrain,132,18,button,1,BUT,mclaren,20,0,0,,,0.0,0.0,0.0,0.0,17,0.0,9,0,,7.0,5.412,0.0,0,574.0,362.0
2015,929,3,bahrain,Bahrain,1,20,vettel,6,VET,ferrari,2,5,57,96624.0,5749798.0,3.0,82879.0,27626.333333333332,65.0,3,107.0,2,2,92982.0,7.0,5.412,308.484,0,1056.0,938.0
2015,929,3,bahrain,Bahrain,1,154,grosjean,208,GRO,lotus_f1,10,7,57,99161.0,5790572.0,2.0,49994.0,24997.0,12.0,9,12.0,6,10,94484.0,7.0,5.412,308.484,0,66.0,54.0
2015,929,3,bahrain,Bahrain,11,807,hulkenberg,10,HUL,force_india,8,13,56,98653.0,,3.0,76310.0,25436.666666666668,6.0,10,11.0,8,8,94450.0,7.0,5.412,303.072,0,500.0,490.0
2015,929,3,bahrain,Bahrain,11,813,maldonado,208,MAL,lotus_f1,16,15,56,97665.0,,3.0,162130.0,54043.333333333336,0.0,20,12.0,6,16,,7.0,5.412,303.072,0,6.0,56.0
2015,929,3,bahrain,Bahrain,11,815,perez,10,PER,force_india,11,8,56,98338.0,,2.0,50861.0,25430.5,5.0,13,11.0,8,11,,7.0,5.412,303.072,0,299.0,374.0
2015,929,3,bahrain,Bahrain,1,817,ricciardo,9,RIC,red_bull,7,6,57,98948.0,5767560.0,2.0,50666.0,25333.0,19.0,7,23.0,4,7,93832.0,7.0,5.412,308.484,0,1286.0,1270.0
2015,929,3,bahrain,Bahrain,1,822,bottas,3,BOT,williams,5,4,57,98095.0,5748766.0,2.0,49916.0,24958.0,30.0,6,61.0,3,5,93381.0,7.0,5.412,308.484,0,952.0,942.0
2015,929,3,bahrain,Bahrain,11,826,kvyat,9,KVY,red_bull,17,9,56,98725.0,,2.0,50113.0,25056.5,4.0,15,23.0,4,17,,7.0,5.412,303.072,0,56.0,920.0
2015,929,3,bahrain,Bahrain,11,828,ericsson,15,ERI,sauber,13,14,56,98422.0,,3.0,101249.0,33749.666666666664,5.0,14,19.0,5,13,,7.0,5.412,303.072,0,18.0,113.0
2015,929,3,bahrain,Bahrain,12,829,stevens,209,STE,manor,18,16,55,101759.0,,2.0,52582.0,26291.0,0.0,19,0.0,10,18,,7.0,5.412,297.65999999999997,0,0.0,0.0
2015,929,3,bahrain,Bahrain,10,830,max_verstappen,5,VER,toro_rosso,15,0,34,99607.0,,2.0,66563.0,33281.5,6.0,11,12.0,7,15,,7.0,5.412,184.008,0,18.0,154.0
2015,929,3,bahrain,Bahrain,11,831,nasr,15,NAS,sauber,12,12,56,98216.0,,3.0,77567.0,25855.666666666668,14.0,8,19.0,5,12,,7.0,5.412,303.072,0,48.0,132.0
2015,929,3,bahrain,Bahrain,5,832,sainz,5,SAI,toro_rosso,9,0,29,100651.0,,2.0,59240.0,29620.0,6.0,12,12.0,7,9,94462.0,7.0,5.412,156.948,0,20.0,136.0
2015,929,3,bahrain,Bahrain,13,833,merhi,209,MER,manor,19,17,54,102033.0,,2.0,53407.0,26703.5,0.0,18,0.0,10,19,,7.0,5.412,292.248,0,0.0,0.0
2015,930,4,catalunya,Spain,1,1,hamilton,131,HAM,mercedes,2,2,66,88270.0,6090106.0,3.0,69278.0,23092.666666666668,111.0,1,202.0,1,2,84948.0,109.0,4.657,307.362,0,1931.0,1697.0
2015,930,4,catalunya,Spain,1,3,rosberg,131,ROS,mercedes,1,1,66,89109.0,6072555.0,2.0,44322.0,22161.0,91.0,2,202.0,1,1,84681.0,109.0,4.657,307.362,0,1715.0,1198.0
2015,930,4,catalunya,Spain,23,4,alonso,1,ALO,mclaren,13,0,26,93387.0,,1.0,23728.0,23728.0,0.0,16,0.0,9,13,,109.0,4.657,121.082,0,874.0,181.0
2015,930,4,catalunya,Spain,1,8,raikkonen,6,RAI,ferrari,7,5,66,89931.0,6132557.0,2.0,44412.0,22206.0,52.0,4,132.0,2,7,86414.0,109.0,4.657,307.362,0,377.0,854.0
2015,930,4,catalunya,Spain,1,13,massa,3,MAS,williams,9,6,66,90374.0,6153869.0,3.0,67025.0,22341.666666666668,39.0,6,81.0,3,9,86757.0,109.0,4.657,307.362,0,589.0,703.0
2015,930,4,catalunya,Spain,11,18,button,1,BUT,mclaren,14,16,65,91162.0,,3.0,69982.0,23327.333333333332,0.0,17,0.0,9,14,,109.0,4.657,302.705,0,502.0,0.0
2015,930,4,catalunya,Spain,1,20,vettel,6,VET,ferrari,3,3,66,90737.0,6117897.0,2.0,43598.0,21799.0,80.0,3,132.0,2,3,85458.0,109.0,4.657,307.362,0,1012.0,770.0
2015,930,4,catalunya,Spain,11,154,grosjean,208,GRO,lotus_f1,11,8,65,91945.0,,2.0,56565.0,28282.5,16.0,8,16.0,6,11,,109.0,4.657,302.705,0,74.0,62.0
2015,930,4,catalunya,Spain,11,807,hulkenberg,10,HUL,force_india,17,15,65,90888.0,,3.0,67738.0,22579.333333333332,6.0,12,11.0,8,17,,109.0,4.657,302.705,0,434.0,230.0
2015,930,4,catalunya,Spain,3,813,maldonado,208,MAL,lotus_f1,12,0,45,92912.0,,3.0,80010.0,26670.0,0.0,20,16.0,6,12,,109.0,4.657,209.565,0,6.0,68.0
2015,930,4,catalunya,Spain,11,815,perez,10,PER,force_india,18,13,65,91932.0,,2.0,44894.0,22447.0,5.0,13,11.0,8,18,,109.0,4.657,302.705,0,259.0,86.0
2015,930,4,catalunya,Spain,11,817,ricciardo,9,RIC,red_bull,10,7,65,91124.0,,2.0,47324.0,23662.0,25.0,7,30.0,4,10,86770.0,109.0,4.657,302.705,0,1130.0,545.0
2015,930,4,catalunya,Spain,1,822,bottas,3,BOT,williams,4,4,66,90711.0,6131772.0,2.0,43882.0,21941.0,42.0,5,81.0,3,4,85694.0,109.0,4.657,307.362,0,872.0,464.0
2015,930,4,catalunya,Spain,11,826,kvyat,9,KVY,red_bull,8,10,65,91887.0,,2.0,44940.0,22470.0,5.0,15,30.0,4,8,86629.0,109.0,4.657,302.705,0,53.0,170.0
2015,930,4,catalunya,Spain,11,828,ericsson,15,ERI,sauber,16,14,65,92222.0,,2.0,48144.0,24072.0,5.0,14,19.0,5,16,,109.0,4.657,302.705,0,23.0,151.0
2015,930,4,catalunya,Spain,13,829,stevens,209,STE,manor,19,17,63,93655.0,,3.0,70526.0,23508.666666666668,0.0,19,0.0,10,19,,109.0,4.657,293.391,0,0.0,0.0
2015,930,4,catalunya,Spain,11,830,max_verstappen,5,VER,toro_rosso,6,11,65,91896.0,,2.0,47003.0,23501.5,6.0,11,14.0,7,6,86249.0,109.0,4.657,302.705,0,24.0,120.0
2015,930,4,catalunya,Spain,11,831,nasr,15,NAS,sauber,15,12,65,91928.0,,2.0,45863.0,22931.5,14.0,9,19.0,5,15,,109.0,4.657,302.705,0,62.0,170.0
2015,930,4,catalunya,Spain,11,832,sainz,5,SAI,toro_rosso,5,9,65,91156.0,,2.0,45037.0,22518.5,8.0,10,14.0,7,5,86136.0,109.0,4.657,302.705,0,28.0,104.0
2015,930,4,catalunya,Spain,14,833,merhi,209,MER,manor,20,18,62,94211.0,,3.0,71901.0,23967.0,0.0,18,0.0,10,20,,109.0,4.657,288.734,0,0.0,0.0
2015,931,6,monaco,Monaco,1,1,hamilton,131,HAM,mercedes,1,3,78,78676.0,6564473.0,2.0,49676.0,24838.0,126.0,1,242.0,1,1,75098.0,7.0,3.337,260.286,1,1791.0,1397.0
2015,931,6,monaco,Monaco,1,3,rosberg,131,ROS,mercedes,2,1,78,78599.0,6558420.0,1.0,24789.0,24789.0,116.0,2,242.0,1,2,75440.0,7.0,3.337,260.286,1,1575.0,1596.0
2015,931,6,monaco,Monaco,6,4,alonso,1,ALO,mclaren,13,0,41,80459.0,,1.0,30345.0,30345.0,0.0,17,4.0,9,15,,7.0,3.337,136.817,1,741.0,4.0
2015,931,6,monaco,Monaco,1,8,raikkonen,6,RAI,ferrari,6,6,78,79651.0,6572765.0,1.0,24177.0,24177.0,60.0,4,158.0,2,6,76427.0,7.0,3.337,260.286,1,392.0,913.0
2015,931,6,monaco,Monaco,11,13,massa,3,MAS,williams,12,15,77,79764.0,,3.0,92299.0,30766.333333333332,39.0,6,81.0,3,14,,7.0,3.337,256.949,1,557.0,533.0
2015,931,6,monaco,Monaco,1,18,button,1,BUT,mclaren,10,8,78,79490.0,6574483.0,2.0,49723.0,24861.5,4.0,16,4.0,9,12,,7.0,3.337,260.286,1,424.0,8.0
2015,931,6,monaco,Monaco,1,20,vettel,6,VET,ferrari,3,2,78,78854.0,6562906.0,1.0,24851.0,24851.0,98.0,3,158.0,2,3,75849.0,7.0,3.337,260.286,1,971.0,1056.0
2015,931,6,monaco,Monaco,1,154,grosjean,208,GRO,lotus_f1,15,12,78,80483.0,6586835.0,1.0,25077.0,25077.0,16.0,10,16.0,7,11,,7.0,3.337,260.286,1,82.0,84.0
2015,931,6,monaco,Monaco,1,807,hulkenberg,10,HUL,force_india,11,11,78,79921.0,6584652.0,2.0,59531.0,29765.5,6.0,13,17.0,6,13,,7.0,3.337,260.286,1,364.0,96.0
2015,931,6,monaco,Monaco,23,813,maldonado,208,MAL,lotus_f1,8,0,5,82271.0,,0.0,0.0,0.0,0.0,20,16.0,7,9,76946.0,7.0,3.337,16.685000000000002,1,6.0,100.0
2015,931,6,monaco,Monaco,1,815,perez,10,PER,force_india,7,7,78,79657.0,6573433.0,2.0,49852.0,24926.0,11.0,11,17.0,6,7,76808.0,7.0,3.337,260.286,1,224.0,106.0
2015,931,6,monaco,Monaco,1,817,ricciardo,9,RIC,red_bull,4,5,78,78063.0,6572028.0,2.0,48745.0,24372.5,35.0,7,52.0,4,4,76041.0,7.0,3.337,260.286,1,972.0,214.0
2015,931,6,monaco,Monaco,1,822,bottas,3,BOT,williams,16,14,78,78944.0,6604209.0,2.0,49053.0,24526.5,42.0,5,81.0,3,17,,7.0,3.337,260.286,1,784.0,602.0
2015,931,6,monaco,Monaco,1,826,kvyat,9,KVY,red_bull,5,4,78,79130.0,6570385.0,1.0,25119.0,25119.0,17.0,8,52.0,4,5,76182.0,7.0,3.337,260.286,1,62.0,258.0
2015,931,6,monaco,Monaco,1,828,ericsson,15,ERI,sauber,17,13,78,79285.0,6589579.0,3.0,76250.0,25416.666666666668,5.0,15,21.0,5,18,,7.0,3.337,260.286,1,28.0,177.0
2015,931,6,monaco,Monaco,12,829,stevens,209,STE,manor,18,17,76,82693.0,,1.0,28606.0,28606.0,0.0,19,0.0,10,19,,7.0,3.337,253.61200000000002,1,0.0,0.0
2015,931,6,monaco,Monaco,3,830,max_verstappen,5,VER,toro_rosso,9,0,62,78873.0,,2.0,78557.0,39278.5,6.0,14,15.0,8,10,76957.0,7.0,3.337,206.894,1,30.0,117.0
2015,931,6,monaco,Monaco,1,831,nasr,15,NAS,sauber,14,9,78,80017.0,6582046.0,2.0,52152.0,26076.0,16.0,9,21.0,5,16,,7.0,3.337,260.286,1,78.0,184.0
2015,931,6,monaco,Monaco,1,832,sainz,5,SAI,toro_rosso,0,10,78,79816.0,6583476.0,1.0,25306.0,25306.0,9.0,12,15.0,8,8,76931.0,7.0,3.337,260.286,1,37.0,130.0
2015,931,6,monaco,Monaco,12,833,merhi,209,MER,manor,19,16,76,81715.0,,1.0,27554.0,27554.0,0.0,18,0.0,10,20,,7.0,3.337,253.61200000000002,1,0.0,0.0
2015,932,7,villeneuve,Canada,1,1,hamilton,131,HAM,mercedes,1,1,70,77472.0,5513145.0,1.0,23708.0,23708.0,151.0,1,285.0,1,1,74393.0,13.0,4.361,305.27,0,1651.0,1805.0
2015,932,7,villeneuve,Canada,1,3,rosberg,131,ROS,mercedes,2,2,70,77637.0,5515430.0,1.0,23321.0,23321.0,134.0,2,285.0,1,2,74702.0,13.0,4.361,305.27,0,1435.0,2014.0
2015,932,7,villeneuve,Canada,5,4,alonso,1,ALO,mclaren,13,0,44,79580.0,,1.0,23553.0,23553.0,0.0,18,4.0,9,14,,13.0,4.361,191.884,0,608.0,12.0
2015,932,7,villeneuve,Canada,1,8,raikkonen,6,RAI,ferrari,3,4,70,76987.0,5558770.0,2.0,48208.0,24104.0,72.0,4,180.0,2,3,75014.0,13.0,4.361,305.27,0,417.0,1184.0
2015,932,7,villeneuve,Canada,1,13,massa,3,MAS,williams,15,6,70,77553.0,5569526.0,1.0,23912.0,23912.0,47.0,6,104.0,3,17,,13.0,4.361,305.27,0,533.0,676.0
2015,932,7,villeneuve,Canada,31,18,button,1,BUT,mclaren,20,0,54,78856.0,,2.0,43431.0,21715.5,4.0,17,4.0,9,0,,13.0,4.361,235.494,0,334.0,16.0
2015,932,7,villeneuve,Canada,1,20,vettel,6,VET,ferrari,18,5,70,77105.0,5563048.0,2.0,51186.0,25593.0,108.0,3,180.0,2,16,,13.0,4.361,305.27,0,936.0,1312.0
2015,932,7,villeneuve,Canada,11,154,grosjean,208,GRO,lotus_f1,5,10,69,77969.0,,1.0,24292.0,24292.0,17.0,9,23.0,5,5,75194.0,13.0,4.361,300.909,0,91.0,123.0
2015,932,7,villeneuve,Canada,11,807,hulkenberg,10,HUL,force_india,7,8,69,78238.0,,1.0,23507.0,23507.0,10.0,12,21.0,7,7,75614.0,13.0,4.361,300.909,0,298.0,120.0
2015,932,7,villeneuve,Canada,1,813,maldonado,208,MAL,lotus_f1,6,7,70,78385.0,5579809.0,1.0,23660.0,23660.0,6.0,15,23.0,5,6,75329.0,13.0,4.361,305.27,0,12.0,146.0
2015,932,7,villeneuve,Canada,11,815,perez,10,PER,force_india,10,11,69,78889.0,,1.0,23453.0,23453.0,11.0,11,21.0,7,10,76338.0,13.0,4.361,300.909,0,188.0,134.0
2015,932,7,villeneuve,Canada,11,817,ricciardo,9,RIC,red_bull,9,13,69,79060.0,,1.0,23997.0,23997.0,35.0,7,54.0,4,9,76114.0,13.0,4.361,300.909,0,808.0,301.0
2015,932,7,villeneuve,Canada,1,822,bottas,3,BOT,williams,4,3,70,77922.0,5553811.0,1.0,25541.0,25541.0,57.0,5,104.0,3,4,75102.0,13.0,4.361,305.27,0,696.0,750.0
2015,932,7,villeneuve,Canada,11,826,kvyat,9,KVY,red_bull,8,9,69,78048.0,,1.0,23681.0,23681.0,19.0,8,54.0,4,8,76079.0,13.0,4.361,300.909,0,73.0,344.0
2015,932,7,villeneuve,Canada,11,828,ericsson,15,ERI,sauber,12,14,69,78890.0,,1.0,24149.0,24149.0,5.0,16,21.0,6,13,,13.0,4.361,300.909,0,33.0,191.0
2015,932,7,villeneuve,Canada,14,829,stevens,209,STE,manor,17,17,66,80707.0,,1.0,30807.0,30807.0,0.0,20,0.0,10,19,,13.0,4.361,287.82599999999996,0,0.0,0.0
2015,932,7,villeneuve,Canada,11,830,max_verstappen,5,VER,toro_rosso,19,15,69,78616.0,,1.0,36105.0,36105.0,6.0,14,15.0,8,12,,13.0,4.361,300.909,0,36.0,133.0
2015,932,7,villeneuve,Canada,12,831,nasr,15,NAS,sauber,14,16,68,79088.0,,1.0,24795.0,24795.0,16.0,10,21.0,6,15,,13.0,4.361,296.548,0,94.0,198.0
2015,932,7,villeneuve,Canada,11,832,sainz,5,SAI,toro_rosso,11,12,69,78811.0,,1.0,24277.0,24277.0,9.0,13,15.0,8,11,,13.0,4.361,300.909,0,46.0,136.0
2015,932,7,villeneuve,Canada,31,833,merhi,209,MER,manor,16,0,57,80804.0,,1.0,26986.0,26986.0,0.0,19,0.0,10,18,,13.0,4.361,248.577,0,0.0,0.0
2015,933,70,red_bull_ring,Austria,1,1,hamilton,131,HAM,mercedes,1,2,71,71475.0,5425730.0,1.0,21869.0,21869.0,169.0,1,328.0,1,1,68455.0,678.0,4.318,306.578,0,1504.0,2223.0
2015,933,70,red_bull_ring,Austria,1,3,rosberg,131,ROS,mercedes,2,1,71,71235.0,5416930.0,1.0,21768.0,21768.0,159.0,2,328.0,1,2,68655.0,678.0,4.318,306.578,0,1302.0,2432.0
2015,933,70,red_bull_ring,Austria,4,4,alonso,1,ALO,mclaren,19,0,0,,,0.0,0.0,0.0,0.0,18,4.0,9,15,,678.0,4.318,0.0,0,467.0,20.0
2015,933,70,red_bull_ring,Austria,4,8,raikkonen,6,RAI,ferrari,14,0,0,,,0.0,0.0,0.0,72.0,4,192.0,2,18,,678.0,4.318,0.0,0,442.0,1425.0
2015,933,70,red_bull_ring,Austria,1,13,massa,3,MAS,williams,4,3,71,71613.0,5434503.0,1.0,22447.0,22447.0,62.0,6,129.0,3,4,69192.0,678.0,4.318,306.578,0,512.0,831.0
2015,933,70,red_bull_ring,Austria,31,18,button,1,BUT,mclaren,20,0,8,112208.0,,2.0,52831.0,26415.5,4.0,17,4.0,9,17,,678.0,4.318,34.544,0,244.0,24.0
2015,933,70,red_bull_ring,Austria,1,20,vettel,6,VET,ferrari,3,4,71,71499.0,5435111.0,1.0,31882.0,31882.0,120.0,3,192.0,2,3,68810.0,678.0,4.318,306.578,0,907.0,1538.0
2015,933,70,red_bull_ring,Austria,6,154,grosjean,208,GRO,lotus_f1,9,0,35,72881.0,,1.0,22016.0,22016.0,17.0,10,29.0,6,10,,678.0,4.318,151.13,0,100.0,169.0
2015,933,70,red_bull_ring,Austria,1,807,hulkenberg,10,HUL,force_india,5,6,71,72541.0,5481005.0,1.0,21685.0,21685.0,18.0,9,31.0,5,5,69278.0,678.0,4.318,306.578,0,240.0,158.0
2015,933,70,red_bull_ring,Austria,11,813,maldonado,208,MAL,lotus_f1,10,7,70,71785.0,,1.0,21847.0,21847.0,12.0,13,29.0,6,11,,678.0,4.318,302.26,0,22.0,192.0
2015,933,70,red_bull_ring,Austria,11,815,perez,10,PER,force_india,13,9,70,72377.0,,1.0,26689.0,26689.0,13.0,12,31.0,5,16,,678.0,4.318,302.26,0,154.0,182.0
2015,933,70,red_bull_ring,Austria,11,817,ricciardo,9,RIC,red_bull,18,10,70,71689.0,,1.0,27710.0,27710.0,36.0,7,55.0,4,14,,678.0,4.318,302.26,0,630.0,386.0
2015,933,70,red_bull_ring,Austria,1,822,bottas,3,BOT,williams,6,5,71,72248.0,5470534.0,1.0,22777.0,22777.0,67.0,5,129.0,3,6,69319.0,678.0,4.318,306.578,0,608.0,912.0
2015,933,70,red_bull_ring,Austria,11,826,kvyat,9,KVY,red_bull,15,12,70,72316.0,,2.0,50743.0,25371.5,19.0,8,55.0,4,8,69694.0,678.0,4.318,302.26,0,84.0,428.0
2015,933,70,red_bull_ring,Austria,12,828,ericsson,15,ERI,sauber,11,13,69,72516.0,,3.0,68892.0,22964.0,5.0,16,21.0,7,12,,678.0,4.318,297.94199999999995,0,38.0,200.0
2015,933,70,red_bull_ring,Austria,44,829,stevens,209,STE,manor,17,0,1,,,0.0,0.0,0.0,0.0,20,0.0,10,20,,678.0,4.318,4.318,0,0.0,0.0
2015,933,70,red_bull_ring,Austria,11,830,max_verstappen,5,VER,toro_rosso,7,8,70,72349.0,,1.0,21984.0,21984.0,10.0,14,19.0,8,7,69612.0,678.0,4.318,302.26,0,46.0,143.0
2015,933,70,red_bull_ring,Austria,11,831,nasr,15,NAS,sauber,8,11,70,73050.0,,1.0,22803.0,22803.0,16.0,11,21.0,7,9,69713.0,678.0,4.318,302.26,0,110.0,202.0
2015,933,70,red_bull_ring,Austria,75,832,sainz,5,SAI,toro_rosso,12,0,35,73234.0,,1.0,27638.0,27638.0,9.0,15,19.0,8,13,,678.0,4.318,151.13,0,55.0,150.0
2015,933,70,red_bull_ring,Austria,13,833,merhi,209,MER,manor,16,14,68,74939.0,,1.0,23926.0,23926.0,0.0,19,0.0,10,19,,678.0,4.318,293.62399999999997,0,0.0,0.0
2015,934,9,silverstone,UK,1,1,hamilton,131,HAM,mercedes,1,1,52,97093.0,5487729.0,2.0,57396.0,28698.0,194.0,1,371.0,1,1,92248.0,153.0,5.891,306.332,0,1364.0,2644.0
2015,934,9,silverstone,UK,1,3,rosberg,131,ROS,mercedes,2,2,52,97403.0,5498685.0,2.0,58786.0,29393.0,177.0,2,371.0,1,2,92361.0,153.0,5.891,306.332,0,1162.0,2856.0
2015,934,9,silverstone,UK,11,4,alonso,1,ALO,mclaren,17,10,51,98883.0,,3.0,132474.0,44158.0,1.0,18,5.0,9,17,,153.0,5.891,300.441,0,319.0,29.0
2015,934,9,silverstone,UK,11,8,raikkonen,6,RAI,ferrari,5,8,51,97493.0,,3.0,89549.0,29849.666666666668,76.0,5,211.0,2,5,93379.0,153.0,5.891,300.441,0,465.0,1642.0
2015,934,9,silverstone,UK,1,13,massa,3,MAS,williams,3,4,52,97466.0,5524568.0,2.0,61317.0,30658.5,74.0,6,151.0,3,3,93085.0,153.0,5.891,306.332,0,488.0,1002.0
2015,934,9,silverstone,UK,4,18,button,1,BUT,mclaren,18,0,0,,,0.0,0.0,0.0,4.0,17,5.0,9,18,,153.0,5.891,0.0,0,142.0,34.0
2015,934,9,silverstone,UK,1,20,vettel,6,VET,ferrari,6,3,52,97707.0,5513172.0,2.0,58622.0,29311.0,135.0,3,211.0,2,6,93547.0,153.0,5.891,306.332,0,883.0,1746.0
2015,934,9,silverstone,UK,4,154,grosjean,208,GRO,lotus_f1,12,0,0,,,0.0,0.0,0.0,17.0,10,29.0,6,12,,153.0,5.891,0.0,0,109.0,209.0
2015,934,9,silverstone,UK,1,807,hulkenberg,10,HUL,force_india,9,7,52,98296.0,5566473.0,2.0,62449.0,31224.5,24.0,9,39.0,5,9,93673.0,153.0,5.891,306.332,0,184.0,210.0
2015,934,9,silverstone,UK,4,813,maldonado,208,MAL,lotus_f1,14,0,0,,,0.0,0.0,0.0,12.0,13,29.0,6,14,,153.0,5.891,0.0,0,32.0,226.0
2015,934,9,silverstone,UK,11,815,perez,10,PER,force_india,11,9,51,98466.0,,2.0,60858.0,30429.0,15.0,12,39.0,5,11,,153.0,5.891,300.441,0,122.0,238.0
2015,934,9,silverstone,UK,10,817,ricciardo,9,RIC,red_bull,10,0,21,99940.0,,2.0,71704.0,35852.0,36.0,7,63.0,4,10,93943.0,153.0,5.891,123.711,0,452.0,468.0
2015,934,9,silverstone,UK,1,822,bottas,3,BOT,williams,4,5,52,97513.0,5550923.0,2.0,60718.0,30359.0,77.0,4,151.0,3,4,93149.0,153.0,5.891,306.332,0,529.0,1092.0
2015,934,9,silverstone,UK,1,826,kvyat,9,KVY,red_bull,7,6,52,97910.0,5551684.0,2.0,62326.0,31163.0,27.0,8,63.0,4,7,93636.0,153.0,5.891,306.332,0,103.0,508.0
2015,934,9,silverstone,UK,11,828,ericsson,15,ERI,sauber,15,11,51,98131.0,,4.0,120490.0,30122.5,5.0,16,21.0,7,15,,153.0,5.891,300.441,0,43.0,204.0
2015,934,9,silverstone,UK,13,829,stevens,209,STE,manor,19,13,49,101919.0,,2.0,92825.0,46412.5,0.0,20,0.0,10,19,,153.0,5.891,288.659,0,0.0,0.0
2015,934,9,silverstone,UK,20,830,max_verstappen,5,VER,toro_rosso,13,0,3,140776.0,,0.0,0.0,0.0,10.0,14,19.0,8,13,,153.0,5.891,17.673000000000002,0,56.0,157.0
2015,934,9,silverstone,UK,6,831,nasr,15,NAS,sauber,16,0,0,,,0.0,0.0,0.0,16.0,11,21.0,7,16,,153.0,5.891,0.0,0,126.0,206.0
2015,934,9,silverstone,UK,10,832,sainz,5,SAI,toro_rosso,8,0,31,98697.0,,1.0,29393.0,29393.0,9.0,15,19.0,8,8,93649.0,153.0,5.891,182.621,0,64.0,164.0
2015,934,9,silverstone,UK,13,833,merhi,209,MER,manor,20,12,49,102324.0,,2.0,65358.0,32679.0,0.0,19,0.0,10,20,,153.0,5.891,288.659,0,0.0,0.0
2015,936,11,hungaroring,Hungary,1,1,hamilton,131,HAM,mercedes,1,6,69,85727.0,6422010.0,6.0,127687.0,21281.166666666668,202.0,1,383.0,1,1,82020.0,264.0,4.381,302.289,0,1182.0,3037.0
2015,936,11,hungaroring,Hungary,1,3,rosberg,131,ROS,mercedes,2,8,69,85149.0,6428861.0,5.0,102771.0,20554.2,181.0,2,383.0,1,2,82595.0,264.0,4.381,302.289,0,1026.0,3218.0
2015,936,11,hungaroring,Hungary,1,4,alonso,1,ALO,mclaren,15,5,69,87311.0,6419064.0,5.0,100704.0,20140.8,11.0,15,17.0,9,15,,264.0,4.381,302.289,0,173.0,51.0
2015,936,11,hungaroring,Hungary,131,8,raikkonen,6,RAI,ferrari,5,0,55,86954.0,,5.0,138104.0,27620.8,76.0,5,236.0,2,5,83020.0,264.0,4.381,240.955,0,486.0,1850.0
2015,936,11,hungaroring,Hungary,1,13,massa,3,MAS,williams,8,12,69,86864.0,6444263.0,5.0,104994.0,20998.8,74.0,6,151.0,3,8,83537.0,264.0,4.381,302.289,0,428.0,1162.0
2015,936,11,hungaroring,Hungary,1,18,button,1,BUT,mclaren,16,9,69,88535.0,6437013.0,4.0,77111.0,19277.75,6.0,17,17.0,9,16,,264.0,4.381,302.289,0,22.0,68.0
2015,936,11,hungaroring,Hungary,1,20,vettel,6,VET,ferrari,3,1,69,86772.0,6369985.0,4.0,77688.0,19422.0,160.0,3,236.0,2,3,82739.0,264.0,4.381,302.289,0,876.0,1954.0
2015,936,11,hungaroring,Hungary,1,154,grosjean,208,GRO,lotus_f1,10,7,69,88080.0,6428563.0,5.0,109662.0,21932.4,23.0,10,35.0,6,10,84181.0,264.0,4.381,302.289,0,124.0,245.0
2015,936,11,hungaroring,Hungary,33,807,hulkenberg,10,HUL,force_india,11,0,41,88074.0,,2.0,44795.0,22397.5,24.0,9,39.0,5,11,,264.0,4.381,179.621,0,112.0,266.0
2015,936,11,hungaroring,Hungary,1,813,maldonado,208,MAL,lotus_f1,14,14,69,87130.0,6455127.0,6.0,117642.0,19607.0,12.0,14,35.0,6,14,,264.0,4.381,302.289,0,42.0,264.0
2015,936,11,hungaroring,Hungary,22,815,perez,10,PER,force_india,13,0,53,88499.0,,5.0,116190.0,23238.0,15.0,13,39.0,5,13,,264.0,4.381,232.193,0,78.0,294.0
2015,936,11,hungaroring,Hungary,1,817,ricciardo,9,RIC,red_bull,4,3,69,84821.0,6395069.0,5.0,111897.0,22379.4,51.0,7,96.0,4,4,82774.0,264.0,4.381,302.289,0,265.0,574.0
2015,936,11,hungaroring,Hungary,1,822,bottas,3,BOT,williams,6,13,69,87058.0,6450213.0,5.0,108856.0,21771.2,77.0,4,151.0,3,6,83222.0,264.0,4.381,302.289,0,420.0,1232.0
2015,936,11,hungaroring,Hungary,1,826,kvyat,9,KVY,red_bull,7,2,69,86519.0,6385733.0,5.0,99611.0,19922.2,45.0,8,96.0,4,7,83332.0,264.0,4.381,302.289,0,140.0,640.0
2015,936,11,hungaroring,Hungary,1,828,ericsson,15,ERI,sauber,17,10,69,88004.0,6439115.0,5.0,104000.0,20800.0,6.0,18,22.0,8,17,,264.0,4.381,302.289,0,49.0,209.0
2015,936,11,hungaroring,Hungary,14,829,stevens,209,STE,manor,20,16,65,89543.0,,5.0,103949.0,20789.8,0.0,20,0.0,10,20,,264.0,4.381,284.765,0,0.0,0.0
2015,936,11,hungaroring,Hungary,1,830,max_verstappen,5,VER,toro_rosso,9,4,69,87650.0,6414236.0,5.0,101910.0,20382.0,22.0,11,31.0,7,9,83679.0,264.0,4.381,302.289,0,78.0,181.0
2015,936,11,hungaroring,Hungary,1,831,nasr,15,NAS,sauber,18,11,69,88268.0,6443443.0,5.0,104214.0,20842.8,16.0,12,22.0,8,18,,264.0,4.381,302.289,0,142.0,212.0
2015,936,11,hungaroring,Hungary,10,832,sainz,5,SAI,toro_rosso,12,0,60,88611.0,,4.0,81472.0,20368.0,9.0,16,31.0,7,12,,264.0,4.381,262.86,0,73.0,198.0
2015,936,11,hungaroring,Hungary,12,833,merhi,209,MER,manor,19,15,67,89868.0,,5.0,108958.0,21791.6,0.0,19,0.0,10,19,,264.0,4.381,293.52700000000004,0,0.0,0.0
2015,937,13,spa,Belgium,1,1,hamilton,131,HAM,mercedes,1,1,43,112504.0,5020387.0,2.0,45358.0,22679.0,227.0,1,426.0,1,1,107197.0,401.0,7.004,301.17199999999997,0,1384.0,3402.0
2015,937,13,spa,Belgium,1,3,rosberg,131,ROS,mercedes,2,2,43,112416.0,5022445.0,2.0,45762.0,22881.0,199.0,2,426.0,1,2,107655.0,401.0,7.004,301.17199999999997,0,1207.0,3586.0
2015,937,13,spa,Belgium,11,4,alonso,1,ALO,mclaren,20,13,42,113692.0,,3.0,72267.0,24089.0,11.0,15,17.0,9,18,,401.0,7.004,294.168,0,23.0,81.0
2015,937,13,spa,Belgium,1,8,raikkonen,6,RAI,ferrari,16,7,43,114517.0,5076090.0,2.0,45721.0,22860.5,82.0,4,242.0,2,14,,401.0,7.004,301.17199999999997,0,568.0,2038.0
2015,937,13,spa,Belgium,1,13,massa,3,MAS,williams,6,6,43,114093.0,5075670.0,2.0,46937.0,23468.5,82.0,5,161.0,3,7,108685.0,401.0,7.004,301.17199999999997,0,498.0,1312.0
2015,937,13,spa,Belgium,11,18,button,1,BUT,mclaren,19,14,42,115533.0,,3.0,71995.0,23998.333333333332,6.0,18,17.0,9,17,,401.0,7.004,294.168,0,28.0,94.0
2015,937,13,spa,Belgium,27,20,vettel,6,VET,ferrari,8,12,42,115316.0,,1.0,22681.0,22681.0,160.0,3,242.0,2,9,108825.0,401.0,7.004,294.168,0,1021.0,2122.0
2015,937,13,spa,Belgium,1,154,grosjean,208,GRO,lotus_f1,9,3,43,114779.0,5058375.0,2.0,47210.0,23605.0,38.0,9,50.0,5,4,108561.0,401.0,7.004,301.17199999999997,0,162.0,298.0
2015,937,13,spa,Belgium,75,807,hulkenberg,10,HUL,force_india,11,0,0,,,0.0,0.0,0.0,24.0,12,49.0,6,11,,401.0,7.004,0.0,0,130.0,326.0
2015,937,13,spa,Belgium,5,813,maldonado,208,MAL,lotus_f1,7,0,2,,,0.0,0.0,0.0,12.0,14,50.0,5,8,108754.0,401.0,7.004,14.008,0,54.0,332.0
2015,937,13,spa,Belgium,1,815,perez,10,PER,force_india,4,5,43,114796.0,5074384.0,2.0,46480.0,23240.0,25.0,11,49.0,6,5,108599.0,401.0,7.004,301.17199999999997,0,102.0,358.0
2015,937,13,spa,Belgium,131,817,ricciardo,9,RIC,red_bull,5,0,19,116263.0,,1.0,22637.0,22637.0,51.0,8,108.0,4,6,108639.0,401.0,7.004,133.076,0,308.0,696.0
2015,937,13,spa,Belgium,131,822,bottas,3,BOT,williams,3,9,43,114646.0,5081427.0,3.0,64151.0,21383.666666666668,79.0,6,161.0,3,3,108537.0,401.0,7.004,301.17199999999997,0,499.0,1392.0
2015,937,13,spa,Belgium,1,826,kvyat,9,KVY,red_bull,12,4,43,113032.0,5066079.0,2.0,45359.0,22679.5,57.0,7,108.0,4,12,,401.0,7.004,301.17199999999997,0,197.0,752.0
2015,937,13,spa,Belgium,1,828,ericsson,15,ERI,sauber,13,10,43,114022.0,5111621.0,2.0,47867.0,23933.5,7.0,17,23.0,8,13,,401.0,7.004,301.17199999999997,0,52.0,214.0
2015,937,13,spa,Belgium,11,829,stevens,209,STE,manor,15,16,42,118150.0,,2.0,48276.0,24138.0,0.0,20,0.0,10,19,,401.0,7.004,294.168,0,0.0,0.0
2015,937,13,spa,Belgium,1,830,max_verstappen,5,VER,toro_rosso,18,8,43,113276.0,5076463.0,3.0,70547.0,23515.666666666668,26.0,10,35.0,7,15,,401.0,7.004,301.17199999999997,0,104.0,218.0
2015,937,13,spa,Belgium,1,831,nasr,15,NAS,sauber,14,11,43,113991.0,5122698.0,2.0,46727.0,23363.5,16.0,13,23.0,8,16,,401.0,7.004,301.17199999999997,0,148.0,216.0
2015,937,13,spa,Belgium,131,832,sainz,5,SAI,toro_rosso,10,0,32,114680.0,,2.0,47080.0,23540.0,9.0,16,35.0,7,10,109771.0,401.0,7.004,224.128,0,80.0,238.0
2015,937,13,spa,Belgium,11,833,merhi,209,MER,manor,17,15,42,118174.0,,2.0,46925.0,23462.5,0.0,19,0.0,10,20,,401.0,7.004,294.168,0,0.0,0.0
2015,938,14,monza,Italy,1,1,hamilton,131,HAM,mercedes,1,1,53,86672.0,4680688.0,1.0,24368.0,24368.0,252.0,1,451.0,1,1,83397.0,162.0,5.793,307.029,0,1593.0,3752.0
2015,938,14,monza,Italy,13,3,rosberg,131,ROS,mercedes,4,17,50,87067.0,,1.0,24657.0,24657.0,199.0,2,451.0,1,4,83703.0,162.0,5.793,289.65000000000003,0,1373.0,3918.0
2015,938,14,monza,Italy,16,4,alonso,1,ALO,mclaren,16,18,47,89285.0,,2.0,43704.0,21852.0,11.0,15,17.0,9,17,,162.0,5.793,272.271,0,34.0,107.0
2015,938,14,monza,Italy,1,8,raikkonen,6,RAI,ferrari,2,5,53,87584.0,4749548.0,1.0,24442.0,24442.0,92.0,5,270.0,2,2,83631.0,162.0,5.793,307.029,0,648.0,2212.0
2015,938,14,monza,Italy,1,13,massa,3,MAS,williams,5,3,53,87874.0,4728323.0,1.0,25207.0,25207.0,97.0,4,188.0,3,5,83940.0,162.0,5.793,307.029,0,575.0,1476.0
2015,938,14,monza,Italy,11,18,button,1,BUT,mclaren,15,14,52,89766.0,,1.0,24310.0,24310.0,6.0,18,17.0,9,16,,162.0,5.793,301.236,0,34.0,120.0
2015,938,14,monza,Italy,1,20,vettel,6,VET,ferrari,3,2,53,87376.0,4705730.0,1.0,24340.0,24340.0,178.0,3,270.0,2,3,83685.0,162.0,5.793,307.029,0,1159.0,2302.0
2015,938,14,monza,Italy,130,154,grosjean,208,GRO,lotus_f1,8,0,1,,,0.0,0.0,0.0,38.0,9,50.0,6,8,85054.0,162.0,5.793,5.793,0,200.0,359.0
2015,938,14,monza,Italy,11,807,hulkenberg,10,HUL,force_india,9,7,52,88913.0,,1.0,24286.0,24286.0,30.0,11,63.0,5,9,85317.0,162.0,5.793,301.236,0,154.0,400.0
2015,938,14,monza,Italy,130,813,maldonado,208,MAL,lotus_f1,10,0,1,,,0.0,0.0,0.0,12.0,14,50.0,6,11,,162.0,5.793,5.793,0,66.0,386.0
2015,938,14,monza,Italy,1,815,perez,10,PER,force_india,7,6,53,88140.0,4753471.0,1.0,24281.0,24281.0,33.0,10,63.0,5,7,84626.0,162.0,5.793,307.029,0,134.0,442.0
2015,938,14,monza,Italy,11,817,ricciardo,9,RIC,red_bull,19,8,52,88065.0,,1.0,24259.0,24259.0,55.0,8,113.0,4,15,,162.0,5.793,301.236,0,354.0,811.0
2015,938,14,monza,Italy,1,822,bottas,3,BOT,williams,6,4,53,87525.0,4728684.0,1.0,25536.0,25536.0,91.0,6,188.0,3,6,84127.0,162.0,5.793,307.029,0,580.0,1560.0
2015,938,14,monza,Italy,11,826,kvyat,9,KVY,red_bull,18,10,52,88231.0,,1.0,23884.0,23884.0,58.0,7,113.0,4,14,,162.0,5.793,301.236,0,253.0,870.0
2015,938,14,monza,Italy,11,828,ericsson,15,ERI,sauber,12,9,52,88516.0,,1.0,24842.0,24842.0,9.0,17,25.0,8,10,86214.0,162.0,5.793,301.236,0,57.0,220.0
2015,938,14,monza,Italy,12,829,stevens,209,STE,manor,13,15,51,91098.0,,1.0,29382.0,29382.0,0.0,20,0.0,10,18,,162.0,5.793,295.443,0,0.0,0.0
2015,938,14,monza,Italy,11,830,max_verstappen,5,VER,toro_rosso,20,12,52,87390.0,,3.0,69074.0,23024.666666666668,26.0,12,35.0,7,20,,162.0,5.793,301.236,0,124.0,258.0
2015,938,14,monza,Italy,11,831,nasr,15,NAS,sauber,17,13,52,88653.0,,2.0,51043.0,25521.5,16.0,13,25.0,8,12,,162.0,5.793,301.236,0,154.0,224.0
2015,938,14,monza,Italy,11,832,sainz,5,SAI,toro_rosso,17,11,52,87510.0,,2.0,55094.0,27547.0,9.0,16,35.0,7,13,,162.0,5.793,301.236,0,83.0,278.0
2015,938,14,monza,Italy,12,833,merhi,209,MER,manor,14,16,51,91311.0,,1.0,26435.0,26435.0,0.0,19,0.0,10,19,,162.0,5.793,295.443,0,0.0,0.0
2015,939,15,marina_bay,Singapore,37,1,hamilton,131,HAM,mercedes,5,0,32,112505.0,,1.0,28917.0,28917.0,252.0,1,463.0,1,5,105300.0,18.0,5.063,162.016,1,1777.0,4053.0
2015,939,15,marina_bay,Singapore,1,3,rosberg,131,ROS,mercedes,6,4,61,110934.0,7306838.0,2.0,60449.0,30224.5,211.0,2,463.0,1,6,105415.0,18.0,5.063,308.84299999999996,1,1533.0,4188.0
2015,939,15,marina_bay,Singapore,6,4,alonso,1,ALO,mclaren,12,0,33,113325.0,,1.0,34237.0,34237.0,11.0,15,17.0,9,12,,18.0,5.063,167.07899999999998,1,45.0,133.0
2015,939,15,marina_bay,Singapore,1,8,raikkonen,6,RAI,ferrari,3,3,61,110341.0,7299272.0,2.0,60720.0,30360.0,107.0,4,310.0,2,3,104667.0,18.0,5.063,308.84299999999996,1,731.0,2420.0
2015,939,15,marina_bay,Singapore,6,13,massa,3,MAS,williams,9,0,30,113666.0,,3.0,85702.0,28567.333333333332,97.0,6,198.0,3,9,106077.0,18.0,5.063,151.89,1,642.0,1629.0
2015,939,15,marina_bay,Singapore,6,18,button,1,BUT,mclaren,15,0,52,111167.0,,3.0,133245.0,44415.0,6.0,18,17.0,9,15,,18.0,5.063,263.276,1,40.0,146.0
2015,939,15,marina_bay,Singapore,1,20,vettel,6,VET,ferrari,1,1,61,110069.0,7282118.0,2.0,58445.0,29222.5,203.0,3,310.0,2,1,103885.0,18.0,5.063,308.84299999999996,1,1307.0,2538.0
2015,939,15,marina_bay,Singapore,27,154,grosjean,208,GRO,lotus_f1,10,13,59,112353.0,,2.0,60466.0,30233.0,38.0,10,50.0,6,10,106413.0,18.0,5.063,298.717,1,232.0,407.0
2015,939,15,marina_bay,Singapore,4,807,hulkenberg,10,HUL,force_india,11,0,12,113868.0,,1.0,30868.0,30868.0,30.0,12,69.0,5,11,,18.0,5.063,60.756,1,178.0,480.0
2015,939,15,marina_bay,Singapore,1,813,maldonado,208,MAL,lotus_f1,18,12,61,110175.0,7379836.0,3.0,88981.0,29660.333333333332,12.0,14,50.0,6,18,,18.0,5.063,308.84299999999996,1,78.0,428.0
2015,939,15,marina_bay,Singapore,1,815,perez,10,PER,force_india,13,7,61,111970.0,7332954.0,2.0,59408.0,29704.0,39.0,9,69.0,5,13,,18.0,5.063,308.84299999999996,1,172.0,518.0
2015,939,15,marina_bay,Singapore,1,817,ricciardo,9,RIC,red_bull,2,2,61,110041.0,7283596.0,2.0,60726.0,30363.0,73.0,7,139.0,4,2,104428.0,18.0,5.063,308.84299999999996,1,416.0,954.0
2015,939,15,marina_bay,Singapore,1,822,bottas,3,BOT,williams,7,5,61,111342.0,7316322.0,2.0,58499.0,29249.5,101.0,5,198.0,3,7,105676.0,18.0,5.063,308.84299999999996,1,663.0,1698.0
2015,939,15,marina_bay,Singapore,1,826,kvyat,9,KVY,red_bull,4,6,61,111109.0,7317626.0,2.0,62083.0,31041.5,66.0,8,139.0,4,4,104745.0,18.0,5.063,308.84299999999996,1,317.0,1038.0
2015,939,15,marina_bay,Singapore,1,828,ericsson,15,ERI,sauber,17,11,61,111594.0,7379625.0,3.0,88844.0,29614.666666666668,9.0,17,26.0,8,17,,18.0,5.063,308.84299999999996,1,61.0,229.0
2015,939,15,marina_bay,Singapore,12,829,stevens,209,STE,manor,19,15,59,115890.0,,2.0,68245.0,34122.5,0.0,20,0.0,10,19,,18.0,5.063,298.717,1,0.0,0.0
2015,939,15,marina_bay,Singapore,1,830,max_verstappen,5,VER,toro_rosso,8,8,61,110298.0,7333568.0,2.0,62051.0,31025.5,30.0,11,41.0,7,8,105798.0,18.0,5.063,308.84299999999996,1,148.0,300.0
2015,939,15,marina_bay,Singapore,1,831,nasr,15,NAS,sauber,16,10,61,112566.0,7372163.0,2.0,59596.0,29798.0,17.0,13,26.0,8,16,,18.0,5.063,308.84299999999996,1,157.0,234.0
2015,939,15,marina_bay,Singapore,1,832,sainz,5,SAI,toro_rosso,14,9,61,110401.0,7334978.0,3.0,94597.0,31532.333333333332,11.0,16,41.0,7,14,,18.0,5.063,308.84299999999996,1,88.0,322.0
2015,939,15,marina_bay,Singapore,12,834,rossi,209,RSS,manor,20,14,59,115312.0,,2.0,63216.0,31608.0,0.0,21,0.0,10,20,,18.0,5.063,298.717,1,0.0,0.0
2015,940,22,suzuka,Japan,1,1,hamilton,131,HAM,mercedes,2,1,53,96145.0,5286508.0,2.0,45915.0,22957.5,277.0,1,506.0,1,2,92660.0,45.0,5.807,307.771,0,1961.0,4323.0
2015,940,22,suzuka,Japan,1,3,rosberg,131,ROS,mercedes,1,2,53,97147.0,5305472.0,2.0,46319.0,23159.5,229.0,2,506.0,1,1,92584.0,45.0,5.807,307.771,0,1696.0,4458.0
2015,940,22,suzuka,Japan,11,4,alonso,1,ALO,mclaren,12,11,52,99614.0,,2.0,47407.0,23703.5,11.0,16,17.0,9,14,,45.0,5.807,301.964,0,56.0,158.0
2015,940,22,suzuka,Japan,1,8,raikkonen,6,RAI,ferrari,6,4,53,98035.0,5320276.0,2.0,46298.0,23149.0,119.0,4,337.0,2,6,93347.0,45.0,5.807,307.771,0,808.0,2664.0
2015,940,22,suzuka,Japan,12,13,massa,3,MAS,williams,5,17,51,98595.0,,3.0,85571.0,28523.666666666668,97.0,6,208.0,3,5,93337.0,45.0,5.807,296.15700000000004,0,708.0,1755.0
2015,940,22,suzuka,Japan,11,18,button,1,BUT,mclaren,14,16,52,100121.0,,2.0,47144.0,23572.0,6.0,18,17.0,9,16,,45.0,5.807,301.964,0,46.0,170.0
2015,940,22,suzuka,Japan,1,20,vettel,6,VET,ferrari,4,3,53,97906.0,5307358.0,2.0,46204.0,23102.0,218.0,3,337.0,2,4,93245.0,45.0,5.807,307.771,0,1460.0,2790.0
2015,940,22,suzuka,Japan,1,154,grosjean,208,GRO,lotus_f1,8,7,53,98167.0,5358806.0,2.0,48347.0,24173.5,44.0,9,60.0,6,8,93967.0,45.0,5.807,307.771,0,264.0,459.0
2015,940,22,suzuka,Japan,1,807,hulkenberg,10,HUL,force_india,13,6,53,98331.0,5342067.0,3.0,83001.0,27667.0,38.0,11,77.0,5,11,,45.0,5.807,307.771,0,210.0,556.0
2015,940,22,suzuka,Japan,1,813,maldonado,208,MAL,lotus_f1,11,8,53,98136.0,5360083.0,2.0,48091.0,24045.5,16.0,14,60.0,6,13,,45.0,5.807,307.771,0,94.0,490.0
2015,940,22,suzuka,Japan,11,815,perez,10,PER,force_india,9,12,52,98591.0,,3.0,73611.0,24537.0,39.0,10,77.0,5,9,,45.0,5.807,301.964,0,206.0,594.0
2015,940,22,suzuka,Japan,11,817,ricciardo,9,RIC,red_bull,7,15,52,98898.0,,2.0,49312.0,24656.0,73.0,7,139.0,4,7,93497.0,45.0,5.807,301.964,0,470.0,1114.0
2015,940,22,suzuka,Japan,1,822,bottas,3,BOT,williams,3,5,53,98241.0,5323254.0,2.0,47130.0,23565.0,111.0,5,208.0,3,3,93024.0,45.0,5.807,307.771,0,744.0,1812.0
2015,940,22,suzuka,Japan,11,826,kvyat,9,KVY,red_bull,20,13,52,98366.0,,3.0,69880.0,23293.333333333332,66.0,8,139.0,4,10,,45.0,5.807,301.964,0,379.0,1190.0
2015,940,22,suzuka,Japan,11,828,ericsson,15,ERI,sauber,15,14,52,99343.0,,2.0,46859.0,23429.5,9.0,17,26.0,8,17,,45.0,5.807,301.964,0,65.0,239.0
2015,940,22,suzuka,Japan,13,829,stevens,209,STE,manor,18,19,50,101452.0,,3.0,85282.0,28427.333333333332,0.0,20,0.0,10,19,,45.0,5.807,290.35,0,0.0,0.0
2015,940,22,suzuka,Japan,1,830,max_verstappen,5,VER,toro_rosso,17,9,53,98237.0,5381823.0,2.0,51770.0,25885.0,32.0,12,44.0,7,15,,45.0,5.807,307.771,0,174.0,347.0
2015,940,22,suzuka,Japan,31,831,nasr,15,NAS,sauber,16,0,49,100088.0,,2.0,48879.0,24439.5,17.0,13,26.0,8,18,,45.0,5.807,284.543,0,160.0,244.0
2015,940,22,suzuka,Japan,11,832,sainz,5,SAI,toro_rosso,10,10,52,98686.0,,2.0,63046.0,31523.0,12.0,15,44.0,7,12,,45.0,5.807,301.964,0,94.0,372.0
2015,940,22,suzuka,Japan,12,834,rossi,209,RSS,manor,19,18,51,101467.0,,2.0,50234.0,25117.0,0.0,21,0.0,10,20,,45.0,5.807,296.15700000000004,0,0.0,0.0
2015,941,71,sochi,Russia,1,1,hamilton,131,HAM,mercedes,2,1,53,100573.0,5831024.0,1.0,30216.0,30216.0,302.0,1,531.0,1,2,97433.0,2.0,5.848,309.944,0,2152.0,4606.0
2015,941,71,sochi,Russia,37,3,rosberg,131,ROS,mercedes,1,0,7,103133.0,,0.0,0.0,0.0,229.0,3,531.0,1,1,97113.0,2.0,5.848,40.936,0,1834.0,4754.0
2015,941,71,sochi,Russia,1,4,alonso,1,ALO,mclaren,19,11,53,102639.0,5922234.0,1.0,29539.0,29539.0,11.0,16,19.0,9,16,,2.0,5.848,309.944,0,67.0,172.0
2015,941,71,sochi,Russia,1,8,raikkonen,6,RAI,ferrari,5,8,53,100294.0,5903382.0,1.0,29386.0,29386.0,123.0,4,359.0,2,5,98348.0,2.0,5.848,309.944,0,879.0,2913.0
2015,941,71,sochi,Russia,1,13,massa,3,MAS,williams,15,4,53,100881.0,5869855.0,1.0,30741.0,30741.0,109.0,6,220.0,3,15,,2.0,5.848,309.944,0,778.0,1881.0
2015,941,71,sochi,Russia,1,18,button,1,BUT,mclaren,13,9,53,103068.0,5910491.0,1.0,29719.0,29719.0,8.0,18,19.0,9,13,,2.0,5.848,309.944,0,54.0,174.0
2015,941,71,sochi,Russia,1,20,vettel,6,VET,ferrari,4,2,53,100071.0,5836977.0,1.0,29367.0,29367.0,236.0,2,359.0,2,4,97965.0,2.0,5.848,309.944,0,1616.0,3036.0
2015,941,71,sochi,Russia,3,154,grosjean,208,GRO,lotus_f1,8,0,11,105266.0,,1.0,54445.0,54445.0,44.0,10,66.0,6,8,98787.0,2.0,5.848,64.328,0,292.0,521.0
2015,941,71,sochi,Russia,4,807,hulkenberg,10,HUL,force_india,6,0,0,,,0.0,0.0,0.0,38.0,11,92.0,5,6,98659.0,2.0,5.848,0.0,0,242.0,647.0
2015,941,71,sochi,Russia,1,813,maldonado,208,MAL,lotus_f1,14,7,53,101507.0,5892112.0,1.0,29952.0,29952.0,22.0,14,66.0,6,14,,2.0,5.848,309.944,0,116.0,552.0
2015,941,71,sochi,Russia,1,815,perez,10,PER,force_india,7,3,53,101772.0,5859942.0,1.0,30545.0,30545.0,54.0,9,92.0,5,7,98691.0,2.0,5.848,309.944,0,255.0,700.0
2015,941,71,sochi,Russia,22,817,ricciardo,9,RIC,red_bull,10,15,47,101888.0,,1.0,29732.0,29732.0,73.0,8,149.0,4,10,99728.0,2.0,5.848,274.856,0,518.0,1243.0
2015,941,71,sochi,Russia,4,822,bottas,3,BOT,williams,3,12,52,101134.0,,1.0,30316.0,30316.0,111.0,5,220.0,3,3,97912.0,2.0,5.848,304.096,0,813.0,1950.0
2015,941,71,sochi,Russia,1,826,kvyat,9,KVY,red_bull,11,5,53,,5878590.0,1.0,30418.0,30418.0,76.0,7,149.0,4,11,,2.0,5.848,309.944,0,450.0,1296.0
2015,941,71,sochi,Russia,4,828,ericsson,15,ERI,sauber,17,0,0,,,0.0,0.0,0.0,9.0,17,34.0,8,17,,2.0,5.848,0.0,0,69.0,256.0
2015,941,71,sochi,Russia,12,829,stevens,209,STE,manor,17,14,51,104926.0,,2.0,62821.0,31410.5,0.0,20,0.0,10,18,,2.0,5.848,298.248,0,0.0,0.0
2015,941,71,sochi,Russia,1,830,max_verstappen,5,VER,toro_rosso,9,10,53,103265.0,5919448.0,2.0,67575.0,33787.5,33.0,12,45.0,7,9,98924.0,2.0,5.848,309.944,0,201.0,386.0
2015,941,71,sochi,Russia,1,831,nasr,15,NAS,sauber,12,6,53,101372.0,5887532.0,1.0,30362.0,30362.0,25.0,13,34.0,8,12,,2.0,5.848,309.944,0,171.0,268.0
2015,941,71,sochi,Russia,23,832,sainz,5,SAI,toro_rosso,20,0,45,102258.0,,1.0,30288.0,30288.0,12.0,15,45.0,7,0,,2.0,5.848,263.15999999999997,0,98.0,400.0
2015,941,71,sochi,Russia,11,833,merhi,209,MER,manor,18,13,52,105049.0,,1.0,35072.0,35072.0,0.0,19,0.0,10,19,,2.0,5.848,304.096,0,0.0,0.0
2015,942,69,americas,USA,1,1,hamilton,131,HAM,mercedes,2,1,56,100738.0,6652703.0,2.0,48442.0,24221.0,327.0,1,574.0,1,2,,161.0,5.513,308.728,0,2353.0,4902.0
2015,942,69,americas,USA,1,3,rosberg,131,ROS,mercedes,1,2,56,100666.0,6655553.0,2.0,49882.0,24941.0,247.0,3,574.0,1,1,,161.0,5.513,308.728,0,1965.0,5050.0
2015,942,69,americas,USA,1,4,alonso,1,ALO,mclaren,9,11,56,104323.0,6707519.0,3.0,82023.0,27341.0,11.0,17,27.0,9,11,,161.0,5.513,308.728,0,78.0,184.0
2015,942,69,americas,USA,135,8,raikkonen,6,RAI,ferrari,18,0,25,106186.0,,2.0,59281.0,29640.5,123.0,4,374.0,2,8,,161.0,5.513,137.825,0,942.0,3168.0
2015,942,69,americas,USA,31,13,massa,3,MAS,williams,7,0,23,108231.0,,1.0,24646.0,24646.0,109.0,6,220.0,3,9,,161.0,5.513,126.79899999999999,0,848.0,2009.0
2015,942,69,americas,USA,1,18,button,1,BUT,mclaren,11,6,56,103026.0,6680761.0,3.0,76837.0,25612.333333333332,16.0,16,27.0,9,14,,161.0,5.513,308.728,0,66.0,194.0
2015,942,69,americas,USA,1,20,vettel,6,VET,ferrari,13,3,56,101330.0,6656084.0,3.0,74753.0,24917.666666666668,251.0,2,374.0,2,5,,161.0,5.513,308.728,0,1769.0,3300.0
2015,942,69,americas,USA,31,154,grosjean,208,GRO,lotus_f1,10,0,10,119612.0,,2.0,55351.0,27675.5,44.0,11,70.0,6,13,,161.0,5.513,55.129999999999995,0,320.0,572.0
2015,942,69,americas,USA,3,807,hulkenberg,10,HUL,force_india,6,0,35,105095.0,,2.0,54704.0,27352.0,38.0,12,102.0,5,7,,161.0,5.513,192.95499999999998,0,274.0,753.0
2015,942,69,americas,USA,1,813,maldonado,208,MAL,lotus_f1,12,8,56,102849.0,6684976.0,3.0,78351.0,26117.0,26.0,14,70.0,6,15,,161.0,5.513,308.728,0,142.0,592.0
2015,942,69,americas,USA,1,815,perez,10,PER,force_india,5,5,56,103010.0,6677116.0,2.0,51188.0,25594.0,64.0,9,102.0,5,6,,161.0,5.513,308.728,0,308.0,806.0
2015,942,69,americas,USA,1,817,ricciardo,9,RIC,red_bull,3,10,56,101980.0,6706074.0,3.0,76746.0,25582.0,74.0,8,150.0,4,3,,161.0,5.513,308.728,0,557.0,1338.0
2015,942,69,americas,USA,31,822,bottas,3,BOT,williams,16,0,5,151939.0,,2.0,66872.0,33436.0,111.0,5,220.0,3,12,,161.0,5.513,27.564999999999998,0,882.0,2068.0
2015,942,69,americas,USA,3,826,kvyat,9,KVY,red_bull,4,0,41,103728.0,,2.0,49843.0,24921.5,76.0,7,150.0,4,4,,161.0,5.513,226.033,0,509.0,1380.0
2015,942,69,americas,USA,31,828,ericsson,15,ERI,sauber,14,0,25,107381.0,,2.0,60660.0,30330.0,9.0,18,36.0,8,16,,161.0,5.513,137.825,0,73.0,281.0
2015,942,69,americas,USA,31,829,stevens,209,STE,manor,19,0,1,,,0.0,0.0,0.0,0.0,21,0.0,10,19,,161.0,5.513,5.513,0,0.0,0.0
2015,942,69,americas,USA,1,830,max_verstappen,5,VER,toro_rosso,8,4,56,103172.0,6675062.0,2.0,50431.0,25215.5,45.0,10,63.0,7,10,,161.0,5.513,308.728,0,240.0,428.0
2015,942,69,americas,USA,1,831,nasr,15,NAS,sauber,15,9,56,104407.0,6692960.0,5.0,143303.0,28660.6,27.0,13,36.0,8,17,,161.0,5.513,308.728,0,182.0,294.0
2015,942,69,americas,USA,1,832,sainz,5,SAI,toro_rosso,20,7,56,102660.0,6683322.0,3.0,96681.0,32227.0,18.0,15,63.0,7,20,,161.0,5.513,308.728,0,107.0,456.0
2015,942,69,americas,USA,1,834,rossi,209,RSS,manor,17,12,56,108173.0,6727980.0,3.0,90080.0,30026.666666666668,0.0,20,0.0,10,18,,161.0,5.513,308.728,0,0.0,0.0
2015,943,32,rodriguez,Mexico,1,1,hamilton,131,HAM,mercedes,2,2,71,80723.0,6156992.0,2.0,44632.0,22316.0,345.0,1,617.0,1,2,79668.0,2227.0,4.304,305.584,0,2547.0,5216.0
2015,943,32,rodriguez,Mexico,1,3,rosberg,131,ROS,mercedes,1,1,71,80521.0,6155038.0,2.0,44694.0,22347.0,272.0,2,617.0,1,1,79480.0,2227.0,4.304,305.584,0,2103.0,5382.0
2015,943,32,rodriguez,Mexico,31,4,alonso,1,ALO,mclaren,18,0,1,,,0.0,0.0,0.0,11.0,17,27.0,9,16,,2227.0,4.304,4.304,0,89.0,204.0
2015,943,32,rodriguez,Mexico,4,8,raikkonen,6,RAI,ferrari,19,0,21,84054.0,,0.0,0.0,0.0,123.0,5,374.0,2,15,,2227.0,4.304,90.384,0,993.0,3404.0
2015,943,32,rodriguez,Mexico,1,13,massa,3,MAS,williams,7,6,71,82009.0,6176531.0,2.0,45935.0,22967.5,117.0,6,243.0,3,7,80567.0,2227.0,4.304,305.584,0,918.0,2123.0
2015,943,32,rodriguez,Mexico,1,18,button,1,BUT,mclaren,20,14,71,83006.0,6204252.0,2.0,46374.0,23187.0,16.0,16,27.0,9,20,,2227.0,4.304,305.584,0,78.0,214.0
2015,943,32,rodriguez,Mexico,3,20,vettel,6,VET,ferrari,3,0,50,81847.0,,2.0,50226.0,25113.0,251.0,3,374.0,2,3,79850.0,2227.0,4.304,215.20000000000002,0,1912.0,3508.0
2015,943,32,rodriguez,Mexico,1,154,grosjean,208,GRO,lotus_f1,12,10,71,82893.0,6192972.0,2.0,45836.0,22918.0,45.0,11,71.0,6,12,,2227.0,4.304,305.584,0,348.0,613.0
2015,943,32,rodriguez,Mexico,1,807,hulkenberg,10,HUL,force_india,10,7,71,82391.0,6180898.0,2.0,47413.0,23706.5,44.0,12,112.0,5,10,80788.0,2227.0,4.304,305.584,0,308.0,855.0
2015,943,32,rodriguez,Mexico,1,813,maldonado,208,MAL,lotus_f1,13,11,71,82963.0,6193576.0,2.0,50584.0,25292.0,26.0,14,71.0,6,13,,2227.0,4.304,305.584,0,162.0,634.0
2015,943,32,rodriguez,Mexico,1,815,perez,10,PER,force_india,9,8,71,82757.0,6189381.0,1.0,23547.0,23547.0,68.0,9,112.0,5,9,80716.0,2227.0,4.304,305.584,0,365.0,904.0
2015,943,32,rodriguez,Mexico,1,817,ricciardo,9,RIC,red_bull,5,5,71,81625.0,6174720.0,2.0,44910.0,22455.0,84.0,8,172.0,4,5,80399.0,2227.0,4.304,305.584,0,606.0,1439.0
2015,943,32,rodriguez,Mexico,1,822,bottas,3,BOT,williams,6,3,71,81585.0,6169630.0,2.0,46117.0,23058.5,126.0,4,243.0,3,6,80448.0,2227.0,4.304,305.584,0,951.0,2178.0
2015,943,32,rodriguez,Mexico,1,826,kvyat,9,KVY,red_bull,4,4,71,81549.0,6171610.0,2.0,45077.0,22538.5,88.0,7,172.0,4,4,80398.0,2227.0,4.304,305.584,0,578.0,1498.0
2015,943,32,rodriguez,Mexico,1,828,ericsson,15,ERI,sauber,14,12,71,82716.0,6195218.0,3.0,69709.0,23236.333333333332,9.0,18,36.0,8,14,,2227.0,4.304,305.584,0,77.0,305.0
2015,943,32,rodriguez,Mexico,12,829,stevens,209,STE,manor,17,16,69,85540.0,,2.0,49311.0,24655.5,0.0,21,0.0,10,19,,2227.0,4.304,296.976,0,0.0,0.0
2015,943,32,rodriguez,Mexico,1,830,max_verstappen,5,VER,toro_rosso,8,9,71,82603.0,6190267.0,2.0,45574.0,22787.0,47.0,10,65.0,7,8,80710.0,2227.0,4.304,305.584,0,281.0,486.0
2015,943,32,rodriguez,Mexico,23,831,nasr,15,NAS,sauber,15,0,57,83350.0,,3.0,70256.0,23418.666666666668,27.0,13,36.0,8,17,,2227.0,4.304,245.328,0,193.0,316.0
2015,943,32,rodriguez,Mexico,1,832,sainz,5,SAI,toro_rosso,11,13,71,82172.0,6203810.0,3.0,69972.0,23324.0,18.0,15,65.0,7,11,,2227.0,4.304,305.584,0,116.0,516.0
2015,943,32,rodriguez,Mexico,12,834,rossi,209,RSS,manor,16,15,69,85005.0,,2.0,55809.0,27904.5,0.0,20,0.0,10,18,,2227.0,4.304,296.976,0,0.0,0.0
2015,944,18,interlagos,Brazil,1,1,hamilton,131,HAM,mercedes,2,2,71,74832.0,5476846.0,3.0,70412.0,23470.666666666668,363.0,1,660.0,1,2,71360.0,785.0,4.309,305.939,0,2741.0,5579.0
2015,944,18,interlagos,Brazil,1,3,rosberg,131,ROS,mercedes,1,1,71,74957.0,5469090.0,3.0,71406.0,23802.0,297.0,2,660.0,1,1,71282.0,785.0,4.309,305.939,0,2241.0,5776.0
2015,944,18,interlagos,Brazil,11,4,alonso,1,ALO,mclaren,20,15,70,76519.0,,3.0,70009.0,23336.333333333332,11.0,17,27.0,9,20,,785.0,4.309,301.63,0,100.0,224.0
2015,944,18,interlagos,Brazil,1,8,raikkonen,6,RAI,ferrari,4,4,71,75416.0,5516633.0,2.0,48601.0,24300.5,135.0,5,401.0,2,5,72144.0,785.0,4.309,305.939,0,1056.0,3599.0
2015,944,18,interlagos,Brazil,96,13,massa,3,MAS,williams,8,0,70,75743.0,,3.0,71215.0,23738.333333333332,117.0,6,253.0,3,8,72415.0,785.0,4.309,301.63,0,973.0,2233.0
2015,944,18,interlagos,Brazil,11,18,button,1,BUT,mclaren,16,14,70,76321.0,,3.0,70909.0,23636.333333333332,16.0,16,27.0,9,17,,785.0,4.309,301.63,0,90.0,234.0
2015,944,18,interlagos,Brazil,1,20,vettel,6,VET,ferrari,3,3,71,75046.0,5483334.0,3.0,71136.0,23712.0,266.0,3,401.0,2,3,71804.0,785.0,4.309,305.939,0,2058.0,3690.0
2015,944,18,interlagos,Brazil,11,154,grosjean,208,GRO,lotus_f1,14,8,70,75739.0,,3.0,72220.0,24073.333333333332,49.0,11,76.0,6,15,,785.0,4.309,301.63,0,380.0,660.0
2015,944,18,interlagos,Brazil,11,807,hulkenberg,10,HUL,force_india,5,6,70,76774.0,,2.0,48208.0,24104.0,52.0,10,120.0,5,6,72265.0,785.0,4.309,301.63,0,342.0,955.0
2015,944,18,interlagos,Brazil,11,813,maldonado,208,MAL,lotus_f1,15,10,70,76354.0,,2.0,54197.0,27098.5,27.0,14,76.0,6,16,,785.0,4.309,301.63,0,177.0,686.0
2015,944,18,interlagos,Brazil,11,815,perez,10,PER,force_india,11,12,70,75970.0,,3.0,71195.0,23731.666666666668,68.0,9,120.0,5,13,,785.0,4.309,301.63,0,420.0,1006.0
2015,944,18,interlagos,Brazil,11,817,ricciardo,9,RIC,red_bull,19,11,70,76313.0,,3.0,72691.0,24230.333333333332,84.0,8,178.0,4,9,72417.0,785.0,4.309,301.63,0,654.0,1537.0
2015,944,18,interlagos,Brazil,11,822,bottas,3,BOT,williams,7,5,70,76039.0,,2.0,48649.0,24324.5,136.0,4,253.0,3,4,72085.0,785.0,4.309,301.63,0,1020.0,2288.0
2015,944,18,interlagos,Brazil,11,826,kvyat,9,KVY,red_bull,6,7,70,76500.0,,2.0,47785.0,23892.5,94.0,7,178.0,4,7,72322.0,785.0,4.309,301.63,0,653.0,1576.0
2015,944,18,interlagos,Brazil,12,828,ericsson,15,ERI,sauber,12,16,69,75789.0,,3.0,78949.0,26316.333333333332,9.0,18,36.0,8,14,,785.0,4.309,297.321,0,81.0,326.0
2015,944,18,interlagos,Brazil,14,829,stevens,209,STE,manor,18,17,67,79098.0,,2.0,52642.0,26321.0,0.0,21,0.0,10,19,,785.0,4.309,288.70300000000003,0,0.0,0.0
2015,944,18,interlagos,Brazil,11,830,max_verstappen,5,VER,toro_rosso,9,9,70,75972.0,,3.0,72397.0,24132.333333333332,49.0,12,67.0,7,10,72739.0,785.0,4.309,301.63,0,320.0,542.0
2015,944,18,interlagos,Brazil,11,831,nasr,15,NAS,sauber,13,13,70,76794.0,,2.0,50020.0,25010.0,27.0,13,36.0,8,11,,785.0,4.309,301.63,0,204.0,336.0
2015,944,18,interlagos,Brazil,31,832,sainz,5,SAI,toro_rosso,10,0,0,,,0.0,0.0,0.0,18.0,15,67.0,7,12,,785.0,4.309,0.0,0,125.0,568.0
2015,944,18,interlagos,Brazil,14,834,rossi,209,RSS,manor,17,18,67,78617.0,,2.0,52198.0,26099.0,0.0,20,0.0,10,18,,785.0,4.309,288.70300000000003,0,0.0,0.0
2015,945,24,yas_marina,UAE,1,1,hamilton,131,HAM,mercedes,2,2,55,104517.0,5918446.0,2.0,42738.0,21369.0,381.0,1,703.0,1,2,100614.0,3.0,5.554,305.47,0,2928.0,5973.0
2015,945,24,yas_marina,UAE,1,3,rosberg,131,ROS,mercedes,1,1,55,105356.0,5910175.0,2.0,43217.0,21608.5,322.0,2,703.0,1,1,100237.0,3.0,5.554,305.47,0,2386.0,6170.0
2015,945,24,yas_marina,UAE,12,4,alonso,1,ALO,mclaren,16,17,53,104796.0,,4.0,105741.0,26435.25,11.0,17,27.0,9,17,,3.0,5.554,294.362,0,110.0,244.0
2015,945,24,yas_marina,UAE,1,8,raikkonen,6,RAI,ferrari,3,3,55,104942.0,5929605.0,2.0,47775.0,23887.5,150.0,4,428.0,2,3,101051.0,3.0,5.554,305.47,0,1130.0,3781.0
2015,945,24,yas_marina,UAE,1,13,massa,3,MAS,williams,8,8,55,106984.0,6007926.0,2.0,45561.0,22780.5,121.0,6,257.0,3,8,101759.0,3.0,5.554,305.47,0,1020.0,2337.0
2015,945,24,yas_marina,UAE,11,18,button,1,BUT,mclaren,12,12,54,107509.0,,2.0,46032.0,23016.0,16.0,16,27.0,9,12,,3.0,5.554,299.916,0,102.0,254.0
2015,945,24,yas_marina,UAE,1,20,vettel,6,VET,ferrari,15,4,55,104550.0,5953910.0,2.0,43423.0,21711.5,278.0,3,428.0,2,16,,3.0,5.554,305.47,0,2201.0,3872.0
2015,945,24,yas_marina,UAE,1,154,grosjean,208,GRO,lotus_f1,18,9,55,105859.0,6008376.0,2.0,44437.0,22218.5,51.0,11,78.0,6,15,,3.0,5.554,305.47,0,414.0,704.0
2015,945,24,yas_marina,UAE,1,807,hulkenberg,10,HUL,force_india,7,7,55,107064.0,6003793.0,2.0,44219.0,22109.5,58.0,10,136.0,5,7,101686.0,3.0,5.554,305.47,0,376.0,1065.0
2015,945,24,yas_marina,UAE,4,813,maldonado,208,MAL,lotus_f1,13,0,0,,,0.0,0.0,0.0,27.0,14,78.0,6,13,,3.0,5.554,0.0,0,192.0,722.0
2015,945,24,yas_marina,UAE,1,815,perez,10,PER,force_india,4,5,55,105892.0,5974127.0,2.0,44038.0,22019.0,78.0,9,136.0,5,4,101184.0,3.0,5.554,305.47,0,483.0,1124.0
2015,945,24,yas_marina,UAE,1,817,ricciardo,9,RIC,red_bull,5,6,55,106305.0,5975185.0,2.0,44067.0,22033.5,92.0,8,187.0,4,5,101444.0,3.0,5.554,305.47,0,710.0,1624.0
2015,945,24,yas_marina,UAE,11,822,bottas,3,BOT,williams,6,13,54,106464.0,,3.0,82699.0,27566.333333333332,136.0,5,257.0,3,6,101656.0,3.0,5.554,299.916,0,1079.0,2386.0
2015,945,24,yas_marina,UAE,1,826,kvyat,9,KVY,red_bull,9,10,55,106882.0,6012546.0,2.0,43502.0,21751.0,95.0,7,187.0,4,9,101933.0,3.0,5.554,305.47,0,721.0,1672.0
2015,945,24,yas_marina,UAE,11,828,ericsson,15,ERI,sauber,17,14,54,106517.0,,2.0,45038.0,22519.0,9.0,18,36.0,8,18,,3.0,5.554,299.916,0,85.0,346.0
2015,945,24,yas_marina,UAE,12,829,stevens,209,STE,manor,19,18,53,109610.0,,2.0,45767.0,22883.5,0.0,21,0.0,10,19,,3.0,5.554,294.362,0,0.0,0.0
2015,945,24,yas_marina,UAE,11,830,max_verstappen,5,VER,toro_rosso,11,16,54,105746.0,,3.0,67121.0,22373.666666666668,49.0,12,67.0,7,11,,3.0,5.554,299.916,0,359.0,591.0
2015,945,24,yas_marina,UAE,11,831,nasr,15,NAS,sauber,14,15,54,106424.0,,3.0,73299.0,24433.0,27.0,13,36.0,8,14,,3.0,5.554,299.916,0,215.0,356.0
2015,945,24,yas_marina,UAE,1,832,sainz,5,SAI,toro_rosso,10,11,55,106998.0,6013700.0,2.0,47370.0,23685.0,18.0,15,67.0,7,10,102708.0,3.0,5.554,305.47,0,134.0,614.0
2015,945,24,yas_marina,UAE,13,833,merhi,209,MER,manor,20,19,52,111213.0,,1.0,24314.0,24314.0,0.0,19,0.0,10,20,,3.0,5.554,288.808,0,0.0,0.0
2016,948,1,albert_park,Australia,1,1,hamilton,131,HAM,mercedes,1,2,57,90646.0,6503625.0,2.0,1112027.0,556013.5,18.0,2,43.0,1,1,83837.0,10.0,5.303,302.271,0,2744.0,5682.0
2016,948,1,albert_park,Australia,1,3,rosberg,131,ROS,mercedes,2,1,57,90557.0,6495565.0,2.0,1110834.0,555417.0,25.0,1,43.0,1,2,84197.0,10.0,5.303,302.271,0,2230.0,5194.0
2016,948,1,albert_park,Australia,4,4,alonso,1,ALO,mclaren,11,0,16,92553.0,,1.0,21796.0,21796.0,0.0,21,0.0,9,12,,10.0,5.303,84.848,0,99.0,235.0
2016,948,1,albert_park,Australia,5,8,raikkonen,6,RAI,ferrari,4,0,21,90701.0,,2.0,1111873.0,555936.5,0.0,18,15.0,2,4,85033.0,10.0,5.303,111.363,0,1054.0,3528.0
2016,948,1,albert_park,Australia,1,13,massa,3,MAS,williams,6,5,57,92288.0,6554544.0,2.0,1111355.0,555677.5,10.0,5,14.0,3,6,85458.0,10.0,5.303,302.271,0,956.0,2180.0
2016,948,1,albert_park,Australia,11,18,button,1,BUT,mclaren,12,14,56,91684.0,,3.0,1128919.0,376306.3333333333,0.0,14,0.0,9,13,,10.0,5.303,296.968,0,96.0,216.0
2016,948,1,albert_park,Australia,1,20,vettel,6,VET,ferrari,3,3,57,89951.0,6505208.0,3.0,1135199.0,378399.6666666667,15.0,3,15.0,2,3,84675.0,10.0,5.303,302.271,0,2056.0,3184.0
2016,948,1,albert_park,Australia,1,154,grosjean,210,GRO,haas,19,6,57,92862.0,6567646.0,1.0,1089417.0,1089417.0,8.0,6,8.0,5,19,,10.0,5.303,302.271,0,399.0,8.0
2016,948,1,albert_park,Australia,1,807,hulkenberg,10,HUL,force_india,10,7,57,92833.0,6569764.0,2.0,1111322.0,555661.0,6.0,7,6.0,6,10,,10.0,5.303,302.271,0,358.0,1038.0
2016,948,1,albert_park,Australia,1,815,perez,10,PER,force_india,9,13,57,92780.0,6587264.0,2.0,1112030.0,556015.0,0.0,13,6.0,6,9,,10.0,5.303,302.271,0,468.0,952.0
2016,948,1,albert_park,Australia,1,817,ricciardo,9,RIC,red_bull,8,4,57,88997.0,6519895.0,3.0,1134048.0,378016.0,12.0,4,12.0,4,8,85589.0,10.0,5.303,302.271,0,671.0,1535.0
2016,948,1,albert_park,Australia,4,821,gutierrez,210,GUT,haas,20,0,16,92998.0,,0.0,0.0,0.0,0.0,20,8.0,5,20,,10.0,5.303,84.848,0,0.0,16.0
2016,948,1,albert_park,Australia,1,822,bottas,3,BOT,williams,16,8,57,92725.0,6570718.0,2.0,1110365.0,555182.5,4.0,8,14.0,3,11,,10.0,5.303,302.271,0,1006.0,1974.0
2016,948,1,albert_park,Australia,1,825,kevin_magnussen,4,MAG,renault,14,12,57,92452.0,6581171.0,3.0,996228.0,332076.0,0.0,12,0.0,8,15,,10.0,5.303,302.271,0,365.0,650.0
2016,948,1,albert_park,Australia,31,826,kvyat,9,KVY,red_bull,18,0,0,,,0.0,0.0,0.0,0.0,22,12.0,4,18,,10.0,5.303,0.0,0,676.0,1398.0
2016,948,1,albert_park,Australia,5,828,ericsson,15,ERI,sauber,15,0,38,93892.0,,3.0,1126168.0,375389.3333333333,0.0,17,0.0,10,16,,10.0,5.303,201.514,0,79.0,322.0
2016,948,1,albert_park,Australia,1,830,max_verstappen,5,VER,toro_rosso,5,10,57,91516.0,6572398.0,3.0,1140741.0,380247.0,1.0,10,3.0,7,5,85434.0,10.0,5.303,302.271,0,338.0,572.0
2016,948,1,albert_park,Australia,11,831,nasr,15,NAS,sauber,17,15,56,92711.0,,2.0,1105038.0,552519.0,0.0,15,0.0,10,17,,10.0,5.303,296.968,0,199.0,288.0
2016,948,1,albert_park,Australia,1,832,sainz,5,SAI,toro_rosso,7,9,57,91671.0,6571245.0,3.0,1134777.0,378259.0,2.0,9,3.0,7,7,85582.0,10.0,5.303,302.271,0,127.0,530.0
2016,948,1,albert_park,Australia,1,835,jolyon_palmer,4,PAL,renault,13,11,57,92955.0,6578964.0,2.0,1111580.0,555790.0,0.0,11,0.0,8,14,,10.0,5.303,302.271,0,0.0,578.0
2016,948,1,albert_park,Australia,11,836,wehrlein,209,WEH,manor,21,16,56,92673.0,,3.0,1132241.0,377413.6666666667,0.0,16,0.0,11,22,,10.0,5.303,296.968,0,0.0,0.0
2016,948,1,albert_park,Australia,26,837,haryanto,209,HAR,manor,22,0,17,93847.0,,1.0,23224.0,23224.0,0.0,19,0.0,11,21,,10.0,5.303,90.151,0,0.0,0.0
2016,949,3,bahrain,Bahrain,1,1,hamilton,131,HAM,mercedes,1,3,57,94677.0,5644844.0,3.0,74066.0,24688.666666666668,33.0,2,83.0,1,1,89493.0,7.0,5.412,308.484,0,2550.0,4703.0
2016,949,3,bahrain,Bahrain,1,3,rosberg,131,ROS,mercedes,2,1,57,94482.0,5614696.0,3.0,77921.0,25973.666666666668,50.0,1,83.0,1,2,89570.0,7.0,5.412,308.484,0,2081.0,4212.0
2016,949,3,bahrain,Bahrain,1,8,raikkonen,6,RAI,ferrari,4,2,57,95158.0,5624978.0,3.0,75199.0,25066.333333333332,18.0,4,33.0,2,4,90244.0,7.0,5.412,308.484,0,990.0,2843.0
2016,949,3,bahrain,Bahrain,11,13,massa,3,MAS,williams,7,8,56,97560.0,,2.0,48329.0,24164.5,14.0,7,20.0,4,7,91155.0,7.0,5.412,303.072,0,888.0,1774.0
2016,949,3,bahrain,Bahrain,131,18,button,1,BUT,mclaren,14,0,6,99427.0,,0.0,0.0,0.0,0.0,20,1.0,8,14,,7.0,5.412,32.472,0,90.0,190.0
2016,949,3,bahrain,Bahrain,5,20,vettel,6,VET,ferrari,3,0,0,,,0.0,0.0,0.0,15.0,6,33.0,2,3,90012.0,7.0,5.412,0.0,0,1911.0,2502.0
2016,949,3,bahrain,Bahrain,1,154,grosjean,210,GRO,haas,9,5,57,96095.0,5692995.0,3.0,81953.0,27317.666666666668,18.0,5,18.0,5,9,,7.0,5.412,308.484,0,379.0,34.0
2016,949,3,bahrain,Bahrain,11,807,hulkenberg,10,HUL,force_india,8,15,56,95188.0,,4.0,108190.0,27047.5,6.0,9,6.0,7,8,91620.0,7.0,5.412,303.072,0,340.0,856.0
2016,949,3,bahrain,Bahrain,11,815,perez,10,PER,force_india,18,16,56,96067.0,,3.0,79911.0,26637.0,0.0,17,6.0,7,18,,7.0,5.412,303.072,0,443.0,760.0
2016,949,3,bahrain,Bahrain,1,817,ricciardo,9,RIC,red_bull,5,4,57,96064.0,5677190.0,3.0,76051.0,25350.333333333332,24.0,3,30.0,3,5,90854.0,7.0,5.412,308.484,0,644.0,1278.0
2016,949,3,bahrain,Bahrain,31,821,gutierrez,210,GUT,haas,13,0,9,99341.0,,1.0,32793.0,32793.0,0.0,22,18.0,5,13,,7.0,5.412,48.708,0,0.0,52.0
2016,949,3,bahrain,Bahrain,11,822,bottas,3,BOT,williams,6,9,56,97077.0,,3.0,70423.0,23474.333333333332,6.0,11,20.0,4,6,91153.0,7.0,5.412,303.072,0,933.0,1574.0
2016,949,3,bahrain,Bahrain,11,825,kevin_magnussen,4,MAG,renault,22,11,56,96730.0,,3.0,75600.0,25200.0,0.0,14,0.0,9,19,,7.0,5.412,303.072,0,328.0,506.0
2016,949,3,bahrain,Bahrain,11,826,kvyat,9,KVY,red_bull,15,7,56,95678.0,,3.0,73304.0,24434.666666666668,6.0,10,30.0,3,15,,7.0,5.412,303.072,0,625.0,1158.0
2016,949,3,bahrain,Bahrain,11,828,ericsson,15,ERI,sauber,17,12,56,98003.0,,2.0,50138.0,25069.0,0.0,16,0.0,10,17,,7.0,5.412,303.072,0,72.0,252.0
2016,949,3,bahrain,Bahrain,1,830,max_verstappen,5,VER,toro_rosso,10,6,57,95504.0,5695625.0,3.0,76533.0,25511.0,9.0,8,11.0,6,10,,7.0,5.412,308.484,0,321.0,478.0
2016,949,3,bahrain,Bahrain,11,831,nasr,15,NAS,sauber,21,14,56,95360.0,,3.0,77397.0,25799.0,0.0,19,0.0,10,22,,7.0,5.412,303.072,0,183.0,216.0
2016,949,3,bahrain,Bahrain,31,832,sainz,5,SAI,toro_rosso,11,0,29,98408.0,,2.0,63379.0,31689.5,2.0,12,11.0,6,11,,7.0,5.412,156.948,0,120.0,426.0
2016,949,3,bahrain,Bahrain,9,835,jolyon_palmer,4,PAL,renault,19,0,0,,,0.0,0.0,0.0,0.0,15,0.0,9,20,,7.0,5.412,0.0,0,0.0,434.0
2016,949,3,bahrain,Bahrain,11,836,wehrlein,209,WEH,manor,16,13,56,95448.0,,3.0,77202.0,25734.0,0.0,18,0.0,11,16,,7.0,5.412,303.072,0,0.0,0.0
2016,949,3,bahrain,Bahrain,11,837,haryanto,209,HAR,manor,20,17,56,96685.0,,3.0,80019.0,26673.0,0.0,21,0.0,11,21,,7.0,5.412,303.072,0,0.0,0.0
2016,949,3,bahrain,Bahrain,11,838,vandoorne,1,VAN,mclaren,12,10,56,96121.0,,3.0,74602.0,24867.333333333332,1.0,13,1.0,8,12,,7.0,5.412,303.072,0,1.0,164.0
2016,950,17,shanghai,China,1,1,hamilton,131,HAM,mercedes,22,7,56,100662.0,6012121.0,5.0,122126.0,24425.2,39.0,2,114.0,1,22,,5.0,5.451,305.256,0,2337.0,3709.0
2016,950,17,shanghai,China,1,3,rosberg,131,ROS,mercedes,1,1,56,100418.0,5933891.0,2.0,46390.0,23195.0,75.0,1,114.0,1,1,95402.0,5.0,5.451,305.256,0,1957.0,3206.0
2016,950,17,shanghai,China,1,4,alonso,1,ALO,mclaren,11,12,56,102226.0,6031144.0,2.0,45801.0,22900.5,0.0,18,1.0,8,12,,5.0,5.451,305.256,0,88.0,138.0
2016,950,17,shanghai,China,1,8,raikkonen,6,RAI,ferrari,3,5,56,100593.0,5999763.0,3.0,77262.0,25754.0,28.0,5,61.0,2,3,95972.0,5.0,5.451,305.256,0,926.0,2189.0
2016,950,17,shanghai,China,1,13,massa,3,MAS,williams,10,6,56,101815.0,6009402.0,2.0,45473.0,22736.5,22.0,6,29.0,4,11,,5.0,5.451,305.256,0,813.0,1360.0
2016,950,17,shanghai,China,1,18,button,1,BUT,mclaren,12,13,56,100298.0,6035881.0,3.0,69611.0,23203.666666666668,0.0,19,1.0,8,13,,5.0,5.451,305.256,0,84.0,112.0
2016,950,17,shanghai,China,1,20,vettel,6,VET,ferrari,4,2,56,100610.0,5971667.0,3.0,74741.0,24913.666666666668,33.0,4,61.0,2,4,96246.0,5.0,5.451,305.256,0,1766.0,1876.0
2016,950,17,shanghai,China,11,154,grosjean,210,GRO,haas,14,19,55,99923.0,,4.0,129804.0,32451.0,18.0,8,18.0,5,14,,5.0,5.451,299.805,0,359.0,70.0
2016,950,17,shanghai,China,11,807,hulkenberg,10,HUL,force_india,13,15,55,99824.0,,4.0,103910.0,25977.5,6.0,11,6.0,7,10,,5.0,5.451,299.805,0,316.0,654.0
2016,950,17,shanghai,China,1,815,perez,10,PER,force_india,7,11,56,101846.0,6028174.0,3.0,68051.0,22683.666666666668,0.0,15,6.0,7,7,96865.0,5.0,5.451,305.256,0,410.0,548.0
2016,950,17,shanghai,China,1,817,ricciardo,9,RIC,red_bull,2,4,56,101015.0,5986579.0,3.0,69279.0,23093.0,36.0,3,57.0,3,2,95917.0,5.0,5.451,305.256,0,625.0,1043.0
2016,950,17,shanghai,China,11,821,gutierrez,210,GUT,haas,18,14,55,100368.0,,3.0,69911.0,23303.666666666668,0.0,22,18.0,5,18,,5.0,5.451,299.805,0,0.0,88.0
2016,950,17,shanghai,China,1,822,bottas,3,BOT,williams,5,10,56,101558.0,6020083.0,3.0,68059.0,22686.333333333332,7.0,10,29.0,4,5,96296.0,5.0,5.451,305.256,0,849.0,1146.0
2016,950,17,shanghai,China,11,825,kevin_magnussen,4,MAG,renault,17,17,55,102311.0,,3.0,69092.0,23030.666666666668,0.0,14,0.0,9,17,,5.0,5.451,299.805,0,290.0,362.0
2016,950,17,shanghai,China,1,826,kvyat,9,KVY,red_bull,6,3,56,101546.0,5979827.0,3.0,69375.0,23125.0,21.0,7,57.0,3,6,96399.0,5.0,5.451,305.256,0,588.0,928.0
2016,950,17,shanghai,China,11,828,ericsson,15,ERI,sauber,15,16,55,103269.0,,2.0,47518.0,23759.0,0.0,17,0.0,10,15,,5.0,5.451,299.805,0,63.0,180.0
2016,950,17,shanghai,China,1,830,max_verstappen,5,VER,toro_rosso,9,8,56,100399.0,6013159.0,3.0,76908.0,25636.0,13.0,9,17.0,6,9,97194.0,5.0,5.451,305.256,0,308.0,378.0
2016,950,17,shanghai,China,11,831,nasr,15,NAS,sauber,16,20,55,100582.0,,3.0,85946.0,28648.666666666668,0.0,21,0.0,10,16,,5.0,5.451,299.805,0,167.0,144.0
2016,950,17,shanghai,China,1,832,sainz,5,SAI,toro_rosso,8,9,56,101485.0,6018018.0,3.0,72855.0,24285.0,4.0,12,17.0,6,8,96881.0,5.0,5.451,305.256,0,115.0,330.0
2016,950,17,shanghai,China,11,835,jolyon_palmer,4,PAL,renault,19,22,55,102232.0,,3.0,70178.0,23392.666666666668,0.0,16,0.0,9,19,,5.0,5.451,299.805,0,0.0,290.0
2016,950,17,shanghai,China,11,836,wehrlein,209,WEH,manor,21,18,55,101489.0,,3.0,75347.0,25115.666666666668,0.0,20,0.0,11,21,,5.0,5.451,299.805,0,0.0,0.0
2016,950,17,shanghai,China,11,837,haryanto,209,HAR,manor,20,21,55,102009.0,,3.0,72187.0,24062.333333333332,0.0,23,0.0,11,20,,5.0,5.451,299.805,0,0.0,0.0
2016,951,71,sochi,Russia,1,1,hamilton,131,HAM,mercedes,10,2,53,100266.0,5587019.0,1.0,30001.0,30001.0,57.0,2,157.0,1,10,,2.0,5.848,309.944,0,2142.0,2703.0
2016,951,71,sochi,Russia,1,3,rosberg,131,ROS,mercedes,1,1,53,99094.0,5561997.0,1.0,29709.0,29709.0,100.0,1,157.0,1,1,95417.0,2.0,5.848,309.944,0,1846.0,2200.0
2016,951,71,sochi,Russia,11,4,alonso,1,ALO,mclaren,14,6,52,100347.0,,1.0,29751.0,29751.0,8.0,11,10.0,7,14,,2.0,5.848,304.096,0,85.0,95.0
2016,951,71,sochi,Russia,1,8,raikkonen,6,RAI,ferrari,3,3,53,100101.0,5593995.0,1.0,30498.0,30498.0,43.0,3,76.0,2,4,96663.0,2.0,5.848,309.944,0,862.0,1551.0
2016,951,71,sochi,Russia,1,13,massa,3,MAS,williams,4,5,53,99743.0,5636424.0,2.0,59616.0,29808.0,32.0,6,51.0,4,5,97016.0,2.0,5.848,309.944,0,748.0,944.0
2016,951,71,sochi,Russia,11,18,button,1,BUT,mclaren,12,10,52,101720.0,,1.0,30580.0,30580.0,1.0,16,10.0,7,12,,2.0,5.848,304.096,0,79.0,78.0
2016,951,71,sochi,Russia,4,20,vettel,6,VET,ferrari,7,0,0,,,0.0,0.0,0.0,33.0,5,76.0,2,2,96123.0,2.0,5.848,0.0,0,1596.0,1226.0
2016,951,71,sochi,Russia,11,154,grosjean,210,GRO,haas,15,8,52,102026.0,,1.0,31420.0,31420.0,22.0,7,22.0,5,15,,2.0,5.848,304.096,0,343.0,110.0
2016,951,71,sochi,Russia,4,807,hulkenberg,10,HUL,force_india,13,0,0,,,0.0,0.0,0.0,6.0,13,8.0,8,13,,2.0,5.848,0.0,0,292.0,436.0
2016,951,71,sochi,Russia,11,815,perez,10,PER,force_india,6,9,52,101897.0,,2.0,63200.0,31600.0,2.0,15,8.0,8,7,97212.0,2.0,5.848,304.096,0,373.0,324.0
2016,951,71,sochi,Russia,11,817,ricciardo,9,RIC,red_bull,5,11,52,101179.0,,2.0,78968.0,39484.0,36.0,4,57.0,3,6,97125.0,2.0,5.848,304.096,0,588.0,807.0
2016,951,71,sochi,Russia,11,821,gutierrez,210,GUT,haas,16,17,52,102378.0,,2.0,65206.0,32603.0,0.0,22,22.0,5,16,,2.0,5.848,304.096,0,0.0,132.0
2016,951,71,sochi,Russia,1,822,bottas,3,BOT,williams,2,4,53,101159.0,5612214.0,1.0,29841.0,29841.0,19.0,9,51.0,4,3,96536.0,2.0,5.848,309.944,0,767.0,742.0
2016,951,71,sochi,Russia,11,825,kevin_magnussen,4,MAG,renault,17,7,52,101832.0,,1.0,30585.0,30585.0,6.0,12,6.0,9,17,,2.0,5.848,304.096,0,257.0,224.0
2016,951,71,sochi,Russia,11,826,kvyat,9,KVY,red_bull,8,15,52,102344.0,,2.0,80188.0,40094.0,21.0,8,57.0,3,8,97459.0,2.0,5.848,304.096,0,543.0,686.0
2016,951,71,sochi,Russia,11,828,ericsson,15,ERI,sauber,22,14,52,102050.0,,2.0,60962.0,30481.0,0.0,19,0.0,10,22,,2.0,5.848,304.096,0,54.0,108.0
2016,951,71,sochi,Russia,131,830,max_verstappen,5,VER,toro_rosso,9,0,33,102029.0,,1.0,30553.0,30553.0,13.0,10,17.0,6,9,97583.0,2.0,5.848,192.984,0,291.0,280.0
2016,951,71,sochi,Russia,11,831,nasr,15,NAS,sauber,19,16,52,102253.0,,1.0,30259.0,30259.0,0.0,21,0.0,10,19,,2.0,5.848,304.096,0,150.0,72.0
2016,951,71,sochi,Russia,11,832,sainz,5,SAI,toro_rosso,11,12,52,102205.0,,1.0,30805.0,30805.0,4.0,14,17.0,6,11,,2.0,5.848,304.096,0,108.0,230.0
2016,951,71,sochi,Russia,11,835,jolyon_palmer,4,PAL,renault,18,13,52,102660.0,,1.0,30805.0,30805.0,0.0,18,6.0,9,18,,2.0,5.848,304.096,0,0.0,158.0
2016,951,71,sochi,Russia,12,836,wehrlein,209,WEH,manor,20,18,51,101907.0,,2.0,88584.0,44292.0,0.0,20,0.0,11,20,,2.0,5.848,298.248,0,0.0,0.0
2016,951,71,sochi,Russia,4,837,haryanto,209,HAR,manor,21,0,0,,,0.0,0.0,0.0,0.0,23,0.0,11,21,,2.0,5.848,0.0,0,0.0,0.0
2016,952,4,catalunya,Spain,4,1,hamilton,131,HAM,mercedes,1,0,0,,,0.0,0.0,0.0,57.0,3,157.0,1,1,82000.0,109.0,4.657,0.0,0,1922.0,1654.0
2016,952,4,catalunya,Spain,4,3,rosberg,131,ROS,mercedes,2,0,0,,,0.0,0.0,0.0,100.0,1,157.0,1,2,82280.0,109.0,4.657,0.0,0,1717.0,1108.0
2016,952,4,catalunya,Spain,5,4,alonso,1,ALO,mclaren,10,0,45,89750.0,,2.0,44782.0,22391.0,8.0,12,12.0,8,10,83981.0,109.0,4.657,209.565,0,82.0,63.0
2016,952,4,catalunya,Spain,1,8,raikkonen,6,RAI,ferrari,5,2,66,88538.0,6100633.0,2.0,44276.0,22138.0,61.0,2,109.0,2,5,83113.0,109.0,4.657,307.362,0,804.0,907.0
2016,952,4,catalunya,Spain,1,13,massa,3,MAS,williams,18,8,66,89238.0,6180724.0,3.0,65783.0,21927.666666666668,36.0,7,65.0,4,18,,109.0,4.657,307.362,0,687.0,550.0
2016,952,4,catalunya,Spain,11,18,button,1,BUT,mclaren,12,9,65,90260.0,,2.0,44870.0,22435.0,3.0,16,12.0,8,12,,109.0,4.657,302.705,0,76.0,48.0
2016,952,4,catalunya,Spain,1,20,vettel,6,VET,ferrari,6,3,66,87974.0,6105598.0,3.0,65863.0,21954.333333333332,48.0,4,109.0,2,6,83334.0,109.0,4.657,307.362,0,1426.0,588.0
2016,952,4,catalunya,Spain,5,154,grosjean,210,GRO,haas,14,0,56,88974.0,,3.0,80863.0,26954.333333333332,22.0,10,22.0,6,14,,109.0,4.657,260.79200000000003,0,321.0,154.0
2016,952,4,catalunya,Spain,5,807,hulkenberg,10,HUL,force_india,11,0,20,91810.0,,1.0,22176.0,22176.0,6.0,15,14.0,7,11,,109.0,4.657,93.14,0,260.0,202.0
2016,952,4,catalunya,Spain,1,815,perez,10,PER,force_india,9,7,66,89801.0,6179555.0,2.0,44597.0,22298.5,8.0,13,14.0,7,9,83782.0,109.0,4.657,307.362,0,342.0,80.0
2016,952,4,catalunya,Spain,1,817,ricciardo,9,RIC,red_bull,3,4,66,88209.0,6143967.0,4.0,88658.0,22164.5,48.0,5,94.0,3,3,82680.0,109.0,4.657,307.362,0,563.0,593.0
2016,952,4,catalunya,Spain,11,821,gutierrez,210,GUT,haas,16,11,65,90139.0,,2.0,45636.0,22818.0,0.0,19,22.0,6,16,,109.0,4.657,302.705,0,0.0,176.0
2016,952,4,catalunya,Spain,1,822,bottas,3,BOT,williams,7,5,66,89081.0,6145288.0,2.0,44299.0,22149.5,29.0,8,65.0,4,7,83522.0,109.0,4.657,307.362,0,685.0,358.0
2016,952,4,catalunya,Spain,11,825,kevin_magnussen,4,MAG,renault,15,14,65,88716.0,,3.0,68130.0,22710.0,6.0,14,6.0,9,15,,109.0,4.657,302.705,0,224.0,91.0
2016,952,4,catalunya,Spain,11,826,kvyat,5,KVY,toro_rosso,13,10,65,86948.0,,3.0,68280.0,22760.0,22.0,9,26.0,5,13,,109.0,4.657,302.705,0,499.0,189.0
2016,952,4,catalunya,Spain,11,828,ericsson,15,ERI,sauber,19,12,65,89715.0,,3.0,68859.0,22953.0,0.0,20,0.0,10,19,,109.0,4.657,302.705,0,45.0,36.0
2016,952,4,catalunya,Spain,1,830,max_verstappen,9,VER,red_bull,4,1,66,88816.0,6100017.0,2.0,44717.0,22358.5,38.0,6,94.0,3,4,83087.0,109.0,4.657,307.362,0,297.0,500.0
2016,952,4,catalunya,Spain,11,831,nasr,15,NAS,sauber,20,15,65,89905.0,,2.0,46066.0,23033.0,0.0,22,0.0,10,20,,109.0,4.657,302.705,0,133.0,0.0
2016,952,4,catalunya,Spain,1,832,sainz,5,SAI,toro_rosso,8,6,66,89663.0,6161412.0,2.0,45811.0,22905.5,12.0,11,26.0,5,8,83643.0,109.0,4.657,307.362,0,108.0,148.0
2016,952,4,catalunya,Spain,11,835,jolyon_palmer,4,PAL,renault,17,13,65,89779.0,,2.0,45680.0,22840.0,0.0,18,6.0,9,17,,109.0,4.657,302.705,0,0.0,24.0
2016,952,4,catalunya,Spain,11,836,wehrlein,209,WEH,manor,21,16,65,91182.0,,2.0,48941.0,24470.5,0.0,21,0.0,11,21,,109.0,4.657,302.705,0,0.0,0.0
2016,952,4,catalunya,Spain,11,837,haryanto,209,HAR,manor,22,17,65,89402.0,,2.0,54939.0,27469.5,0.0,23,0.0,11,22,,109.0,4.657,302.705,0,0.0,0.0
2016,953,6,monaco,Monaco,1,1,hamilton,131,HAM,mercedes,3,1,78,77939.0,7169133.0,1.0,26315.0,26315.0,82.0,2,188.0,1,3,73942.0,7.0,3.337,260.286,1,1702.0,1253.0
2016,953,6,monaco,Monaco,1,3,rosberg,131,ROS,mercedes,2,7,78,78763.0,7262423.0,2.0,54378.0,27189.0,106.0,1,188.0,1,2,73791.0,7.0,3.337,260.286,1,1594.0,1398.0
2016,953,6,monaco,Monaco,1,4,alonso,1,ALO,mclaren,9,5,78,79170.0,7254209.0,2.0,52348.0,26174.0,18.0,12,24.0,7,10,75363.0,7.0,3.337,260.286,1,89.0,72.0
2016,953,6,monaco,Monaco,3,8,raikkonen,6,RAI,ferrari,11,0,10,107149.0,,0.0,0.0,0.0,61.0,4,121.0,2,6,74732.0,7.0,3.337,33.370000000000005,1,742.0,694.0
2016,953,6,monaco,Monaco,11,13,massa,3,MAS,williams,14,10,77,79213.0,,2.0,50116.0,25058.0,37.0,7,66.0,4,14,,7.0,3.337,256.949,1,615.0,410.0
2016,953,6,monaco,Monaco,11,18,button,1,BUT,mclaren,13,9,77,79670.0,,2.0,51216.0,25608.0,5.0,16,24.0,7,13,,7.0,3.337,256.949,1,73.0,96.0
2016,953,6,monaco,Monaco,1,20,vettel,6,VET,ferrari,4,4,78,78005.0,7184979.0,2.0,50675.0,25337.5,60.0,5,121.0,2,4,74552.0,7.0,3.337,260.286,1,1250.0,800.0
2016,953,6,monaco,Monaco,12,154,grosjean,210,GRO,haas,15,13,76,80219.0,,2.0,58601.0,29300.5,22.0,11,22.0,8,15,,7.0,3.337,253.61200000000002,1,299.0,190.0
2016,953,6,monaco,Monaco,1,807,hulkenberg,10,HUL,force_india,5,6,78,79232.0,7262132.0,2.0,52279.0,26139.5,14.0,14,37.0,5,5,74726.0,7.0,3.337,260.286,1,236.0,111.0
2016,953,6,monaco,Monaco,1,815,perez,10,PER,force_india,7,3,78,78446.0,7182958.0,2.0,51322.0,25661.0,23.0,9,37.0,5,8,74902.0,7.0,3.337,260.286,1,311.0,142.0
2016,953,6,monaco,Monaco,1,817,ricciardo,9,RIC,red_bull,1,2,78,78294.0,7176385.0,2.0,60381.0,30190.5,66.0,3,112.0,3,1,73622.0,7.0,3.337,260.286,1,556.0,600.0
2016,953,6,monaco,Monaco,11,821,gutierrez,210,GUT,haas,12,11,77,79131.0,,2.0,53451.0,26725.5,0.0,18,22.0,8,12,,7.0,3.337,256.949,1,0.0,204.0
2016,953,6,monaco,Monaco,11,822,bottas,3,BOT,williams,10,12,77,79223.0,,3.0,77515.0,25838.333333333332,29.0,8,66.0,4,11,,7.0,3.337,256.949,1,603.0,462.0
2016,953,6,monaco,Monaco,31,825,kevin_magnussen,4,MAG,renault,16,0,32,89802.0,,4.0,121514.0,30378.5,6.0,15,6.0,9,16,,7.0,3.337,106.784,1,181.0,30.0
2016,953,6,monaco,Monaco,3,826,kvyat,5,KVY,toro_rosso,8,0,18,97895.0,,3.0,140225.0,46741.666666666664,22.0,10,30.0,6,9,75273.0,7.0,3.337,60.066,1,445.0,175.0
2016,953,6,monaco,Monaco,4,828,ericsson,15,ERI,sauber,17,0,51,81342.0,,3.0,86953.0,28984.333333333332,0.0,20,0.0,10,17,,7.0,3.337,170.187,1,36.0,0.0
2016,953,6,monaco,Monaco,3,830,max_verstappen,9,VER,red_bull,0,0,34,86563.0,,2.0,51063.0,25531.5,38.0,6,112.0,3,21,,7.0,3.337,113.45800000000001,1,302.0,700.0
2016,953,6,monaco,Monaco,31,831,nasr,15,NAS,sauber,0,0,48,81889.0,,3.0,101108.0,33702.666666666664,0.0,22,0.0,10,22,,7.0,3.337,160.17600000000002,1,108.0,0.0
2016,953,6,monaco,Monaco,11,832,sainz,5,SAI,toro_rosso,6,8,77,78519.0,,2.0,55850.0,27925.0,16.0,13,30.0,6,7,74749.0,7.0,3.337,256.949,1,112.0,202.0
2016,953,6,monaco,Monaco,3,835,jolyon_palmer,4,PAL,renault,18,0,7,118474.0,,0.0,0.0,0.0,0.0,19,6.0,9,18,,7.0,3.337,23.359,1,0.0,36.0
2016,953,6,monaco,Monaco,12,836,wehrlein,209,WEH,manor,20,14,76,80372.0,,1.0,26517.0,26517.0,0.0,21,0.0,11,20,,7.0,3.337,253.61200000000002,1,0.0,0.0
2016,953,6,monaco,Monaco,14,837,haryanto,209,HAR,manor,19,15,74,79868.0,,3.0,82789.0,27596.333333333332,0.0,23,0.0,11,19,,7.0,3.337,246.93800000000002,1,0.0,0.0
2016,954,7,villeneuve,Canada,1,1,hamilton,131,HAM,mercedes,1,1,70,75981.0,5465296.0,1.0,22243.0,22243.0,107.0,2,223.0,1,1,72812.0,13.0,4.361,305.27,0,1482.0,1538.0
2016,954,7,villeneuve,Canada,1,3,rosberg,131,ROS,mercedes,2,5,70,75599.0,5527389.0,2.0,45194.0,22597.0,116.0,1,223.0,1,2,72874.0,13.0,4.361,305.27,0,1463.0,1678.0
2016,954,7,villeneuve,Canada,11,4,alonso,1,ALO,mclaren,10,11,69,77307.0,,1.0,27952.0,27952.0,18.0,12,24.0,7,10,74338.0,13.0,4.361,300.909,0,96.0,119.0
2016,954,7,villeneuve,Canada,1,8,raikkonen,6,RAI,ferrari,6,6,70,76919.0,5528313.0,2.0,46083.0,23041.5,69.0,5,147.0,2,6,73579.0,13.0,4.361,305.27,0,688.0,914.0
2016,954,7,villeneuve,Canada,31,13,massa,3,MAS,williams,8,0,35,77424.0,,1.0,22925.0,22925.0,37.0,8,81.0,4,8,73769.0,13.0,4.361,152.635,0,543.0,523.0
2016,954,7,villeneuve,Canada,131,18,button,1,BUT,mclaren,12,0,9,79456.0,,0.0,0.0,0.0,5.0,16,24.0,7,12,,13.0,4.361,39.248999999999995,0,62.0,142.0
2016,954,7,villeneuve,Canada,1,20,vettel,6,VET,ferrari,3,2,70,76297.0,5470307.0,2.0,44958.0,22479.0,78.0,3,147.0,2,3,72990.0,13.0,4.361,305.27,0,1077.0,1028.0
2016,954,7,villeneuve,Canada,12,154,grosjean,210,GRO,haas,14,14,68,77281.0,,3.0,78849.0,26283.0,22.0,11,22.0,8,15,,13.0,4.361,296.548,0,277.0,208.0
2016,954,7,villeneuve,Canada,11,807,hulkenberg,10,HUL,force_india,9,8,69,76604.0,,2.0,45987.0,22993.5,18.0,13,42.0,5,9,73952.0,13.0,4.361,300.909,0,216.0,178.0
2016,954,7,villeneuve,Canada,11,815,perez,10,PER,force_india,11,10,69,76559.0,,2.0,47313.0,23656.5,24.0,9,42.0,5,11,,13.0,4.361,300.909,0,271.0,214.0
2016,954,7,villeneuve,Canada,1,817,ricciardo,9,RIC,red_bull,4,7,70,76506.0,5528930.0,2.0,46890.0,23445.0,72.0,4,130.0,3,4,73166.0,13.0,4.361,305.27,0,554.0,800.0
2016,954,7,villeneuve,Canada,12,821,gutierrez,210,GUT,haas,13,13,68,77728.0,,2.0,47340.0,23670.0,0.0,18,22.0,8,14,,13.0,4.361,296.548,0,0.0,212.0
2016,954,7,villeneuve,Canada,1,822,bottas,3,BOT,williams,7,3,70,76938.0,5511718.0,1.0,22184.0,22184.0,44.0,7,81.0,4,7,73670.0,13.0,4.361,305.27,0,536.0,584.0
2016,954,7,villeneuve,Canada,12,825,kevin_magnussen,4,MAG,renault,22,16,68,78224.0,,1.0,23162.0,23162.0,6.0,15,6.0,9,0,,13.0,4.361,296.548,0,134.0,42.0
2016,954,7,villeneuve,Canada,11,826,kvyat,5,KVY,toro_rosso,15,12,69,76942.0,,2.0,45627.0,22813.5,22.0,10,32.0,6,13,,13.0,4.361,300.909,0,391.0,223.0
2016,954,7,villeneuve,Canada,12,828,ericsson,15,ERI,sauber,21,15,68,78100.0,,2.0,46256.0,23128.0,0.0,20,0.0,10,19,,13.0,4.361,296.548,0,27.0,0.0
2016,954,7,villeneuve,Canada,1,830,max_verstappen,9,VER,red_bull,5,4,70,76319.0,5518316.0,2.0,46495.0,23247.5,50.0,6,130.0,3,5,73414.0,13.0,4.361,305.27,0,307.0,900.0
2016,954,7,villeneuve,Canada,12,831,nasr,15,NAS,sauber,18,18,68,77883.0,,2.0,47595.0,23797.5,0.0,22,0.0,10,20,,13.0,4.361,296.548,0,81.0,0.0
2016,954,7,villeneuve,Canada,11,832,sainz,5,SAI,toro_rosso,20,9,69,76578.0,,2.0,47962.0,23981.0,18.0,14,32.0,6,16,,13.0,4.361,300.909,0,112.0,244.0
2016,954,7,villeneuve,Canada,31,835,jolyon_palmer,4,PAL,renault,16,0,16,79879.0,,0.0,0.0,0.0,0.0,19,6.0,9,17,,13.0,4.361,69.776,0,0.0,48.0
2016,954,7,villeneuve,Canada,12,836,wehrlein,209,WEH,manor,17,17,68,78282.0,,2.0,49300.0,24650.0,0.0,21,0.0,11,18,,13.0,4.361,296.548,0,0.0,0.0
2016,954,7,villeneuve,Canada,12,837,haryanto,209,HAR,manor,19,19,68,78658.0,,2.0,54801.0,27400.5,0.0,23,0.0,11,21,,13.0,4.361,296.548,0,0.0,0.0
2016,955,73,baku,Azerbaijan,1,1,hamilton,131,HAM,mercedes,10,5,51,106822.0,5628701.0,1.0,20108.0,20108.0,117.0,2,258.0,1,10,121954.0,-7.0,6.003,306.153,1,1254.0,1822.0
2016,955,73,baku,Azerbaijan,1,3,rosberg,131,ROS,mercedes,1,1,51,106485.0,5572366.0,1.0,20058.0,20058.0,141.0,1,258.0,1,1,102758.0,-7.0,6.003,306.153,1,1332.0,1966.0
2016,955,73,baku,Azerbaijan,6,4,alonso,1,ALO,mclaren,13,0,42,109101.0,,2.0,40936.0,20468.0,18.0,13,24.0,7,14,,-7.0,6.003,252.126,1,103.0,165.0
2016,955,73,baku,Azerbaijan,1,8,raikkonen,6,RAI,ferrari,4,4,51,107181.0,5605468.0,1.0,20593.0,20593.0,81.0,4,177.0,2,5,104269.0,-7.0,6.003,306.153,1,646.0,1144.0
2016,955,73,baku,Azerbaijan,1,13,massa,3,MAS,williams,5,10,51,107761.0,5657741.0,2.0,39303.0,19651.5,38.0,9,90.0,4,6,104483.0,-7.0,6.003,306.153,1,464.0,645.0
2016,955,73,baku,Azerbaijan,1,18,button,1,BUT,mclaren,19,11,51,107622.0,5677183.0,2.0,40825.0,20412.5,5.0,16,24.0,7,19,,-7.0,6.003,306.153,1,51.0,188.0
2016,955,73,baku,Azerbaijan,1,20,vettel,6,VET,ferrari,3,2,51,107028.0,5589062.0,1.0,20422.0,20422.0,96.0,3,177.0,2,4,103966.0,-7.0,6.003,306.153,1,922.0,1260.0
2016,955,73,baku,Azerbaijan,11,154,grosjean,210,GRO,haas,11,13,50,107943.0,,2.0,44720.0,22360.0,22.0,11,22.0,8,11,,-7.0,6.003,300.15,1,254.0,216.0
2016,955,73,baku,Azerbaijan,1,807,hulkenberg,10,HUL,force_india,12,9,51,108012.0,5650074.0,1.0,20347.0,20347.0,20.0,12,59.0,5,12,,-7.0,6.003,306.153,1,192.0,267.0
2016,955,73,baku,Azerbaijan,1,815,perez,10,PER,force_india,7,3,51,106990.0,5597607.0,1.0,20614.0,20614.0,39.0,8,59.0,5,2,103515.0,-7.0,6.003,306.153,1,242.0,320.0
2016,955,73,baku,Azerbaijan,1,817,ricciardo,9,RIC,red_bull,2,7,51,107736.0,5641595.0,2.0,39995.0,19997.5,78.0,5,140.0,3,3,103966.0,-7.0,6.003,306.153,1,548.0,983.0
2016,955,73,baku,Azerbaijan,11,821,gutierrez,210,GUT,haas,14,16,50,107563.0,,2.0,50760.0,25380.0,0.0,18,22.0,8,15,,-7.0,6.003,300.15,1,0.0,220.0
2016,955,73,baku,Azerbaijan,1,822,bottas,3,BOT,williams,8,6,51,107604.0,5633252.0,1.0,19732.0,19732.0,52.0,7,90.0,4,8,105246.0,-7.0,6.003,306.153,1,462.0,706.0
2016,955,73,baku,Azerbaijan,11,825,kevin_magnussen,4,MAG,renault,22,14,50,109282.0,,1.0,20772.0,20772.0,6.0,15,6.0,9,21,,-7.0,6.003,300.15,1,85.0,54.0
2016,955,73,baku,Azerbaijan,22,826,kvyat,5,KVY,toro_rosso,6,0,6,113167.0,,1.0,24802.0,24802.0,22.0,10,32.0,6,7,104717.0,-7.0,6.003,36.018,1,325.0,259.0
2016,955,73,baku,Azerbaijan,11,828,ericsson,15,ERI,sauber,20,17,50,108898.0,,2.0,41642.0,20821.0,0.0,20,0.0,10,20,,-7.0,6.003,300.15,1,18.0,0.0
2016,955,73,baku,Azerbaijan,1,830,max_verstappen,9,VER,red_bull,9,8,51,106973.0,5643062.0,2.0,42566.0,21283.0,54.0,6,140.0,3,9,105570.0,-7.0,6.003,306.153,1,314.0,1066.0
2016,955,73,baku,Azerbaijan,11,831,nasr,15,NAS,sauber,15,12,50,107708.0,,2.0,41383.0,20691.5,0.0,21,0.0,10,16,,-7.0,6.003,300.15,1,54.0,0.0
2016,955,73,baku,Azerbaijan,22,832,sainz,5,SAI,toro_rosso,18,0,31,108804.0,,2.0,43058.0,21529.0,18.0,14,32.0,6,13,,-7.0,6.003,186.09300000000002,1,112.0,274.0
2016,955,73,baku,Azerbaijan,11,835,jolyon_palmer,4,PAL,renault,21,15,50,107583.0,,2.0,41526.0,20763.0,0.0,19,6.0,9,22,,-7.0,6.003,300.15,1,0.0,60.0
2016,955,73,baku,Azerbaijan,23,836,wehrlein,209,WEH,manor,17,0,39,110571.0,,1.0,26187.0,26187.0,0.0,22,0.0,11,18,,-7.0,6.003,234.11700000000002,1,0.0,0.0
2016,955,73,baku,Azerbaijan,12,837,haryanto,209,HAR,manor,16,18,49,111365.0,,1.0,33405.0,33405.0,0.0,23,0.0,11,17,,-7.0,6.003,294.147,1,0.0,0.0
2016,956,70,red_bull_ring,Austria,1,1,hamilton,131,HAM,mercedes,1,1,71,68411.0,5258107.0,4.0,80726.0,20181.5,142.0,2,295.0,1,1,67922.0,678.0,4.318,306.578,0,1033.0,2104.0
2016,956,70,red_bull_ring,Austria,1,3,rosberg,131,ROS,mercedes,6,4,71,68491.0,5274817.0,4.0,79104.0,19776.0,153.0,1,295.0,1,2,68465.0,678.0,4.318,306.578,0,1188.0,2242.0
2016,956,70,red_bull_ring,Austria,84,4,alonso,1,ALO,mclaren,14,18,64,71020.0,,4.0,79761.0,19940.25,18.0,14,32.0,7,14,,678.0,4.318,276.352,0,110.0,210.0
2016,956,70,red_bull_ring,Austria,1,8,raikkonen,6,RAI,ferrari,4,3,71,68876.0,5264131.0,3.0,61577.0,20525.666666666668,96.0,4,192.0,2,6,69901.0,678.0,4.318,306.578,0,607.0,1376.0
2016,956,70,red_bull_ring,Austria,23,13,massa,3,MAS,williams,0,20,63,69899.0,,4.0,78731.0,19682.75,38.0,9,92.0,4,10,71977.0,678.0,4.318,272.034,0,385.0,747.0
2016,956,70,red_bull_ring,Austria,1,18,button,1,BUT,mclaren,3,6,71,70001.0,5295813.0,4.0,82165.0,20541.25,13.0,15,32.0,7,5,69900.0,678.0,4.318,306.578,0,48.0,232.0
2016,956,70,red_bull_ring,Austria,27,20,vettel,6,VET,ferrari,9,0,26,71441.0,,0.0,0.0,0.0,96.0,3,192.0,2,4,69781.0,678.0,4.318,112.26799999999999,0,752.0,1492.0
2016,956,70,red_bull_ring,Austria,1,154,grosjean,210,GRO,haas,13,7,71,69925.0,5302775.0,3.0,61076.0,20358.666666666668,28.0,10,28.0,8,13,,678.0,4.318,306.578,0,233.0,226.0
2016,956,70,red_bull_ring,Austria,23,807,hulkenberg,10,HUL,force_india,2,19,64,70309.0,,5.0,107270.0,21454.0,20.0,13,59.0,5,3,69285.0,678.0,4.318,276.352,0,160.0,371.0
2016,956,70,red_bull_ring,Austria,23,815,perez,10,PER,force_india,16,17,69,70120.0,,4.0,77809.0,19452.25,39.0,8,59.0,5,16,,678.0,4.318,297.94199999999995,0,213.0,422.0
2016,956,70,red_bull_ring,Austria,1,817,ricciardo,9,RIC,red_bull,5,5,71,68770.0,5289088.0,4.0,81222.0,20305.5,88.0,5,168.0,3,7,69980.0,678.0,4.318,306.578,0,552.0,1177.0
2016,956,70,red_bull_ring,Austria,11,821,gutierrez,210,GUT,haas,11,11,70,69694.0,,4.0,78757.0,19689.25,0.0,19,28.0,8,11,,678.0,4.318,302.26,0,0.0,232.0
2016,956,70,red_bull_ring,Austria,11,822,bottas,3,BOT,williams,7,9,70,70210.0,,4.0,81362.0,20340.5,54.0,7,92.0,4,8,70440.0,678.0,4.318,302.26,0,380.0,788.0
2016,956,70,red_bull_ring,Austria,11,825,kevin_magnussen,4,MAG,renault,17,14,70,70450.0,,4.0,86484.0,21621.0,6.0,16,6.0,9,17,,678.0,4.318,302.26,0,36.0,60.0
2016,956,70,red_bull_ring,Austria,31,826,kvyat,5,KVY,toro_rosso,0,0,2,78302.0,,0.0,0.0,0.0,22.0,11,36.0,6,20,,678.0,4.318,8.636,0,253.0,293.0
2016,956,70,red_bull_ring,Austria,11,828,ericsson,15,ERI,sauber,18,15,70,70704.0,,4.0,82766.0,20691.5,0.0,21,0.0,11,21,,678.0,4.318,302.26,0,9.0,0.0
2016,956,70,red_bull_ring,Austria,1,830,max_verstappen,9,VER,red_bull,8,2,71,69618.0,5263826.0,3.0,57565.0,19188.333333333332,72.0,6,168.0,3,9,71153.0,678.0,4.318,306.578,0,337.0,1288.0
2016,956,70,red_bull_ring,Austria,11,831,nasr,15,NAS,sauber,21,13,70,70415.0,,3.0,61375.0,20458.333333333332,0.0,22,0.0,11,22,,678.0,4.318,302.26,0,27.0,0.0
2016,956,70,red_bull_ring,Austria,1,832,sainz,5,SAI,toro_rosso,15,8,71,70138.0,5305507.0,3.0,74703.0,24901.0,22.0,12,36.0,6,15,,678.0,4.318,306.578,0,116.0,312.0
2016,956,70,red_bull_ring,Austria,11,835,jolyon_palmer,4,PAL,renault,19,12,70,70228.0,,4.0,79706.0,19926.5,0.0,20,6.0,9,18,,678.0,4.318,302.26,0,0.0,60.0
2016,956,70,red_bull_ring,Austria,11,836,wehrlein,209,WEH,manor,12,10,70,70859.0,,4.0,82757.0,20689.25,1.0,17,1.0,10,12,,678.0,4.318,302.26,0,1.0,1.0
2016,956,70,red_bull_ring,Austria,11,837,haryanto,209,HAR,manor,20,16,70,70342.0,,4.0,82606.0,20651.5,0.0,23,1.0,10,19,,678.0,4.318,302.26,0,0.0,2.0
2016,957,9,silverstone,UK,1,1,hamilton,131,HAM,mercedes,1,1,52,95771.0,5695831.0,2.0,59071.0,29535.5,167.0,2,335.0,1,1,89287.0,153.0,5.891,306.332,0,819.0,2420.0
2016,957,9,silverstone,UK,1,3,rosberg,131,ROS,mercedes,2,3,52,95548.0,5712742.0,2.0,59110.0,29555.0,168.0,1,335.0,1,2,89606.0,153.0,5.891,306.332,0,1034.0,2598.0
2016,957,9,silverstone,UK,11,4,alonso,1,ALO,mclaren,9,13,51,95669.0,,3.0,90109.0,30036.333333333332,18.0,14,32.0,7,10,92343.0,153.0,5.891,300.441,0,117.0,252.0
2016,957,9,silverstone,UK,1,8,raikkonen,6,RAI,ferrari,5,5,52,96994.0,5765574.0,2.0,60040.0,30020.0,106.0,3,204.0,2,5,90881.0,153.0,5.891,306.332,0,563.0,1587.0
2016,957,9,silverstone,UK,11,13,massa,3,MAS,williams,12,11,51,96141.0,,3.0,87992.0,29330.666666666668,38.0,9,92.0,4,12,,153.0,5.891,300.441,0,302.0,815.0
2016,957,9,silverstone,UK,11,18,button,1,BUT,mclaren,17,12,51,97907.0,,2.0,59681.0,29840.5,13.0,15,32.0,7,17,,153.0,5.891,300.441,0,45.0,272.0
2016,957,9,silverstone,UK,1,20,vettel,6,VET,ferrari,11,9,52,96933.0,5787485.0,2.0,60544.0,30272.0,98.0,5,204.0,2,6,91490.0,153.0,5.891,306.332,0,572.0,1682.0
2016,957,9,silverstone,UK,31,154,grosjean,210,GRO,haas,13,0,17,115507.0,,2.0,62514.0,31257.0,28.0,10,28.0,8,13,,153.0,5.891,100.147,0,210.0,238.0
2016,957,9,silverstone,UK,1,807,hulkenberg,10,HUL,force_india,8,7,52,97618.0,5773543.0,2.0,60614.0,30307.0,26.0,11,73.0,5,9,92172.0,153.0,5.891,306.332,0,128.0,481.0
2016,957,9,silverstone,UK,1,815,perez,10,PER,force_india,10,6,52,97900.0,5772772.0,2.0,58390.0,29195.0,47.0,8,73.0,5,11,,153.0,5.891,306.332,0,182.0,540.0
2016,957,9,silverstone,UK,1,817,ricciardo,9,RIC,red_bull,4,4,52,96013.0,5722042.0,2.0,60011.0,30005.5,100.0,4,198.0,3,4,90618.0,153.0,5.891,306.332,0,560.0,1392.0
2016,957,9,silverstone,UK,11,821,gutierrez,210,GUT,haas,14,16,51,97713.0,,2.0,71392.0,35696.0,0.0,19,28.0,8,14,,153.0,5.891,300.441,0,0.0,244.0
2016,957,9,silverstone,UK,11,822,bottas,3,BOT,williams,6,14,51,97383.0,,2.0,59090.0,29545.0,54.0,7,92.0,4,7,91557.0,153.0,5.891,300.441,0,298.0,842.0
2016,957,9,silverstone,UK,6,825,kevin_magnussen,4,MAG,renault,16,17,49,97619.0,,3.0,88455.0,29485.0,6.0,16,6.0,9,16,,153.0,5.891,288.659,0,42.0,60.0
2016,957,9,silverstone,UK,1,826,kvyat,5,KVY,toro_rosso,15,10,52,97667.0,5788431.0,2.0,60642.0,30321.0,23.0,13,41.0,6,15,,153.0,5.891,306.332,0,181.0,327.0
2016,957,9,silverstone,UK,131,828,ericsson,15,ERI,sauber,22,0,11,120286.0,,2.0,140373.0,70186.5,0.0,21,0.0,11,0,,153.0,5.891,64.801,0,0.0,0.0
2016,957,9,silverstone,UK,1,830,max_verstappen,9,VER,red_bull,3,2,52,96407.0,5704081.0,2.0,61424.0,30712.0,90.0,6,198.0,3,3,90313.0,153.0,5.891,306.332,0,378.0,1496.0
2016,957,9,silverstone,UK,11,831,nasr,15,NAS,sauber,21,15,51,98710.0,,2.0,61124.0,30562.0,0.0,22,0.0,11,21,,153.0,5.891,300.441,0,0.0,0.0
2016,957,9,silverstone,UK,1,832,sainz,5,SAI,toro_rosso,7,8,52,97401.0,5781689.0,2.0,60681.0,30340.5,26.0,12,41.0,6,8,91989.0,153.0,5.891,306.332,0,124.0,342.0
2016,957,9,silverstone,UK,6,835,jolyon_palmer,4,PAL,renault,18,0,37,99755.0,,3.0,126967.0,42322.333333333336,0.0,20,6.0,9,18,,153.0,5.891,217.967,0,0.0,60.0
2016,957,9,silverstone,UK,20,836,wehrlein,209,WEH,manor,20,0,6,168804.0,,1.0,31812.0,31812.0,1.0,17,1.0,10,20,,153.0,5.891,35.346000000000004,0,2.0,3.0
2016,957,9,silverstone,UK,20,837,haryanto,209,HAR,manor,19,0,24,101380.0,,2.0,60133.0,30066.5,0.0,23,1.0,10,19,,153.0,5.891,141.38400000000001,0,0.0,4.0
2016,958,11,hungaroring,Hungary,1,1,hamilton,131,HAM,mercedes,2,1,70,83849.0,6030115.0,2.0,43214.0,21607.0,192.0,1,378.0,1,2,80108.0,264.0,4.381,306.67,0,993.0,2788.0
2016,958,11,hungaroring,Hungary,1,3,rosberg,131,ROS,mercedes,1,2,70,83670.0,6032092.0,2.0,43584.0,21792.0,186.0,2,378.0,1,1,79965.0,264.0,4.381,306.67,0,1195.0,2978.0
2016,958,11,hungaroring,Hungary,11,4,alonso,1,ALO,mclaren,7,7,69,84958.0,,2.0,43996.0,21998.0,24.0,13,38.0,7,7,81211.0,264.0,4.381,302.289,0,130.0,286.0
2016,958,11,hungaroring,Hungary,1,8,raikkonen,6,RAI,ferrari,14,6,70,83086.0,6079159.0,2.0,43808.0,21904.0,114.0,4,224.0,2,14,,264.0,4.381,306.67,0,677.0,1785.0
2016,958,11,hungaroring,Hungary,12,13,massa,3,MAS,williams,18,18,68,85296.0,,2.0,44159.0,22079.5,38.0,9,94.0,4,18,,264.0,4.381,297.908,0,330.0,870.0
2016,958,11,hungaroring,Hungary,44,18,button,1,BUT,mclaren,8,0,60,86744.0,,3.0,61433.0,20477.666666666668,13.0,15,38.0,7,8,81597.0,264.0,4.381,262.86,0,58.0,300.0
2016,958,11,hungaroring,Hungary,1,20,vettel,6,VET,ferrari,5,4,70,84383.0,6058328.0,2.0,43175.0,21587.5,110.0,5,224.0,2,5,80874.0,264.0,4.381,306.67,0,667.0,1888.0
2016,958,11,hungaroring,Hungary,11,154,grosjean,210,GRO,haas,11,14,69,85958.0,,2.0,44730.0,22365.0,28.0,11,28.0,8,11,,264.0,4.381,302.289,0,230.0,250.0
2016,958,11,hungaroring,Hungary,11,807,hulkenberg,10,HUL,force_india,9,10,69,85392.0,,2.0,45364.0,22682.0,27.0,12,74.0,5,9,81823.0,264.0,4.381,302.289,0,149.0,577.0
2016,958,11,hungaroring,Hungary,11,815,perez,10,PER,force_india,13,11,69,85021.0,,2.0,52630.0,26315.0,47.0,8,74.0,5,13,,264.0,4.381,302.289,0,229.0,614.0
2016,958,11,hungaroring,Hungary,1,817,ricciardo,9,RIC,red_bull,3,3,70,84608.0,6057654.0,2.0,44247.0,22123.5,115.0,3,223.0,3,3,80280.0,264.0,4.381,306.67,0,663.0,1607.0
2016,958,11,hungaroring,Hungary,11,821,gutierrez,210,GUT,haas,15,13,69,85955.0,,2.0,45348.0,22674.0,0.0,19,28.0,8,15,,264.0,4.381,302.289,0,0.0,256.0
2016,958,11,hungaroring,Hungary,11,822,bottas,3,BOT,williams,10,9,69,85273.0,,2.0,43109.0,21554.5,56.0,7,94.0,4,10,82182.0,264.0,4.381,302.289,0,350.0,898.0
2016,958,11,hungaroring,Hungary,11,825,kevin_magnussen,4,MAG,renault,19,15,69,86230.0,,2.0,44041.0,22020.5,6.0,16,6.0,9,19,,264.0,4.381,302.289,0,48.0,60.0
2016,958,11,hungaroring,Hungary,11,826,kvyat,5,KVY,toro_rosso,12,16,69,84669.0,,2.0,50056.0,25028.0,23.0,14,45.0,6,12,,264.0,4.381,302.289,0,204.0,357.0
2016,958,11,hungaroring,Hungary,12,828,ericsson,15,ERI,sauber,22,20,68,85475.0,,3.0,70379.0,23459.666666666668,0.0,21,0.0,11,20,,264.0,4.381,297.908,0,0.0,0.0
2016,958,11,hungaroring,Hungary,1,830,max_verstappen,9,VER,red_bull,4,5,70,84687.0,6078774.0,2.0,44076.0,22038.0,100.0,6,223.0,3,4,80557.0,264.0,4.381,306.67,0,477.0,1718.0
2016,958,11,hungaroring,Hungary,11,831,nasr,15,NAS,sauber,16,17,69,85676.0,,2.0,45743.0,22871.5,0.0,22,0.0,11,16,,264.0,4.381,302.289,0,0.0,0.0
2016,958,11,hungaroring,Hungary,11,832,sainz,5,SAI,toro_rosso,6,8,69,85103.0,,2.0,45377.0,22688.5,30.0,10,45.0,6,6,81131.0,264.0,4.381,302.289,0,152.0,372.0
2016,958,11,hungaroring,Hungary,11,835,jolyon_palmer,4,PAL,renault,17,12,69,85743.0,,2.0,43557.0,21778.5,0.0,20,6.0,9,17,,264.0,4.381,302.289,0,0.0,60.0
2016,958,11,hungaroring,Hungary,12,836,wehrlein,209,WEH,manor,20,19,68,86524.0,,2.0,46251.0,23125.5,1.0,17,1.0,10,21,,264.0,4.381,297.908,0,3.0,5.0
2016,958,11,hungaroring,Hungary,12,837,haryanto,209,HAR,manor,21,21,68,87791.0,,1.0,24254.0,24254.0,0.0,23,1.0,10,22,,264.0,4.381,297.908,0,0.0,6.0
2016,959,10,hockenheimring,Germany,1,1,hamilton,131,HAM,mercedes,2,1,67,78746.0,5444200.0,3.0,55629.0,18543.0,217.0,1,415.0,1,2,74470.0,103.0,4.575,306.52500000000003,0,1177.0,3170.0
2016,959,10,hockenheimring,Germany,1,3,rosberg,131,ROS,mercedes,1,4,67,79122.0,5460045.0,3.0,66993.0,22331.0,198.0,2,415.0,1,1,74363.0,103.0,4.575,306.52500000000003,0,1343.0,3362.0
2016,959,10,hockenheimring,Germany,11,4,alonso,1,ALO,mclaren,13,12,66,80132.0,,3.0,57825.0,19275.0,24.0,13,42.0,7,14,,103.0,4.575,301.95,0,154.0,318.0
2016,959,10,hockenheimring,Germany,1,8,raikkonen,6,RAI,ferrari,5,6,67,79572.0,5481223.0,3.0,61060.0,20353.333333333332,122.0,4,242.0,3,5,75142.0,103.0,4.575,306.52500000000003,0,781.0,1983.0
2016,959,10,hockenheimring,Germany,22,13,massa,3,MAS,williams,10,0,36,81476.0,,2.0,54985.0,27492.5,38.0,9,96.0,4,10,75615.0,103.0,4.575,164.70000000000002,0,354.0,913.0
2016,959,10,hockenheimring,Germany,11,18,button,1,BUT,mclaren,12,8,66,79781.0,,3.0,57819.0,19273.0,17.0,15,42.0,7,12,,103.0,4.575,301.95,0,75.0,336.0
2016,959,10,hockenheimring,Germany,1,20,vettel,6,VET,ferrari,6,5,67,78710.0,5476770.0,3.0,57702.0,19234.0,120.0,5,242.0,3,6,75315.0,103.0,4.575,306.52500000000003,0,772.0,2078.0
2016,959,10,hockenheimring,Germany,11,154,grosjean,210,GRO,haas,20,13,66,80250.0,,2.0,40164.0,20082.0,28.0,12,28.0,8,15,,103.0,4.575,301.95,0,240.0,262.0
2016,959,10,hockenheimring,Germany,1,807,hulkenberg,10,HUL,force_india,8,7,67,80056.0,5514249.0,3.0,58659.0,19553.0,33.0,10,81.0,5,7,75510.0,103.0,4.575,306.52500000000003,0,176.0,653.0
2016,959,10,hockenheimring,Germany,11,815,perez,10,PER,force_india,9,10,66,79606.0,,3.0,57835.0,19278.333333333332,48.0,8,81.0,5,9,75537.0,103.0,4.575,301.95,0,277.0,692.0
2016,959,10,hockenheimring,Germany,1,817,ricciardo,9,RIC,red_bull,3,2,67,78442.0,5451196.0,3.0,56681.0,18893.666666666668,133.0,3,256.0,2,3,74726.0,103.0,4.575,306.52500000000003,0,772.0,1844.0
2016,959,10,hockenheimring,Germany,11,821,gutierrez,210,GUT,haas,11,11,66,79883.0,,2.0,39425.0,19712.5,0.0,19,28.0,8,11,,103.0,4.575,301.95,0,0.0,268.0
2016,959,10,hockenheimring,Germany,11,822,bottas,3,BOT,williams,7,9,66,80442.0,,2.0,37979.0,18989.5,58.0,7,96.0,4,8,75530.0,103.0,4.575,301.95,0,402.0,928.0
2016,959,10,hockenheimring,Germany,11,825,kevin_magnussen,4,MAG,renault,16,16,66,81649.0,,2.0,38193.0,19096.5,6.0,16,6.0,9,17,,103.0,4.575,301.95,0,54.0,60.0
2016,959,10,hockenheimring,Germany,11,826,kvyat,5,KVY,toro_rosso,18,15,66,79585.0,,3.0,62734.0,20911.333333333332,23.0,14,45.0,6,19,,103.0,4.575,301.95,0,221.0,385.0
2016,959,10,hockenheimring,Germany,12,828,ericsson,15,ERI,sauber,22,18,65,81212.0,,2.0,39466.0,19733.0,0.0,21,0.0,11,22,,103.0,4.575,297.375,0,0.0,0.0
2016,959,10,hockenheimring,Germany,1,830,max_verstappen,9,VER,red_bull,4,3,67,78910.0,5457613.0,3.0,57121.0,19040.333333333332,115.0,6,256.0,2,4,74834.0,103.0,4.575,306.52500000000003,0,583.0,1970.0
2016,959,10,hockenheimring,Germany,131,831,nasr,15,NAS,sauber,21,0,57,81420.0,,3.0,69564.0,23188.0,0.0,22,0.0,11,21,,103.0,4.575,260.77500000000003,0,0.0,0.0
2016,959,10,hockenheimring,Germany,11,832,sainz,5,SAI,toro_rosso,15,14,66,79957.0,,3.0,62045.0,20681.666666666668,30.0,11,45.0,6,13,,103.0,4.575,301.95,0,180.0,398.0
2016,959,10,hockenheimring,Germany,12,835,jolyon_palmer,4,PAL,renault,14,19,65,81127.0,,3.0,65711.0,21903.666666666668,0.0,20,6.0,9,16,,103.0,4.575,297.375,0,0.0,60.0
2016,959,10,hockenheimring,Germany,12,836,wehrlein,209,WEH,manor,17,17,65,80710.0,,3.0,59097.0,19699.0,1.0,17,1.0,10,18,,103.0,4.575,297.375,0,4.0,7.0
2016,959,10,hockenheimring,Germany,12,837,haryanto,209,HAR,manor,19,20,65,81845.0,,3.0,73422.0,24474.0,0.0,23,1.0,10,20,,103.0,4.575,297.375,0,0.0,8.0
2016,960,13,spa,Belgium,1,1,hamilton,131,HAM,mercedes,21,3,44,111583.0,6318692.0,3.0,1047253.0,349084.3333333333,232.0,1,455.0,1,21,,401.0,7.004,308.176,0,1370.0,3559.0
2016,960,13,spa,Belgium,1,3,rosberg,131,ROS,mercedes,1,1,44,111746.0,6291058.0,2.0,1018746.0,509373.0,223.0,2,455.0,1,1,106744.0,401.0,7.004,308.176,0,1491.0,3756.0
2016,960,13,spa,Belgium,1,4,alonso,1,ALO,mclaren,22,7,44,114484.0,6350503.0,2.0,1020685.0,510342.5,30.0,11,48.0,6,0,,401.0,7.004,308.176,0,184.0,360.0
2016,960,13,spa,Belgium,1,8,raikkonen,6,RAI,ferrari,3,9,44,113498.0,6352167.0,4.0,1076359.0,269089.75,124.0,5,252.0,3,3,106910.0,401.0,7.004,308.176,0,877.0,2153.0
2016,960,13,spa,Belgium,1,13,massa,3,MAS,williams,10,10,44,114342.0,6356931.0,3.0,1045663.0,348554.3333333333,39.0,10,101.0,5,10,108263.0,401.0,7.004,308.176,0,371.0,939.0
2016,960,13,spa,Belgium,130,18,button,1,BUT,mclaren,9,0,1,,,0.0,0.0,0.0,17.0,15,48.0,6,9,108114.0,401.0,7.004,7.004,0,92.0,384.0
2016,960,13,spa,Belgium,1,20,vettel,6,VET,ferrari,4,6,44,112728.0,6336452.0,3.0,1043676.0,347892.0,128.0,4,252.0,3,4,107108.0,401.0,7.004,308.176,0,867.0,2228.0
2016,960,13,spa,Belgium,1,154,grosjean,210,GRO,haas,11,13,44,113803.0,6367532.0,3.0,1046178.0,348726.0,28.0,13,28.0,8,11,,401.0,7.004,308.176,0,250.0,274.0
2016,960,13,spa,Belgium,1,807,hulkenberg,10,HUL,force_india,7,4,44,113530.0,6326965.0,3.0,1046047.0,348682.3333333333,45.0,9,103.0,4,7,107543.0,401.0,7.004,308.176,0,215.0,736.0
2016,960,13,spa,Belgium,1,815,perez,10,PER,force_india,6,5,44,113414.0,6331718.0,3.0,1046719.0,348906.3333333333,58.0,8,103.0,4,6,107407.0,401.0,7.004,308.176,0,335.0,780.0
2016,960,13,spa,Belgium,1,817,ricciardo,9,RIC,red_bull,5,2,44,112461.0,6305171.0,2.0,1020932.0,510466.0,151.0,3,274.0,2,5,107216.0,401.0,7.004,308.176,0,887.0,2104.0
2016,960,13,spa,Belgium,1,821,gutierrez,210,GUT,haas,18,12,44,114335.0,6364935.0,3.0,1045669.0,348556.3333333333,0.0,19,28.0,8,13,,401.0,7.004,308.176,0,0.0,280.0
2016,960,13,spa,Belgium,1,822,bottas,3,BOT,williams,8,8,44,114120.0,6351209.0,3.0,1042836.0,347612.0,62.0,7,101.0,5,8,107612.0,401.0,7.004,308.176,0,457.0,950.0
2016,960,13,spa,Belgium,3,825,kevin_magnussen,4,MAG,renault,12,0,5,116588.0,,0.0,0.0,0.0,6.0,16,6.0,9,12,,401.0,7.004,35.019999999999996,0,60.0,60.0
2016,960,13,spa,Belgium,1,826,kvyat,5,KVY,toro_rosso,19,14,44,112081.0,6378155.0,3.0,1047188.0,349062.6666666667,23.0,14,45.0,7,19,,401.0,7.004,308.176,0,223.0,411.0
2016,960,13,spa,Belgium,6,828,ericsson,15,ERI,sauber,20,0,3,135255.0,,0.0,0.0,0.0,0.0,21,0.0,11,20,,401.0,7.004,21.012,0,0.0,0.0
2016,960,13,spa,Belgium,1,830,max_verstappen,9,VER,red_bull,2,11,44,113281.0,6362196.0,4.0,1075739.0,268934.75,115.0,6,274.0,2,2,106893.0,401.0,7.004,308.176,0,685.0,2238.0
2016,960,13,spa,Belgium,11,831,nasr,15,NAS,sauber,16,17,43,116152.0,,3.0,1057826.0,352608.6666666667,0.0,22,0.0,11,17,,401.0,7.004,301.17199999999997,0,0.0,0.0
2016,960,13,spa,Belgium,29,832,sainz,5,SAI,toro_rosso,14,0,1,,,0.0,0.0,0.0,30.0,12,45.0,7,15,,401.0,7.004,7.004,0,206.0,424.0
2016,960,13,spa,Belgium,1,835,jolyon_palmer,4,PAL,renault,13,15,44,113251.0,6384223.0,4.0,1068843.0,267210.75,0.0,20,6.0,9,14,,401.0,7.004,308.176,0,0.0,60.0
2016,960,13,spa,Belgium,130,836,wehrlein,209,WEH,manor,15,0,0,,,0.0,0.0,0.0,1.0,17,1.0,10,16,,401.0,7.004,0.0,0,5.0,9.0
2016,960,13,spa,Belgium,11,839,ocon,209,OCO,manor,17,16,43,115734.0,,3.0,1053906.0,351302.0,0.0,24,1.0,10,18,,401.0,7.004,301.17199999999997,0,0.0,10.0
2016,961,14,monza,Italy,1,1,hamilton,131,HAM,mercedes,1,2,53,86303.0,4663159.0,1.0,23633.0,23633.0,250.0,1,498.0,1,1,81135.0,162.0,5.793,307.029,0,1563.0,3959.0
2016,961,14,monza,Italy,1,3,rosberg,131,ROS,mercedes,2,1,53,86599.0,4648089.0,1.0,25550.0,25550.0,248.0,2,498.0,1,2,81613.0,162.0,5.793,307.029,0,1639.0,4162.0
2016,961,14,monza,Italy,11,4,alonso,1,ALO,mclaren,12,14,52,85340.0,,3.0,74619.0,24873.0,30.0,11,48.0,6,13,,162.0,5.793,301.236,0,206.0,400.0
2016,961,14,monza,Italy,1,8,raikkonen,6,RAI,ferrari,4,4,53,86016.0,4675650.0,2.0,48395.0,24197.5,136.0,5,279.0,3,4,82065.0,162.0,5.793,307.029,0,970.0,2315.0
2016,961,14,monza,Italy,1,13,massa,3,MAS,williams,11,9,53,86400.0,4713706.0,2.0,47762.0,23881.0,41.0,10,111.0,4,11,,162.0,5.793,307.029,0,380.0,969.0
2016,961,14,monza,Italy,11,18,button,1,BUT,mclaren,14,12,52,86354.0,,2.0,50845.0,25422.5,17.0,15,48.0,6,15,,162.0,5.793,301.236,0,108.0,416.0
2016,961,14,monza,Italy,1,20,vettel,6,VET,ferrari,3,3,53,86310.0,4669079.0,2.0,50505.0,25252.5,143.0,4,279.0,3,3,81972.0,162.0,5.793,307.029,0,977.0,2402.0
2016,961,14,monza,Italy,11,154,grosjean,210,GRO,haas,17,11,52,87227.0,,1.0,25340.0,25340.0,28.0,13,28.0,8,12,,162.0,5.793,301.236,0,256.0,280.0
2016,961,14,monza,Italy,1,807,hulkenberg,10,HUL,force_india,9,10,53,86954.0,4726745.0,2.0,48596.0,24298.0,46.0,9,108.0,5,9,82836.0,162.0,5.793,307.029,0,255.0,829.0
2016,961,14,monza,Italy,1,815,perez,10,PER,force_india,8,8,53,86920.0,4713043.0,2.0,48570.0,24285.0,62.0,8,108.0,5,8,82814.0,162.0,5.793,307.029,0,395.0,878.0
2016,961,14,monza,Italy,1,817,ricciardo,9,RIC,red_bull,6,5,53,85919.0,4693384.0,2.0,47378.0,23689.0,161.0,3,290.0,2,6,82389.0,162.0,5.793,307.029,0,1012.0,2360.0
2016,961,14,monza,Italy,11,821,gutierrez,210,GUT,haas,10,13,52,87106.0,,2.0,50665.0,25332.5,0.0,19,28.0,8,10,83184.0,162.0,5.793,301.236,0,0.0,280.0
2016,961,14,monza,Italy,1,822,bottas,3,BOT,williams,5,6,53,86708.0,4699104.0,2.0,48060.0,24030.0,70.0,7,111.0,4,5,82388.0,162.0,5.793,307.029,0,508.0,988.0
2016,961,14,monza,Italy,11,825,kevin_magnussen,4,MAG,renault,21,17,52,87618.0,,2.0,48262.0,24131.0,6.0,16,6.0,9,21,,162.0,5.793,301.236,0,60.0,60.0
2016,961,14,monza,Italy,84,826,kvyat,5,KVY,toro_rosso,16,0,36,88037.0,,2.0,49546.0,24773.0,23.0,14,45.0,7,17,,162.0,5.793,208.548,0,225.0,433.0
2016,961,14,monza,Italy,11,828,ericsson,15,ERI,sauber,19,16,52,88552.0,,1.0,25145.0,25145.0,0.0,21,0.0,11,19,,162.0,5.793,301.236,0,0.0,0.0
2016,961,14,monza,Italy,1,830,max_verstappen,9,VER,red_bull,7,7,53,86405.0,4702325.0,2.0,48437.0,24218.5,121.0,6,290.0,2,7,82411.0,162.0,5.793,307.029,0,793.0,2482.0
2016,961,14,monza,Italy,130,831,nasr,15,NAS,sauber,18,0,6,,,3.0,874834.0,291611.3333333333,0.0,22,0.0,11,18,,162.0,5.793,34.758,0,0.0,0.0
2016,961,14,monza,Italy,11,832,sainz,5,SAI,toro_rosso,15,15,52,86751.0,,2.0,49642.0,24821.0,30.0,12,45.0,7,16,,162.0,5.793,301.236,0,232.0,442.0
2016,961,14,monza,Italy,130,835,jolyon_palmer,4,PAL,renault,20,0,7,91361.0,,1.0,33275.0,33275.0,0.0,20,6.0,9,20,,162.0,5.793,40.551,0,0.0,60.0
2016,961,14,monza,Italy,44,836,wehrlein,209,WEH,manor,13,0,26,88723.0,,1.0,25962.0,25962.0,1.0,17,1.0,10,14,,162.0,5.793,150.618,0,6.0,10.0
2016,961,14,monza,Italy,12,839,ocon,209,OCO,manor,22,18,51,88534.0,,1.0,25539.0,25539.0,0.0,24,1.0,10,0,,162.0,5.793,295.443,0,0.0,10.0
2016,962,15,marina_bay,Singapore,1,1,hamilton,131,HAM,mercedes,3,3,61,107752.0,6956988.0,4.0,110339.0,27584.75,265.0,2,538.0,1,3,103288.0,18.0,5.063,308.84299999999996,1,1771.0,4365.0
2016,962,15,marina_bay,Singapore,1,3,rosberg,131,ROS,mercedes,1,1,61,110296.0,6948950.0,3.0,85866.0,28622.0,273.0,1,538.0,1,1,102584.0,18.0,5.063,308.84299999999996,1,1812.0,4568.0
2016,962,15,marina_bay,Singapore,1,4,alonso,1,ALO,mclaren,9,7,61,111249.0,7038148.0,3.0,84431.0,28143.666666666668,36.0,11,54.0,6,9,104553.0,18.0,5.063,308.84299999999996,1,234.0,438.0
2016,962,15,marina_bay,Singapore,1,8,raikkonen,6,RAI,ferrari,5,4,61,108204.0,6959169.0,4.0,112004.0,28001.0,148.0,5,301.0,3,5,103540.0,18.0,5.063,308.84299999999996,1,1057.0,2499.0
2016,962,15,marina_bay,Singapore,11,13,massa,3,MAS,williams,11,12,60,111455.0,,4.0,114092.0,28523.0,41.0,10,111.0,5,12,,18.0,5.063,303.78,1,385.0,1007.0
2016,962,15,marina_bay,Singapore,23,18,button,1,BUT,mclaren,12,0,43,111631.0,,3.0,100838.0,33612.666666666664,17.0,15,54.0,6,13,,18.0,5.063,217.70899999999997,1,122.0,460.0
2016,962,15,marina_bay,Singapore,1,20,vettel,6,VET,ferrari,22,5,61,107345.0,6976644.0,3.0,82657.0,27552.333333333332,153.0,4,301.0,3,22,,18.0,5.063,308.84299999999996,1,1082.0,2596.0
2016,962,15,marina_bay,Singapore,54,154,grosjean,210,GRO,haas,20,0,0,,,0.0,0.0,0.0,28.0,13,28.0,8,15,,18.0,5.063,0.0,1,262.0,280.0
2016,962,15,marina_bay,Singapore,4,807,hulkenberg,10,HUL,force_india,8,0,0,,,0.0,0.0,0.0,46.0,9,112.0,4,8,104479.0,18.0,5.063,0.0,1,295.0,917.0
2016,962,15,marina_bay,Singapore,1,815,perez,10,PER,force_india,17,8,61,111517.0,7060012.0,2.0,61563.0,30781.5,66.0,8,112.0,4,10,104582.0,18.0,5.063,308.84299999999996,1,453.0,956.0
2016,962,15,marina_bay,Singapore,1,817,ricciardo,9,RIC,red_bull,2,2,61,107187.0,6949438.0,4.0,112398.0,28099.5,179.0,3,316.0,2,2,103115.0,18.0,5.063,308.84299999999996,1,1143.0,2600.0
2016,962,15,marina_bay,Singapore,11,821,gutierrez,210,GUT,haas,13,11,60,111075.0,,3.0,86986.0,28995.333333333332,0.0,19,28.0,8,14,,18.0,5.063,303.78,1,0.0,280.0
2016,962,15,marina_bay,Singapore,25,822,bottas,3,BOT,williams,10,0,35,111368.0,,4.0,153714.0,38428.5,70.0,7,111.0,5,11,,18.0,5.063,177.20499999999998,1,549.0,1026.0
2016,962,15,marina_bay,Singapore,1,825,kevin_magnussen,4,MAG,renault,15,10,61,110858.0,7068902.0,3.0,84329.0,28109.666666666668,7.0,16,7.0,9,17,,18.0,5.063,308.84299999999996,1,61.0,61.0
2016,962,15,marina_bay,Singapore,1,826,kvyat,5,KVY,toro_rosso,7,9,61,110944.0,7060507.0,3.0,84090.0,28030.0,25.0,14,47.0,7,7,104469.0,18.0,5.063,308.84299999999996,1,228.0,448.0
2016,962,15,marina_bay,Singapore,11,828,ericsson,15,ERI,sauber,14,17,60,110963.0,,4.0,114989.0,28747.25,0.0,21,0.0,11,16,,18.0,5.063,303.78,1,0.0,0.0
2016,962,15,marina_bay,Singapore,1,830,max_verstappen,9,VER,red_bull,4,6,61,109050.0,7020147.0,4.0,112357.0,28089.25,129.0,6,316.0,2,4,103328.0,18.0,5.063,308.84299999999996,1,884.0,2718.0
2016,962,15,marina_bay,Singapore,11,831,nasr,15,NAS,sauber,16,13,60,111683.0,,3.0,84891.0,28297.0,0.0,22,0.0,11,18,,18.0,5.063,303.78,1,0.0,0.0
2016,962,15,marina_bay,Singapore,11,832,sainz,5,SAI,toro_rosso,6,14,60,110532.0,,4.0,114516.0,28629.0,30.0,12,47.0,7,6,104197.0,18.0,5.063,303.78,1,250.0,454.0
2016,962,15,marina_bay,Singapore,11,835,jolyon_palmer,4,PAL,renault,18,15,60,111777.0,,3.0,82862.0,27620.666666666668,0.0,20,7.0,9,19,,18.0,5.063,303.78,1,0.0,62.0
2016,962,15,marina_bay,Singapore,11,836,wehrlein,209,WEH,manor,19,16,60,112021.0,,3.0,85311.0,28437.0,1.0,17,1.0,10,20,,18.0,5.063,303.78,1,7.0,10.0
2016,962,15,marina_bay,Singapore,12,839,ocon,209,OCO,manor,21,18,59,111748.0,,4.0,201708.0,50427.0,0.0,24,1.0,10,21,,18.0,5.063,298.717,1,0.0,10.0
2016,963,2,sepang,Malaysia,5,1,hamilton,131,HAM,mercedes,1,0,40,98595.0,,1.0,23689.0,23689.0,265.0,2,553.0,1,1,92850.0,18.0,5.543,221.72,0,1954.0,4743.0
2016,963,2,sepang,Malaysia,1,3,rosberg,131,ROS,mercedes,2,3,56,96424.0,5858292.0,3.0,71887.0,23962.333333333332,288.0,1,553.0,1,2,93264.0,18.0,5.543,310.408,0,1994.0,4918.0
2016,963,2,sepang,Malaysia,1,4,alonso,1,ALO,mclaren,22,7,56,98291.0,5897981.0,3.0,73176.0,24392.0,42.0,10,62.0,6,22,,18.0,5.543,310.408,0,258.0,484.0
2016,963,2,sepang,Malaysia,1,8,raikkonen,6,RAI,ferrari,6,4,56,97466.0,5861561.0,3.0,73805.0,24601.666666666668,160.0,4,313.0,3,6,93632.0,18.0,5.543,310.408,0,1156.0,2685.0
2016,963,2,sepang,Malaysia,11,13,massa,3,MAS,williams,10,13,55,99920.0,,3.0,71731.0,23910.333333333332,41.0,11,121.0,5,10,94671.0,18.0,5.543,304.865,0,389.0,1053.0
2016,963,2,sepang,Malaysia,1,18,button,1,BUT,mclaren,9,9,56,98740.0,5914592.0,2.0,49383.0,24691.5,19.0,15,62.0,6,9,94518.0,18.0,5.543,310.408,0,136.0,508.0
2016,963,2,sepang,Malaysia,4,20,vettel,6,VET,ferrari,5,0,0,,,0.0,0.0,0.0,153.0,5,313.0,3,5,93584.0,18.0,5.543,0.0,0,1175.0,2774.0
2016,963,2,sepang,Malaysia,23,154,grosjean,210,GRO,haas,12,0,7,102142.0,,0.0,0.0,0.0,28.0,13,28.0,8,12,,18.0,5.543,38.801,0,268.0,280.0
2016,963,2,sepang,Malaysia,1,807,hulkenberg,10,HUL,force_india,8,8,56,97793.0,5906838.0,3.0,75813.0,25271.0,50.0,9,124.0,4,8,94489.0,18.0,5.543,310.408,0,331.0,1006.0
2016,963,2,sepang,Malaysia,1,815,perez,10,PER,force_india,7,6,56,99328.0,5896570.0,2.0,50971.0,25485.5,74.0,8,124.0,4,7,94319.0,18.0,5.543,310.408,0,504.0,1056.0
2016,963,2,sepang,Malaysia,1,817,ricciardo,9,RIC,red_bull,4,1,56,97449.0,5832776.0,2.0,48605.0,24302.5,204.0,3,359.0,2,4,93467.0,18.0,5.543,310.408,0,1281.0,2854.0
2016,963,2,sepang,Malaysia,61,821,gutierrez,210,GUT,haas,13,0,39,101775.0,,3.0,80602.0,26867.333333333332,0.0,20,28.0,8,13,,18.0,5.543,216.177,0,0.0,280.0
2016,963,2,sepang,Malaysia,1,822,bottas,3,BOT,williams,11,5,56,99199.0,5894358.0,1.0,23828.0,23828.0,80.0,7,121.0,5,11,,18.0,5.543,310.408,0,600.0,1080.0
2016,963,2,sepang,Malaysia,75,825,kevin_magnussen,4,MAG,renault,14,0,17,103379.0,,1.0,30679.0,30679.0,7.0,16,8.0,9,14,,18.0,5.543,94.23100000000001,0,62.0,64.0
2016,963,2,sepang,Malaysia,11,826,kvyat,5,KVY,toro_rosso,15,14,55,99798.0,,3.0,81469.0,27156.333333333332,25.0,14,47.0,7,15,,18.0,5.543,304.865,0,231.0,456.0
2016,963,2,sepang,Malaysia,11,828,ericsson,15,ERI,sauber,17,12,55,99781.0,,2.0,49978.0,24989.0,0.0,21,0.0,11,17,,18.0,5.543,304.865,0,0.0,0.0
2016,963,2,sepang,Malaysia,1,830,max_verstappen,9,VER,red_bull,3,2,56,97376.0,5835219.0,3.0,76065.0,25355.0,147.0,6,359.0,2,3,93420.0,18.0,5.543,310.408,0,993.0,2990.0
2016,963,2,sepang,Malaysia,23,831,nasr,15,NAS,sauber,18,0,46,100490.0,,1.0,24697.0,24697.0,0.0,22,0.0,11,18,,18.0,5.543,254.978,0,0.0,0.0
2016,963,2,sepang,Malaysia,1,832,sainz,5,SAI,toro_rosso,16,11,56,99243.0,5931654.0,2.0,48873.0,24436.5,30.0,12,47.0,7,16,,18.0,5.543,310.408,0,264.0,458.0
2016,963,2,sepang,Malaysia,1,835,jolyon_palmer,4,PAL,renault,19,10,56,99350.0,5928242.0,1.0,23928.0,23928.0,1.0,17,8.0,9,19,,18.0,5.543,310.408,0,1.0,66.0
2016,963,2,sepang,Malaysia,11,836,wehrlein,209,WEH,manor,21,15,55,99653.0,,3.0,77177.0,25725.666666666668,1.0,18,1.0,10,21,,18.0,5.543,304.865,0,8.0,10.0
2016,963,2,sepang,Malaysia,11,839,ocon,209,OCO,manor,20,16,55,101467.0,,2.0,58706.0,29353.0,0.0,24,1.0,10,20,,18.0,5.543,304.865,0,0.0,10.0
2016,964,22,suzuka,Japan,1,1,hamilton,131,HAM,mercedes,2,3,53,95152.0,5209109.0,2.0,45721.0,22860.5,280.0,2,593.0,1,2,90660.0,45.0,5.807,307.771,0,2127.0,5096.0
2016,964,22,suzuka,Japan,1,3,rosberg,131,ROS,mercedes,1,1,53,96049.0,5203333.0,2.0,45823.0,22911.5,313.0,1,593.0,1,1,90647.0,45.0,5.807,307.771,0,2191.0,5274.0
2016,964,22,suzuka,Japan,11,4,alonso,1,ALO,mclaren,15,16,52,98208.0,,2.0,45818.0,22909.0,42.0,11,62.0,6,15,,45.0,5.807,301.964,0,282.0,528.0
2016,964,22,suzuka,Japan,1,8,raikkonen,6,RAI,ferrari,8,5,53,95990.0,5231703.0,2.0,46006.0,23003.0,170.0,4,335.0,3,3,90949.0,45.0,5.807,307.771,0,1257.0,2867.0
2016,964,22,suzuka,Japan,1,13,massa,3,MAS,williams,12,9,53,97785.0,5301096.0,1.0,22463.0,22463.0,43.0,10,124.0,5,12,,45.0,5.807,307.771,0,395.0,1108.0
2016,964,22,suzuka,Japan,11,18,button,1,BUT,mclaren,22,18,52,97177.0,,2.0,47717.0,23858.5,19.0,15,62.0,6,17,,45.0,5.807,301.964,0,150.0,548.0
2016,964,22,suzuka,Japan,1,20,vettel,6,VET,ferrari,6,4,53,95118.0,5223602.0,2.0,46113.0,23056.5,165.0,6,335.0,3,4,91028.0,45.0,5.807,307.771,0,1262.0,2960.0
2016,964,22,suzuka,Japan,1,154,grosjean,210,GRO,haas,7,11,53,97020.0,5302587.0,2.0,49170.0,24585.0,28.0,13,28.0,8,8,91961.0,45.0,5.807,307.771,0,274.0,280.0
2016,964,22,suzuka,Japan,1,807,hulkenberg,10,HUL,force_india,9,8,53,97351.0,5262510.0,2.0,45784.0,22892.0,54.0,9,134.0,4,9,92142.0,45.0,5.807,307.771,0,367.0,1109.0
2016,964,22,suzuka,Japan,1,815,perez,10,PER,force_india,5,7,53,96756.0,5260828.0,2.0,46326.0,23163.0,80.0,8,134.0,4,7,91961.0,45.0,5.807,307.771,0,560.0,1162.0
2016,964,22,suzuka,Japan,1,817,ricciardo,9,RIC,red_bull,4,6,53,95511.0,5237274.0,2.0,48857.0,24428.5,212.0,3,385.0,2,6,91240.0,45.0,5.807,307.771,0,1421.0,3119.0
2016,964,22,suzuka,Japan,11,821,gutierrez,210,GUT,haas,10,20,52,97775.0,,2.0,47902.0,23951.0,0.0,20,28.0,8,10,92547.0,45.0,5.807,301.964,0,0.0,280.0
2016,964,22,suzuka,Japan,1,822,bottas,3,BOT,williams,11,10,53,97844.0,5301656.0,1.0,25007.0,25007.0,81.0,7,124.0,5,11,,45.0,5.807,307.771,0,637.0,1136.0
2016,964,22,suzuka,Japan,11,825,kevin_magnussen,4,MAG,renault,17,14,52,98036.0,,1.0,23072.0,23072.0,7.0,16,8.0,9,18,,45.0,5.807,301.964,0,63.0,68.0
2016,964,22,suzuka,Japan,11,826,kvyat,5,KVY,toro_rosso,13,13,52,97597.0,,2.0,45933.0,22966.5,25.0,14,47.0,7,13,,45.0,5.807,301.964,0,234.0,460.0
2016,964,22,suzuka,Japan,11,828,ericsson,15,ERI,sauber,18,15,52,98496.0,,1.0,24011.0,24011.0,0.0,21,0.0,11,19,,45.0,5.807,301.964,0,0.0,0.0
2016,964,22,suzuka,Japan,1,830,max_verstappen,9,VER,red_bull,3,2,53,96386.0,5208311.0,2.0,45643.0,22821.5,165.0,5,385.0,2,5,91178.0,45.0,5.807,307.771,0,1108.0,3248.0
2016,964,22,suzuka,Japan,11,831,nasr,15,NAS,sauber,19,19,52,98544.0,,1.0,25131.0,25131.0,0.0,22,0.0,11,20,,45.0,5.807,301.964,0,0.0,0.0
2016,964,22,suzuka,Japan,11,832,sainz,5,SAI,toro_rosso,14,17,52,97723.0,,2.0,45924.0,22962.0,30.0,12,47.0,7,14,,45.0,5.807,301.964,0,276.0,462.0
2016,964,22,suzuka,Japan,11,835,jolyon_palmer,4,PAL,renault,16,12,52,97978.0,,1.0,23452.0,23452.0,1.0,17,8.0,9,16,,45.0,5.807,301.964,0,2.0,70.0
2016,964,22,suzuka,Japan,11,836,wehrlein,209,WEH,manor,21,22,52,98000.0,,2.0,50091.0,25045.5,1.0,18,1.0,10,22,,45.0,5.807,301.964,0,9.0,10.0
2016,964,22,suzuka,Japan,11,839,ocon,209,OCO,manor,20,21,52,98380.0,,2.0,49229.0,24614.5,0.0,24,1.0,10,21,,45.0,5.807,301.964,0,0.0,10.0
2016,965,69,americas,USA,1,1,hamilton,131,HAM,mercedes,1,1,56,102386.0,5892618.0,2.0,47176.0,23588.0,305.0,2,636.0,1,1,94999.0,161.0,5.513,308.728,0,2315.0,5455.0
2016,965,69,americas,USA,1,3,rosberg,131,ROS,mercedes,2,2,56,101897.0,5897138.0,2.0,47675.0,23837.5,331.0,1,636.0,1,2,95215.0,161.0,5.513,308.728,0,2381.0,5636.0
2016,965,69,americas,USA,1,4,alonso,1,ALO,mclaren,12,5,56,103502.0,5986571.0,2.0,48983.0,24491.5,52.0,10,74.0,6,12,,161.0,5.513,308.728,0,316.0,574.0
2016,965,69,americas,USA,36,8,raikkonen,6,RAI,ferrari,5,0,38,101841.0,,3.0,73218.0,24406.0,170.0,5,347.0,3,5,96131.0,161.0,5.513,209.494,0,1346.0,3055.0
2016,965,69,americas,USA,11,13,massa,3,MAS,williams,9,7,55,103414.0,,3.0,71460.0,23820.0,49.0,11,130.0,5,9,97269.0,161.0,5.513,303.215,0,406.0,1165.0
2016,965,69,americas,USA,11,18,button,1,BUT,mclaren,19,9,55,104468.0,,2.0,49248.0,24624.0,21.0,15,74.0,6,19,,161.0,5.513,303.215,0,166.0,600.0
2016,965,69,americas,USA,1,20,vettel,6,VET,ferrari,6,4,56,99877.0,5935752.0,3.0,72401.0,24133.666666666668,177.0,4,347.0,3,6,96358.0,161.0,5.513,308.728,0,1343.0,3150.0
2016,965,69,americas,USA,11,154,grosjean,210,GRO,haas,17,10,55,104335.0,,2.0,50579.0,25289.5,29.0,13,29.0,8,17,,161.0,5.513,303.215,0,281.0,281.0
2016,965,69,americas,USA,4,807,hulkenberg,10,HUL,force_india,7,0,1,,,0.0,0.0,0.0,54.0,9,138.0,4,7,96628.0,161.0,5.513,5.513,0,401.0,1197.0
2016,965,69,americas,USA,11,815,perez,10,PER,force_india,11,8,55,103925.0,,2.0,47817.0,23908.5,84.0,7,138.0,4,11,,161.0,5.513,303.215,0,605.0,1232.0
2016,965,69,americas,USA,1,817,ricciardo,9,RIC,red_bull,3,3,56,102555.0,5912310.0,2.0,47490.0,23745.0,227.0,3,400.0,2,3,95509.0,161.0,5.513,308.728,0,1570.0,3374.0
2016,965,69,americas,USA,23,821,gutierrez,210,GUT,haas,14,0,16,105364.0,,1.0,24470.0,24470.0,0.0,20,29.0,8,14,,161.0,5.513,88.208,0,0.0,282.0
2016,965,69,americas,USA,11,822,bottas,3,BOT,williams,8,16,55,104977.0,,2.0,52320.0,26160.0,81.0,8,130.0,5,8,97116.0,161.0,5.513,303.215,0,666.0,1194.0
2016,965,69,americas,USA,11,825,kevin_magnussen,4,MAG,renault,18,12,55,104730.0,,3.0,72311.0,24103.666666666668,7.0,16,8.0,9,18,,161.0,5.513,303.215,0,64.0,72.0
2016,965,69,americas,USA,11,826,kvyat,5,KVY,toro_rosso,13,11,55,102475.0,,1.0,37837.0,37837.0,25.0,14,55.0,7,13,,161.0,5.513,303.215,0,237.0,472.0
2016,965,69,americas,USA,11,828,ericsson,15,ERI,sauber,16,14,55,105140.0,,1.0,25229.0,25229.0,0.0,21,0.0,11,16,,161.0,5.513,303.215,0,0.0,0.0
2016,965,69,americas,USA,6,830,max_verstappen,9,VER,red_bull,4,0,28,102424.0,,2.0,59601.0,29800.5,165.0,6,400.0,2,4,95747.0,161.0,5.513,154.364,0,1219.0,3500.0
2016,965,69,americas,USA,11,831,nasr,15,NAS,sauber,21,15,55,104117.0,,1.0,24244.0,24244.0,0.0,22,0.0,11,21,,161.0,5.513,303.215,0,0.0,0.0
2016,965,69,americas,USA,1,832,sainz,5,SAI,toro_rosso,10,6,56,102832.0,5988742.0,2.0,49059.0,24529.5,38.0,12,55.0,7,10,97326.0,161.0,5.513,308.728,0,296.0,482.0
2016,965,69,americas,USA,11,835,jolyon_palmer,4,PAL,renault,15,13,55,104724.0,,2.0,48837.0,24418.5,1.0,17,8.0,9,15,,161.0,5.513,303.215,0,3.0,74.0
2016,965,69,americas,USA,11,836,wehrlein,209,WEH,manor,20,17,55,105451.0,,2.0,51241.0,25620.5,1.0,18,1.0,10,20,,161.0,5.513,303.215,0,10.0,10.0
2016,965,69,americas,USA,12,839,ocon,209,OCO,manor,22,18,54,103585.0,,3.0,77413.0,25804.333333333332,0.0,24,1.0,10,22,,161.0,5.513,297.702,0,0.0,10.0
2016,966,32,rodriguez,Mexico,1,1,hamilton,131,HAM,mercedes,1,1,71,82596.0,6031402.0,1.0,21709.0,21709.0,330.0,2,679.0,1,1,78704.0,2227.0,4.304,305.584,0,2503.0,5817.0
2016,966,32,rodriguez,Mexico,1,3,rosberg,131,ROS,mercedes,2,2,71,82792.0,6039756.0,1.0,21997.0,21997.0,349.0,1,679.0,1,2,78958.0,2227.0,4.304,305.584,0,2577.0,5998.0
2016,966,32,rodriguez,Mexico,11,4,alonso,1,ALO,mclaren,11,13,70,83668.0,,2.0,47632.0,23816.0,52.0,10,74.0,6,11,,2227.0,4.304,301.28000000000003,0,350.0,626.0
2016,966,32,rodriguez,Mexico,1,8,raikkonen,6,RAI,ferrari,6,6,71,82512.0,6080778.0,2.0,45372.0,22686.0,178.0,5,365.0,3,6,79376.0,2227.0,4.304,305.584,0,1428.0,3236.0
2016,966,32,rodriguez,Mexico,1,13,massa,3,MAS,williams,9,9,71,83576.0,6107608.0,1.0,21863.0,21863.0,51.0,11,136.0,5,9,80032.0,2227.0,4.304,305.584,0,419.0,1219.0
2016,966,32,rodriguez,Mexico,11,18,button,1,BUT,mclaren,13,12,70,83777.0,,1.0,22438.0,22438.0,21.0,15,74.0,6,13,,2227.0,4.304,301.28000000000003,0,174.0,652.0
2016,966,32,rodriguez,Mexico,1,20,vettel,6,VET,ferrari,7,5,71,82497.0,6058715.0,1.0,22035.0,22035.0,187.0,4,365.0,3,7,79381.0,2227.0,4.304,305.584,0,1434.0,3322.0
2016,966,32,rodriguez,Mexico,11,154,grosjean,210,GRO,haas,22,20,70,83278.0,,2.0,46635.0,23317.5,29.0,13,29.0,8,21,,2227.0,4.304,301.28000000000003,0,282.0,283.0
2016,966,32,rodriguez,Mexico,1,807,hulkenberg,10,HUL,force_india,5,7,71,83288.0,6090293.0,1.0,22134.0,22134.0,60.0,9,145.0,4,5,79330.0,2227.0,4.304,305.584,0,441.0,1269.0
2016,966,32,rodriguez,Mexico,1,815,perez,10,PER,force_india,12,10,71,83607.0,6108200.0,1.0,22213.0,22213.0,85.0,7,145.0,4,12,,2227.0,4.304,305.584,0,651.0,1306.0
2016,966,32,rodriguez,Mexico,1,817,ricciardo,9,RIC,red_bull,4,3,71,81134.0,6052260.0,2.0,44530.0,22265.0,242.0,3,427.0,2,4,79133.0,2227.0,4.304,305.584,0,1724.0,3637.0
2016,966,32,rodriguez,Mexico,11,821,gutierrez,210,GUT,haas,17,19,70,83456.0,,2.0,48308.0,24154.0,0.0,20,29.0,8,17,,2227.0,4.304,301.28000000000003,0,0.0,284.0
2016,966,32,rodriguez,Mexico,1,822,bottas,3,BOT,williams,8,8,71,83540.0,6097014.0,1.0,22396.0,22396.0,85.0,8,136.0,5,8,79551.0,2227.0,4.304,305.584,0,697.0,1244.0
2016,966,32,rodriguez,Mexico,11,825,kevin_magnussen,4,MAG,renault,14,17,70,83146.0,,2.0,44655.0,22327.5,7.0,16,8.0,9,14,,2227.0,4.304,301.28000000000003,0,65.0,76.0
2016,966,32,rodriguez,Mexico,11,826,kvyat,5,KVY,toro_rosso,18,18,70,83618.0,,2.0,45530.0,22765.0,25.0,14,55.0,7,18,,2227.0,4.304,301.28000000000003,0,240.0,492.0
2016,966,32,rodriguez,Mexico,11,828,ericsson,15,ERI,sauber,15,11,70,84340.0,,1.0,32608.0,32608.0,0.0,21,0.0,11,15,,2227.0,4.304,301.28000000000003,0,0.0,0.0
2016,966,32,rodriguez,Mexico,1,830,max_verstappen,9,VER,red_bull,3,4,71,82887.0,6052725.0,1.0,21775.0,21775.0,177.0,6,427.0,2,3,79054.0,2227.0,4.304,305.584,0,1324.0,3774.0
2016,966,32,rodriguez,Mexico,11,831,nasr,15,NAS,sauber,19,15,70,83657.0,,1.0,23540.0,23540.0,0.0,22,0.0,11,19,,2227.0,4.304,301.28000000000003,0,0.0,0.0
2016,966,32,rodriguez,Mexico,11,832,sainz,5,SAI,toro_rosso,10,16,70,84467.0,,1.0,22747.0,22747.0,38.0,12,55.0,7,10,80378.0,2227.0,4.304,301.28000000000003,0,312.0,502.0
2016,966,32,rodriguez,Mexico,11,835,jolyon_palmer,4,PAL,renault,21,14,70,84574.0,,1.0,23897.0,23897.0,1.0,17,8.0,9,0,,2227.0,4.304,301.28000000000003,0,4.0,78.0
2016,966,32,rodriguez,Mexico,4,836,wehrlein,209,WEH,manor,16,0,0,,,0.0,0.0,0.0,1.0,18,1.0,10,16,,2227.0,4.304,0.0,0,10.0,10.0
2016,966,32,rodriguez,Mexico,12,839,ocon,209,OCO,manor,20,21,69,84964.0,,1.0,23866.0,23866.0,0.0,24,1.0,10,20,,2227.0,4.304,296.976,0,0.0,10.0
2016,967,18,interlagos,Brazil,1,1,hamilton,131,HAM,mercedes,1,1,71,85639.0,10861335.0,2.0,3492409.0,1746204.5,355.0,2,722.0,1,1,70736.0,785.0,4.309,305.939,0,2691.0,6182.0
2016,967,18,interlagos,Brazil,1,3,rosberg,131,ROS,mercedes,2,2,71,86222.0,10872790.0,2.0,3491371.0,1745685.5,367.0,1,722.0,1,2,70838.0,785.0,4.309,305.939,0,2776.0,6366.0
2016,967,18,interlagos,Brazil,1,4,alonso,1,ALO,mclaren,10,10,71,87104.0,10905767.0,3.0,3517428.0,1172476.0,53.0,10,75.0,6,10,72266.0,785.0,4.309,305.939,0,385.0,673.0
2016,967,18,interlagos,Brazil,4,8,raikkonen,6,RAI,ferrari,3,0,19,88847.0,,0.0,0.0,0.0,178.0,6,375.0,3,3,71404.0,785.0,4.309,81.87100000000001,0,1500.0,3396.0
2016,967,18,interlagos,Brazil,4,13,massa,3,MAS,williams,13,0,46,86767.0,,4.0,3554774.0,888693.5,51.0,11,136.0,5,13,,785.0,4.309,198.214,0,432.0,1269.0
2016,967,18,interlagos,Brazil,1,18,button,1,BUT,mclaren,17,16,71,86983.0,10943329.0,5.0,3569001.0,713800.2,21.0,15,75.0,6,17,,785.0,4.309,305.939,0,182.0,694.0
2016,967,18,interlagos,Brazil,1,20,vettel,6,VET,ferrari,5,5,71,86195.0,10887669.0,3.0,3524541.0,1174847.0,197.0,4,375.0,3,5,71495.0,785.0,4.309,305.939,0,1533.0,3470.0
2016,967,18,interlagos,Brazil,54,154,grosjean,210,GRO,haas,7,0,0,,,0.0,0.0,0.0,29.0,13,29.0,8,7,71937.0,785.0,4.309,0.0,0,283.0,285.0
2016,967,18,interlagos,Brazil,1,807,hulkenberg,10,HUL,force_india,8,7,71,86728.0,10891162.0,3.0,3518090.0,1172696.6666666667,66.0,9,163.0,4,8,72104.0,785.0,4.309,305.939,0,481.0,1357.0
2016,967,18,interlagos,Brazil,1,815,perez,10,PER,force_india,9,4,71,87093.0,10886681.0,2.0,3490688.0,1745344.0,97.0,7,163.0,4,9,72165.0,785.0,4.309,305.939,0,701.0,1408.0
2016,967,18,interlagos,Brazil,1,817,ricciardo,9,RIC,red_bull,6,8,71,85532.0,10891821.0,5.0,3572090.0,714418.0,246.0,3,446.0,2,6,71540.0,785.0,4.309,305.939,0,1870.0,3904.0
2016,967,18,interlagos,Brazil,31,821,gutierrez,210,GUT,haas,12,0,60,87805.0,,4.0,3538573.0,884643.25,0.0,21,29.0,8,12,,785.0,4.309,258.54,0,0.0,286.0
2016,967,18,interlagos,Brazil,1,822,bottas,3,BOT,williams,11,11,71,86062.0,10906627.0,4.0,3542270.0,885567.5,85.0,8,136.0,5,11,,785.0,4.309,305.939,0,728.0,1294.0
2016,967,18,interlagos,Brazil,1,825,kevin_magnussen,4,MAG,renault,18,14,71,86524.0,10912890.0,4.0,3542704.0,885676.0,7.0,16,8.0,9,18,,785.0,4.309,305.939,0,66.0,79.0
2016,967,18,interlagos,Brazil,1,826,kvyat,5,KVY,toro_rosso,14,13,71,87476.0,10912527.0,4.0,3546767.0,886691.75,25.0,14,63.0,7,14,,785.0,4.309,305.939,0,242.0,518.0
2016,967,18,interlagos,Brazil,4,828,ericsson,15,ERI,sauber,20,0,11,91265.0,,1.0,25395.0,25395.0,0.0,22,2.0,10,21,,785.0,4.309,47.399,0,0.0,2.0
2016,967,18,interlagos,Brazil,1,830,max_verstappen,9,VER,red_bull,4,3,71,85305.0,10882816.0,5.0,3563738.0,712747.6,192.0,5,446.0,2,4,71485.0,785.0,4.309,305.939,0,1426.0,4034.0
2016,967,18,interlagos,Brazil,1,831,nasr,15,NAS,sauber,21,9,71,87547.0,10903955.0,2.0,3491420.0,1745710.0,2.0,17,2.0,10,22,,785.0,4.309,305.939,0,2.0,4.0
2016,967,18,interlagos,Brazil,1,832,sainz,5,SAI,toro_rosso,15,6,71,87153.0,10890495.0,2.0,3491881.0,1745940.5,46.0,12,63.0,7,15,,785.0,4.309,305.939,0,332.0,534.0
2016,967,18,interlagos,Brazil,130,835,jolyon_palmer,4,PAL,renault,16,0,20,94334.0,,2.0,49401.0,24700.5,1.0,18,8.0,9,16,,785.0,4.309,86.18,0,5.0,80.0
2016,967,18,interlagos,Brazil,1,836,wehrlein,209,WEH,manor,19,15,71,87919.0,10921833.0,3.0,3518952.0,1172984.0,1.0,19,1.0,11,19,,785.0,4.309,305.939,0,10.0,10.0
2016,967,18,interlagos,Brazil,1,839,ocon,209,OCO,manor,22,12,71,87796.0,10907144.0,2.0,3494144.0,1747072.0,0.0,23,1.0,11,20,,785.0,4.309,305.939,0,0.0,10.0
2016,968,24,yas_marina,UAE,1,1,hamilton,131,HAM,mercedes,1,1,55,105137.0,5884013.0,2.0,43955.0,21977.5,380.0,2,765.0,1,1,98755.0,3.0,5.554,305.47,0,2879.0,6578.0
2016,968,24,yas_marina,UAE,1,3,rosberg,131,ROS,mercedes,2,2,55,105261.0,5884452.0,2.0,44971.0,22485.5,385.0,1,765.0,1,2,99058.0,3.0,5.554,305.47,0,2975.0,6790.0
2016,968,24,yas_marina,UAE,1,4,alonso,1,ALO,mclaren,9,10,55,104495.0,5943909.0,2.0,44676.0,22338.0,54.0,10,76.0,6,9,101106.0,3.0,5.554,305.47,0,415.0,708.0
2016,968,24,yas_marina,UAE,1,8,raikkonen,6,RAI,ferrari,4,6,55,105163.0,5902829.0,2.0,44046.0,22023.0,186.0,6,398.0,3,4,99604.0,3.0,5.554,305.47,0,1572.0,3555.0
2016,968,24,yas_marina,UAE,1,13,massa,3,MAS,williams,10,9,55,105675.0,5943449.0,2.0,43314.0,21657.0,53.0,11,138.0,5,10,101213.0,3.0,5.554,305.47,0,447.0,1311.0
2016,968,24,yas_marina,UAE,22,18,button,1,BUT,mclaren,12,0,12,108753.0,,0.0,0.0,0.0,21.0,15,76.0,6,12,,3.0,5.554,66.648,0,190.0,722.0
2016,968,24,yas_marina,UAE,1,20,vettel,6,VET,ferrari,5,3,55,103729.0,5884856.0,2.0,43583.0,21791.5,212.0,4,398.0,3,5,99661.0,3.0,5.554,305.47,0,1635.0,3640.0
2016,968,24,yas_marina,UAE,1,154,grosjean,210,GRO,haas,14,11,55,104970.0,5960790.0,2.0,45365.0,22682.5,29.0,13,29.0,8,14,,3.0,5.554,305.47,0,284.0,287.0
2016,968,24,yas_marina,UAE,1,807,hulkenberg,10,HUL,force_india,7,7,55,105949.0,5934127.0,2.0,43316.0,21658.0,72.0,9,173.0,4,7,100501.0,3.0,5.554,305.47,0,526.0,1457.0
2016,968,24,yas_marina,UAE,1,815,perez,10,PER,force_india,8,8,55,105249.0,5942789.0,2.0,43320.0,21660.0,101.0,7,173.0,4,8,100519.0,3.0,5.554,305.47,0,755.0,1506.0
2016,968,24,yas_marina,UAE,1,817,ricciardo,9,RIC,red_bull,3,5,55,104889.0,5889328.0,2.0,43852.0,21926.0,256.0,3,468.0,2,3,99589.0,3.0,5.554,305.47,0,2011.0,4143.0
2016,968,24,yas_marina,UAE,1,821,gutierrez,210,GUT,haas,13,12,55,105928.0,5979126.0,2.0,44134.0,22067.0,0.0,21,29.0,8,13,,3.0,5.554,305.47,0,0.0,288.0
2016,968,24,yas_marina,UAE,22,822,bottas,3,BOT,williams,11,0,6,107837.0,,0.0,0.0,0.0,85.0,8,138.0,5,11,,3.0,5.554,33.324,0,757.0,1328.0
2016,968,24,yas_marina,UAE,22,825,kevin_magnussen,4,MAG,renault,18,0,5,108601.0,,1.0,27068.0,27068.0,7.0,16,8.0,9,18,,3.0,5.554,27.770000000000003,0,67.0,80.0
2016,968,24,yas_marina,UAE,6,826,kvyat,5,KVY,toro_rosso,17,0,14,108752.0,,1.0,21896.0,21896.0,25.0,14,63.0,7,17,,3.0,5.554,77.756,0,244.0,550.0
2016,968,24,yas_marina,UAE,11,828,ericsson,15,ERI,sauber,22,15,54,106216.0,,1.0,22991.0,22991.0,0.0,22,2.0,10,22,,3.0,5.554,299.916,0,0.0,6.0
2016,968,24,yas_marina,UAE,1,830,max_verstappen,9,VER,red_bull,6,4,55,105187.0,5885698.0,1.0,21221.0,21221.0,204.0,5,468.0,2,6,99818.0,3.0,5.554,305.47,0,1530.0,4252.0
2016,968,24,yas_marina,UAE,11,831,nasr,15,NAS,sauber,19,16,54,106287.0,,2.0,53205.0,26602.5,2.0,17,2.0,10,19,,3.0,5.554,299.916,0,4.0,8.0
2016,968,24,yas_marina,UAE,130,832,sainz,5,SAI,toro_rosso,21,0,41,106591.0,,2.0,43696.0,21848.0,46.0,12,63.0,7,21,,3.0,5.554,227.714,0,348.0,566.0
2016,968,24,yas_marina,UAE,11,835,jolyon_palmer,4,PAL,renault,15,17,54,105715.0,,3.0,69514.0,23171.333333333332,1.0,18,8.0,9,15,,3.0,5.554,299.916,0,6.0,80.0
2016,968,24,yas_marina,UAE,11,836,wehrlein,209,WEH,manor,16,14,54,106145.0,,2.0,56344.0,28172.0,1.0,19,1.0,11,16,,3.0,5.554,299.916,0,10.0,10.0
2016,968,24,yas_marina,UAE,11,839,ocon,209,OCO,manor,20,13,54,106189.0,,2.0,47061.0,23530.5,0.0,23,1.0,11,20,,3.0,5.554,299.916,0,0.0,10.0
2017,969,1,albert_park,Australia,1,1,hamilton,131,HAM,mercedes,1,2,57,87033.0,5061647.0,1.0,21709.0,21709.0,18.0,2,33.0,2,1,82188.0,10.0,5.303,302.271,0,2680.0,6230.0
2017,969,1,albert_park,Australia,76,4,alonso,1,ALO,mclaren,12,0,50,90077.0,,1.0,22484.0,22484.0,0.0,14,0.0,9,13,,10.0,5.303,265.15,0,391.0,660.0
2017,969,1,albert_park,Australia,1,8,raikkonen,6,RAI,ferrari,4,4,57,86538.0,5074065.0,1.0,22033.0,22033.0,12.0,4,37.0,1,4,83033.0,10.0,5.303,302.271,0,1462.0,3342.0
2017,969,1,albert_park,Australia,1,13,massa,3,MAS,williams,7,6,57,88045.0,5135058.0,1.0,21568.0,21568.0,8.0,6,8.0,4,7,84443.0,10.0,5.303,302.271,0,417.0,1212.0
2017,969,1,albert_park,Australia,1,20,vettel,6,VET,ferrari,2,1,57,86638.0,5051672.0,1.0,21988.0,21988.0,25.0,1,37.0,1,2,82456.0,10.0,5.303,302.271,0,1540.0,3044.0
2017,969,1,albert_park,Australia,47,154,grosjean,210,GRO,haas,6,0,13,90183.0,,0.0,0.0,0.0,0.0,20,0.0,10,6,84074.0,10.0,5.303,68.939,0,256.0,260.0
2017,969,1,albert_park,Australia,11,807,hulkenberg,4,HUL,renault,11,11,56,88486.0,,2.0,46289.0,23144.5,0.0,11,0.0,7,12,,10.0,5.303,296.968,0,493.0,72.0
2017,969,1,albert_park,Australia,11,815,perez,10,PER,force_india,10,7,56,88336.0,,1.0,22045.0,22045.0,6.0,7,7.0,5,11,,10.0,5.303,296.968,0,713.0,1379.0
2017,969,1,albert_park,Australia,131,817,ricciardo,9,RIC,red_bull,0,0,25,89447.0,,0.0,0.0,0.0,0.0,17,10.0,3,10,,10.0,5.303,132.575,0,1878.0,3877.0
2017,969,1,albert_park,Australia,1,822,bottas,131,BOT,mercedes,3,3,57,86593.0,5062922.0,1.0,21440.0,21440.0,15.0,3,33.0,2,3,82481.0,10.0,5.303,302.271,0,714.0,5670.0
2017,969,1,albert_park,Australia,22,825,kevin_magnussen,210,MAG,haas,17,0,46,87568.0,,2.0,53525.0,26762.5,0.0,15,0.0,10,17,,10.0,5.303,243.938,0,61.0,232.0
2017,969,1,albert_park,Australia,11,826,kvyat,5,KVY,toro_rosso,9,9,56,86711.0,,2.0,49585.0,24792.5,2.0,9,6.0,6,9,84512.0,10.0,5.303,296.968,0,223.0,525.0
2017,969,1,albert_park,Australia,9,828,ericsson,15,ERI,sauber,14,0,21,92052.0,,0.0,0.0,0.0,0.0,18,0.0,8,15,,10.0,5.303,111.363,0,0.0,8.0
2017,969,1,albert_park,Australia,1,830,max_verstappen,9,VER,red_bull,5,5,57,86964.0,5080499.0,1.0,22208.0,22208.0,10.0,5,10.0,3,5,83485.0,10.0,5.303,302.271,0,1425.0,3502.0
2017,969,1,albert_park,Australia,11,832,sainz,5,SAI,toro_rosso,8,8,56,87677.0,,1.0,21762.0,21762.0,4.0,8,6.0,6,8,84487.0,10.0,5.303,296.968,0,322.0,484.0
2017,969,1,albert_park,Australia,23,835,jolyon_palmer,4,PAL,renault,19,0,15,92195.0,,0.0,0.0,0.0,0.0,19,0.0,7,20,,10.0,5.303,79.545,0,6.0,64.0
2017,969,1,albert_park,Australia,12,838,vandoorne,1,VAN,mclaren,18,13,55,89440.0,,1.0,39562.0,39562.0,0.0,13,0.0,9,18,,10.0,5.303,291.665,0,1.0,598.0
2017,969,1,albert_park,Australia,11,839,ocon,10,OCO,force_india,13,10,56,88475.0,,1.0,22154.0,22154.0,1.0,10,7.0,5,14,,10.0,5.303,296.968,0,1.0,1252.0
2017,969,1,albert_park,Australia,23,840,stroll,3,STR,williams,20,0,40,89389.0,,2.0,44673.0,22336.5,0.0,16,8.0,4,19,,10.0,5.303,212.12,0,0.0,1096.0
2017,969,1,albert_park,Australia,12,841,giovinazzi,15,GIO,sauber,16,12,55,89052.0,,1.0,28591.0,28591.0,0.0,12,0.0,8,16,,10.0,5.303,291.665,0,0.0,8.0
2017,970,17,shanghai,China,1,1,hamilton,131,HAM,mercedes,1,1,56,95378.0,5856158.0,4.0,81020.0,20255.0,43.0,2,66.0,1,1,91678.0,5.0,5.451,305.256,0,2491.0,5100.0
2017,970,17,shanghai,China,30,4,alonso,1,ALO,mclaren,13,0,33,99496.0,,4.0,76158.0,19039.5,0.0,19,0.0,10,13,,5.0,5.451,179.88299999999998,0,361.0,524.0
2017,970,17,shanghai,China,1,8,raikkonen,6,RAI,ferrari,4,5,56,96003.0,5904234.0,4.0,82278.0,20569.5,22.0,5,65.0,2,4,92140.0,5.0,5.451,305.256,0,1360.0,2762.0
2017,970,17,shanghai,China,11,13,massa,3,MAS,williams,6,14,55,96511.0,,6.0,121113.0,20185.5,8.0,8,8.0,6,6,93507.0,5.0,5.451,299.805,0,386.0,974.0
2017,970,17,shanghai,China,1,20,vettel,6,VET,ferrari,2,2,56,95423.0,5862408.0,5.0,97435.0,19487.0,43.0,1,65.0,2,2,91864.0,5.0,5.451,305.256,0,1455.0,2480.0
2017,970,17,shanghai,China,11,154,grosjean,210,GRO,haas,19,11,55,97551.0,,5.0,112596.0,22519.2,0.0,14,4.0,7,17,,5.0,5.451,299.805,0,228.0,207.0
2017,970,17,shanghai,China,11,807,hulkenberg,4,HUL,renault,7,12,55,98015.0,,5.0,115751.0,23150.2,0.0,13,0.0,8,7,93580.0,5.0,5.451,299.805,0,448.0,56.0
2017,970,17,shanghai,China,11,815,perez,10,PER,force_india,8,9,55,96531.0,,6.0,123019.0,20503.166666666668,8.0,9,10.0,5,8,93706.0,5.0,5.451,299.805,0,663.0,1124.0
2017,970,17,shanghai,China,1,817,ricciardo,9,RIC,red_bull,5,4,56,96791.0,5902193.0,4.0,80938.0,20234.5,12.0,6,37.0,3,5,93033.0,5.0,5.451,305.256,0,1739.0,3139.0
2017,970,17,shanghai,China,1,822,bottas,131,BOT,mercedes,3,6,56,95849.0,5904966.0,4.0,91270.0,22817.5,23.0,4,66.0,1,3,91865.0,5.0,5.451,305.256,0,675.0,4530.0
2017,970,17,shanghai,China,11,825,kevin_magnussen,210,MAG,haas,12,8,55,97528.0,,5.0,99165.0,19833.0,4.0,10,4.0,7,12,,5.0,5.451,299.805,0,59.0,182.0
2017,970,17,shanghai,China,9,826,kvyat,5,KVY,toro_rosso,9,0,18,100090.0,,4.0,75982.0,18995.5,2.0,11,12.0,4,9,93719.0,5.0,5.451,98.118,0,202.0,441.0
2017,970,17,shanghai,China,11,828,ericsson,15,ERI,sauber,14,15,55,99732.0,,4.0,79963.0,19990.75,0.0,18,0.0,9,14,,5.0,5.451,299.805,0,0.0,8.0
2017,970,17,shanghai,China,1,830,max_verstappen,9,VER,red_bull,16,3,56,96722.0,5901350.0,4.0,80648.0,20162.0,25.0,3,37.0,3,19,,5.0,5.451,305.256,0,1335.0,2776.0
2017,970,17,shanghai,China,1,832,sainz,5,SAI,toro_rosso,11,7,56,97398.0,5929051.0,4.0,74891.0,18722.75,10.0,7,12.0,4,11,,5.0,5.451,305.256,0,302.0,398.0
2017,970,17,shanghai,China,11,835,jolyon_palmer,4,PAL,renault,20,13,55,98181.0,,4.0,75876.0,18969.0,0.0,17,0.0,8,18,,5.0,5.451,299.805,0,6.0,48.0
2017,970,17,shanghai,China,32,838,vandoorne,1,VAN,mclaren,15,0,17,101460.0,,4.0,77058.0,19264.5,0.0,16,0.0,10,16,,5.0,5.451,92.66699999999999,0,1.0,450.0
2017,970,17,shanghai,China,11,839,ocon,10,OCO,force_india,17,10,55,97036.0,,5.0,108812.0,21762.4,2.0,12,10.0,5,20,,5.0,5.451,299.805,0,3.0,996.0
2017,970,17,shanghai,China,4,840,stroll,3,STR,williams,10,0,0,,,0.0,0.0,0.0,0.0,20,8.0,6,10,94220.0,5.0,5.451,0.0,0,0.0,852.0
2017,970,17,shanghai,China,3,841,giovinazzi,15,GIO,sauber,18,0,3,,,1.0,29443.0,29443.0,0.0,15,0.0,9,15,,5.0,5.451,16.352999999999998,0,0.0,8.0
2017,971,3,bahrain,Bahrain,1,1,hamilton,131,HAM,mercedes,2,2,57,92798.0,5640034.0,2.0,61369.0,30684.5,61.0,2,99.0,2,2,88792.0,7.0,5.412,308.484,0,2302.0,3950.0
2017,971,3,bahrain,Bahrain,131,4,alonso,1,ALO,mclaren,15,14,54,95595.0,,2.0,49645.0,24822.5,0.0,19,0.0,10,15,,7.0,5.412,292.248,0,331.0,376.0
2017,971,3,bahrain,Bahrain,1,8,raikkonen,6,RAI,ferrari,5,4,57,93720.0,5655849.0,2.0,52286.0,26143.0,34.0,4,102.0,1,5,89567.0,7.0,5.412,308.484,0,1258.0,2217.0
2017,971,3,bahrain,Bahrain,1,13,massa,3,MAS,williams,8,6,57,94256.0,5687700.0,2.0,49944.0,24972.0,16.0,7,16.0,5,8,90074.0,7.0,5.412,308.484,0,361.0,732.0
2017,971,3,bahrain,Bahrain,1,20,vettel,6,VET,ferrari,3,1,57,93826.0,5633374.0,2.0,49016.0,24508.0,68.0,1,102.0,1,3,89247.0,7.0,5.412,308.484,0,1380.0,1954.0
2017,971,3,bahrain,Bahrain,1,154,grosjean,210,GRO,haas,9,8,57,94948.0,5708239.0,2.0,50040.0,25020.0,4.0,10,8.0,7,9,90763.0,7.0,5.412,308.484,0,204.0,161.0
2017,971,3,bahrain,Bahrain,1,807,hulkenberg,4,HUL,renault,7,9,57,95372.0,5713562.0,2.0,51769.0,25884.5,2.0,13,2.0,8,7,89842.0,7.0,5.412,308.484,0,404.0,42.0
2017,971,3,bahrain,Bahrain,1,815,perez,10,PER,force_india,18,7,57,94609.0,5695980.0,2.0,48962.0,24481.0,14.0,8,17.0,4,18,,7.0,5.412,308.484,0,615.0,868.0
2017,971,3,bahrain,Bahrain,1,817,ricciardo,9,RIC,red_bull,4,5,57,93495.0,5672720.0,2.0,50512.0,25256.0,22.0,6,47.0,3,4,89545.0,7.0,5.412,308.484,0,1600.0,2396.0
2017,971,3,bahrain,Bahrain,1,822,bottas,131,BOT,mercedes,1,3,57,94087.0,5653771.0,2.0,52908.0,26454.0,38.0,3,99.0,2,1,88769.0,7.0,5.412,308.484,0,643.0,3370.0
2017,971,3,bahrain,Bahrain,10,825,kevin_magnussen,210,MAG,haas,20,0,8,98718.0,,0.0,0.0,0.0,4.0,11,8.0,7,20,,7.0,5.412,43.296,0,57.0,140.0
2017,971,3,bahrain,Bahrain,11,826,kvyat,5,KVY,toro_rosso,11,12,56,94985.0,,2.0,50450.0,25225.0,2.0,14,12.0,6,11,,7.0,5.412,303.072,0,181.0,355.0
2017,971,3,bahrain,Bahrain,6,828,ericsson,15,ERI,sauber,19,0,50,95086.0,,1.0,25576.0,25576.0,0.0,20,0.0,9,19,,7.0,5.412,270.6,0,0.0,8.0
2017,971,3,bahrain,Bahrain,23,830,max_verstappen,9,VER,red_bull,6,0,11,96681.0,,1.0,25174.0,25174.0,25.0,5,47.0,3,6,89687.0,7.0,5.412,59.532,0,1239.0,2016.0
2017,971,3,bahrain,Bahrain,4,832,sainz,5,SAI,toro_rosso,16,0,12,98026.0,,1.0,25001.0,25001.0,10.0,9,12.0,6,16,,7.0,5.412,64.944,0,282.0,312.0
2017,971,3,bahrain,Bahrain,11,835,jolyon_palmer,4,PAL,renault,10,13,56,95552.0,,2.0,53886.0,26943.0,0.0,17,2.0,8,10,91074.0,7.0,5.412,303.072,0,6.0,36.0
2017,971,3,bahrain,Bahrain,11,836,wehrlein,15,WEH,sauber,13,11,56,96786.0,,1.0,26542.0,26542.0,0.0,15,0.0,9,13,,7.0,5.412,303.072,0,9.0,8.0
2017,971,3,bahrain,Bahrain,131,838,vandoorne,1,VAN,mclaren,17,0,0,,,0.0,0.0,0.0,0.0,18,0.0,10,17,,7.0,5.412,0.0,0,1.0,302.0
2017,971,3,bahrain,Bahrain,1,839,ocon,10,OCO,force_india,14,10,57,95179.0,5729085.0,2.0,49169.0,24584.5,3.0,12,17.0,4,14,,7.0,5.412,308.484,0,6.0,740.0
2017,971,3,bahrain,Bahrain,4,840,stroll,3,STR,williams,12,0,12,96303.0,,1.0,24915.0,24915.0,0.0,21,16.0,5,12,,7.0,5.412,64.944,0,0.0,612.0
2017,972,71,sochi,Russia,1,1,hamilton,131,HAM,mercedes,4,4,52,98398.0,5325063.0,1.0,29739.0,29739.0,73.0,2,136.0,1,4,93767.0,2.0,5.848,304.096,0,2110.0,2784.0
2017,972,71,sochi,Russia,131,4,alonso,1,ALO,mclaren,15,0,0,,,0.0,0.0,0.0,0.0,20,0.0,10,15,,2.0,5.848,0.0,0,295.0,227.0
2017,972,71,sochi,Russia,1,8,raikkonen,6,RAI,ferrari,2,3,52,96844.0,5299743.0,1.0,30152.0,30152.0,49.0,4,135.0,2,2,93253.0,2.0,5.848,304.096,0,1159.0,1714.0
2017,972,71,sochi,Russia,11,13,massa,3,MAS,williams,6,9,51,98232.0,,2.0,59843.0,29921.5,18.0,8,18.0,5,6,95110.0,2.0,5.848,298.248,0,338.0,494.0
2017,972,71,sochi,Russia,1,20,vettel,6,VET,ferrari,1,2,52,97312.0,5289360.0,1.0,30097.0,30097.0,86.0,1,135.0,2,1,93194.0,2.0,5.848,304.096,0,1313.0,1474.0
2017,972,71,sochi,Russia,4,154,grosjean,210,GRO,haas,19,0,0,,,0.0,0.0,0.0,4.0,12,8.0,7,20,,2.0,5.848,0.0,0,180.0,119.0
2017,972,71,sochi,Russia,1,807,hulkenberg,4,HUL,renault,8,8,52,98418.0,5384931.0,1.0,30280.0,30280.0,6.0,11,6.0,8,8,95285.0,2.0,5.848,304.096,0,364.0,34.0
2017,972,71,sochi,Russia,1,815,perez,10,PER,force_india,9,6,52,98661.0,5375531.0,1.0,29868.0,29868.0,22.0,7,31.0,4,9,95337.0,2.0,5.848,304.096,0,571.0,608.0
2017,972,71,sochi,Russia,23,817,ricciardo,9,RIC,red_bull,5,0,5,102285.0,,0.0,0.0,0.0,22.0,6,57.0,3,5,94905.0,2.0,5.848,29.24,0,1443.0,1627.0
2017,972,71,sochi,Russia,1,822,bottas,131,BOT,mercedes,3,1,52,97367.0,5288743.0,1.0,29356.0,29356.0,63.0,3,136.0,1,3,93289.0,2.0,5.848,304.096,0,636.0,2198.0
2017,972,71,sochi,Russia,11,825,kevin_magnussen,210,MAG,haas,13,13,51,99566.0,,1.0,36559.0,36559.0,4.0,13,8.0,7,14,,2.0,5.848,298.248,0,54.0,98.0
2017,972,71,sochi,Russia,11,826,kvyat,5,KVY,toro_rosso,12,12,51,98300.0,,1.0,29991.0,29991.0,2.0,14,13.0,6,13,,2.0,5.848,298.248,0,158.0,262.0
2017,972,71,sochi,Russia,11,828,ericsson,15,ERI,sauber,18,15,51,99835.0,,2.0,62890.0,31445.0,0.0,21,0.0,9,19,,2.0,5.848,298.248,0,0.0,6.0
2017,972,71,sochi,Russia,1,830,max_verstappen,9,VER,red_bull,7,5,52,98429.0,5349159.0,1.0,29567.0,29567.0,35.0,5,57.0,3,7,95161.0,2.0,5.848,304.096,0,1145.0,1238.0
2017,972,71,sochi,Russia,11,832,sainz,5,SAI,toro_rosso,14,10,51,98858.0,,1.0,29973.0,29973.0,11.0,9,13.0,6,11,,2.0,5.848,298.248,0,263.0,212.0
2017,972,71,sochi,Russia,4,835,jolyon_palmer,4,PAL,renault,16,0,0,,,0.0,0.0,0.0,0.0,18,6.0,8,16,,2.0,5.848,0.0,0,6.0,32.0
2017,972,71,sochi,Russia,12,836,wehrlein,15,WEH,sauber,17,16,50,100922.0,,2.0,62065.0,31032.5,0.0,15,0.0,9,18,,2.0,5.848,292.4,0,8.0,4.0
2017,972,71,sochi,Russia,11,838,vandoorne,1,VAN,mclaren,20,14,51,99790.0,,2.0,66004.0,33002.0,0.0,19,0.0,10,17,,2.0,5.848,298.248,0,1.0,152.0
2017,972,71,sochi,Russia,1,839,ocon,10,OCO,force_india,10,7,52,98745.0,5383747.0,1.0,30253.0,30253.0,9.0,10,31.0,4,10,95430.0,2.0,5.848,304.096,0,15.0,476.0
2017,972,71,sochi,Russia,11,840,stroll,3,STR,williams,11,11,51,98870.0,,1.0,29791.0,29791.0,0.0,16,18.0,5,12,,2.0,5.848,298.248,0,0.0,376.0
2017,973,4,catalunya,Spain,1,1,hamilton,131,HAM,mercedes,1,1,66,83593.0,5756497.0,2.0,43266.0,21633.0,98.0,2,161.0,1,1,79149.0,109.0,4.657,307.362,0,1943.0,1594.0
2017,973,4,catalunya,Spain,12,4,alonso,1,ALO,mclaren,7,12,64,83894.0,,3.0,68967.0,22989.0,0.0,18,0.0,10,7,81048.0,109.0,4.657,298.048,0,253.0,76.0
2017,973,4,catalunya,Spain,130,8,raikkonen,6,RAI,ferrari,4,0,0,,,0.0,0.0,0.0,49.0,4,153.0,2,4,79439.0,109.0,4.657,0.0,0,1048.0,1229.0
2017,973,4,catalunya,Spain,12,13,massa,3,MAS,williams,9,13,64,86472.0,,3.0,85970.0,28656.666666666668,18.0,9,18.0,6,9,81232.0,109.0,4.657,298.048,0,315.0,256.0
2017,973,4,catalunya,Spain,1,20,vettel,6,VET,ferrari,2,2,66,83674.0,5759987.0,2.0,44806.0,22403.0,104.0,1,153.0,2,2,79200.0,109.0,4.657,307.362,0,1264.0,984.0
2017,973,4,catalunya,Spain,11,154,grosjean,210,GRO,haas,14,10,65,86871.0,,2.0,45507.0,22753.5,5.0,12,9.0,8,14,,109.0,4.657,302.705,0,157.0,78.0
2017,973,4,catalunya,Spain,11,807,hulkenberg,4,HUL,renault,13,6,65,86703.0,,2.0,44852.0,22426.0,14.0,11,14.0,7,13,,109.0,4.657,302.705,0,328.0,38.0
2017,973,4,catalunya,Spain,11,815,perez,10,PER,force_india,8,4,65,85755.0,,2.0,48189.0,24094.5,34.0,7,53.0,4,8,81070.0,109.0,4.657,302.705,0,531.0,356.0
2017,973,4,catalunya,Spain,1,817,ricciardo,9,RIC,red_bull,6,3,66,83686.0,5832317.0,2.0,43729.0,21864.5,37.0,5,72.0,3,6,80175.0,109.0,4.657,307.362,0,1276.0,842.0
2017,973,4,catalunya,Spain,131,822,bottas,131,BOT,mercedes,3,0,38,84696.0,,1.0,21689.0,21689.0,63.0,3,161.0,1,3,79373.0,109.0,4.657,176.966,0,619.0,990.0
2017,973,4,catalunya,Spain,12,825,kevin_magnussen,210,MAG,haas,11,14,64,86371.0,,3.0,71569.0,23856.333333333332,4.0,14,9.0,8,11,,109.0,4.657,298.048,0,51.0,58.0
2017,973,4,catalunya,Spain,11,826,kvyat,5,KVY,toro_rosso,19,9,65,85976.0,,2.0,44352.0,22176.0,4.0,15,21.0,5,20,,109.0,4.657,302.705,0,137.0,170.0
2017,973,4,catalunya,Spain,12,828,ericsson,15,ERI,sauber,16,11,64,86213.0,,2.0,45770.0,22885.0,0.0,16,4.0,9,16,,109.0,4.657,298.048,0,0.0,6.0
2017,973,4,catalunya,Spain,130,830,max_verstappen,9,VER,red_bull,5,0,1,,,0.0,0.0,0.0,35.0,6,72.0,3,5,79706.0,109.0,4.657,4.657,0,1033.0,446.0
2017,973,4,catalunya,Spain,11,832,sainz,5,SAI,toro_rosso,12,7,65,86186.0,,2.0,44366.0,22183.0,17.0,10,21.0,5,12,,109.0,4.657,302.705,0,250.0,128.0
2017,973,4,catalunya,Spain,12,835,jolyon_palmer,4,PAL,renault,17,15,64,84843.0,,3.0,70671.0,23557.0,0.0,20,14.0,7,17,,109.0,4.657,298.048,0,5.0,44.0
2017,973,4,catalunya,Spain,11,836,wehrlein,15,WEH,sauber,15,8,65,86476.0,,1.0,23445.0,23445.0,4.0,13,4.0,9,15,,109.0,4.657,302.705,0,11.0,8.0
2017,973,4,catalunya,Spain,4,838,vandoorne,1,VAN,mclaren,20,0,32,87554.0,,1.0,22547.0,22547.0,0.0,21,0.0,10,19,,109.0,4.657,149.024,0,1.0,0.0
2017,973,4,catalunya,Spain,11,839,ocon,10,OCO,force_india,10,5,65,86276.0,,2.0,45259.0,22629.5,19.0,8,53.0,4,10,81272.0,109.0,4.657,302.705,0,34.0,236.0
2017,973,4,catalunya,Spain,12,840,stroll,3,STR,williams,18,16,64,86838.0,,2.0,44171.0,22085.5,0.0,17,18.0,6,18,,109.0,4.657,298.048,0,0.0,136.0
2017,974,6,monaco,Monaco,1,1,hamilton,131,HAM,mercedes,13,7,78,75825.0,6300141.0,1.0,24155.0,24155.0,104.0,2,179.0,2,14,,7.0,3.337,260.286,1,1767.0,1136.0
2017,974,6,monaco,Monaco,1,8,raikkonen,6,RAI,ferrari,1,2,78,75527.0,6287485.0,1.0,24833.0,24833.0,67.0,4,196.0,1,1,72178.0,7.0,3.337,260.286,1,945.0,1143.0
2017,974,6,monaco,Monaco,1,13,massa,3,MAS,williams,14,9,78,76543.0,6303785.0,2.0,49476.0,24738.0,20.0,9,20.0,6,15,,7.0,3.337,260.286,1,292.0,148.0
2017,974,6,monaco,Monaco,130,18,button,1,BUT,mclaren,20,0,57,76912.0,,2.0,50522.0,25261.0,0.0,22,0.0,10,9,73613.0,7.0,3.337,190.209,1,173.0,0.0
2017,974,6,monaco,Monaco,1,20,vettel,6,VET,ferrari,2,1,78,75238.0,6284340.0,1.0,24306.0,24306.0,129.0,1,196.0,1,2,72221.0,7.0,3.337,260.286,1,1228.0,1302.0
2017,974,6,monaco,Monaco,1,154,grosjean,210,GRO,haas,8,8,78,77095.0,6302490.0,1.0,24660.0,24660.0,9.0,12,14.0,8,8,73349.0,7.0,3.337,260.286,1,138.0,72.0
2017,974,6,monaco,Monaco,6,807,hulkenberg,4,HUL,renault,10,0,15,77885.0,,0.0,0.0,0.0,14.0,11,14.0,7,12,,7.0,3.337,50.055,1,288.0,58.0
2017,974,6,monaco,Monaco,1,815,perez,10,PER,force_india,7,13,78,74820.0,6323429.0,3.0,91824.0,30608.0,34.0,7,53.0,4,7,73329.0,7.0,3.337,260.286,1,485.0,282.0
2017,974,6,monaco,Monaco,1,817,ricciardo,9,RIC,red_bull,5,3,78,75756.0,6288085.0,1.0,24183.0,24183.0,52.0,5,97.0,3,5,72998.0,7.0,3.337,260.286,1,1116.0,533.0
2017,974,6,monaco,Monaco,1,822,bottas,131,BOT,mercedes,3,4,78,76439.0,6289857.0,1.0,24308.0,24308.0,75.0,3,179.0,2,3,72223.0,7.0,3.337,260.286,1,613.0,1282.0
2017,974,6,monaco,Monaco,1,825,kevin_magnussen,210,MAG,haas,11,10,78,76313.0,6305783.0,2.0,51019.0,25509.5,5.0,13,14.0,8,13,,7.0,3.337,260.286,1,49.0,86.0
2017,974,6,monaco,Monaco,130,826,kvyat,5,KVY,toro_rosso,9,14,71,76539.0,,1.0,24406.0,24406.0,4.0,15,29.0,5,11,,7.0,3.337,236.92700000000002,1,116.0,151.0
2017,974,6,monaco,Monaco,3,828,ericsson,15,ERI,sauber,19,0,63,76829.0,,1.0,24949.0,24949.0,0.0,17,4.0,9,20,,7.0,3.337,210.23100000000002,1,0.0,12.0
2017,974,6,monaco,Monaco,1,830,max_verstappen,9,VER,red_bull,4,5,78,76329.0,6290539.0,2.0,51021.0,25510.5,45.0,6,97.0,3,4,72496.0,7.0,3.337,260.286,1,913.0,620.0
2017,974,6,monaco,Monaco,1,832,sainz,5,SAI,toro_rosso,6,6,78,76649.0,6296378.0,1.0,24427.0,24427.0,25.0,8,29.0,5,6,73162.0,7.0,3.337,260.286,1,245.0,174.0
2017,974,6,monaco,Monaco,1,835,jolyon_palmer,4,PAL,renault,16,11,78,76614.0,6307077.0,1.0,25472.0,25472.0,0.0,16,14.0,7,17,,7.0,3.337,260.286,1,4.0,72.0
2017,974,6,monaco,Monaco,4,836,wehrlein,15,WEH,sauber,18,0,57,78034.0,,1.0,25813.0,25813.0,4.0,14,4.0,9,19,,7.0,3.337,190.209,1,14.0,16.0
2017,974,6,monaco,Monaco,3,838,vandoorne,1,VAN,mclaren,12,0,66,76665.0,,1.0,24768.0,24768.0,0.0,21,0.0,10,10,,7.0,3.337,220.24200000000002,1,1.0,0.0
2017,974,6,monaco,Monaco,1,839,ocon,10,OCO,force_india,15,12,78,76482.0,6308065.0,3.0,73437.0,24479.0,19.0,10,53.0,4,16,,7.0,3.337,260.286,1,53.0,328.0
2017,974,6,monaco,Monaco,23,840,stroll,3,STR,williams,17,15,71,76075.0,,2.0,51938.0,25969.0,0.0,18,20.0,6,18,,7.0,3.337,236.92700000000002,1,0.0,160.0
2017,975,7,villeneuve,Canada,1,1,hamilton,131,HAM,mercedes,1,1,70,74551.0,5585154.0,1.0,23061.0,23061.0,129.0,2,222.0,1,1,71459.0,13.0,4.361,305.27,0,1591.0,1438.0
2017,975,7,villeneuve,Canada,131,4,alonso,1,ALO,mclaren,12,16,66,75853.0,,1.0,23526.0,23526.0,0.0,19,0.0,10,12,,13.0,4.361,287.82599999999996,0,211.0,0.0
2017,975,7,villeneuve,Canada,1,8,raikkonen,6,RAI,ferrari,4,7,70,75388.0,5643786.0,2.0,47260.0,23630.0,73.0,4,214.0,2,4,72252.0,13.0,4.361,305.27,0,848.0,1451.0
2017,975,7,villeneuve,Canada,4,13,massa,3,MAS,williams,7,0,0,,,0.0,0.0,0.0,20.0,10,22.0,6,7,72858.0,13.0,4.361,0.0,0,263.0,174.0
2017,975,7,villeneuve,Canada,1,20,vettel,6,VET,ferrari,2,4,70,74719.0,5621061.0,2.0,54941.0,27470.5,141.0,1,214.0,2,2,71789.0,13.0,4.361,305.27,0,1192.0,1600.0
2017,975,7,villeneuve,Canada,11,154,grosjean,210,GRO,haas,14,10,69,76949.0,,1.0,31256.0,31256.0,10.0,12,15.0,8,14,,13.0,4.361,300.909,0,119.0,97.0
2017,975,7,villeneuve,Canada,1,807,hulkenberg,4,HUL,renault,10,8,70,76136.0,5645528.0,1.0,26764.0,26764.0,18.0,11,18.0,7,10,73271.0,13.0,4.361,305.27,0,252.0,90.0
2017,975,7,villeneuve,Canada,1,815,perez,10,PER,force_india,8,5,70,76367.0,5625630.0,1.0,23229.0,23229.0,44.0,7,71.0,4,8,73018.0,13.0,4.361,305.27,0,445.0,389.0
2017,975,7,villeneuve,Canada,1,817,ricciardo,9,RIC,red_bull,6,3,70,76165.0,5620451.0,1.0,23309.0,23309.0,67.0,5,112.0,3,6,72557.0,13.0,4.361,305.27,0,956.0,695.0
2017,975,7,villeneuve,Canada,1,822,bottas,131,BOT,mercedes,3,2,70,75894.0,5604937.0,1.0,22946.0,22946.0,93.0,3,222.0,1,3,72177.0,13.0,4.361,305.27,0,625.0,1594.0
2017,975,7,villeneuve,Canada,11,825,kevin_magnussen,210,MAG,haas,18,12,69,76341.0,,1.0,28869.0,28869.0,5.0,13,15.0,8,18,,13.0,4.361,300.909,0,47.0,108.0
2017,975,7,villeneuve,Canada,131,826,kvyat,5,KVY,toro_rosso,11,0,54,76713.0,,2.0,124462.0,62231.0,4.0,15,29.0,5,11,,13.0,4.361,235.494,0,95.0,191.0
2017,975,7,villeneuve,Canada,11,828,ericsson,15,ERI,sauber,19,13,69,76995.0,,1.0,24047.0,24047.0,0.0,18,4.0,9,19,,13.0,4.361,300.909,0,0.0,20.0
2017,975,7,villeneuve,Canada,10,830,max_verstappen,9,VER,red_bull,5,0,10,77187.0,,0.0,0.0,0.0,45.0,6,112.0,3,5,72403.0,13.0,4.361,43.61,0,793.0,770.0
2017,975,7,villeneuve,Canada,4,832,sainz,5,SAI,toro_rosso,13,0,0,,,0.0,0.0,0.0,25.0,9,29.0,5,13,,13.0,4.361,0.0,0,232.0,208.0
2017,975,7,villeneuve,Canada,11,835,jolyon_palmer,4,PAL,renault,15,11,69,76704.0,,1.0,24423.0,24423.0,0.0,17,18.0,7,15,,13.0,4.361,300.909,0,3.0,108.0
2017,975,7,villeneuve,Canada,12,836,wehrlein,15,WEH,sauber,20,15,68,77091.0,,2.0,75959.0,37979.5,4.0,14,4.0,9,20,,13.0,4.361,296.548,0,17.0,24.0
2017,975,7,villeneuve,Canada,11,838,vandoorne,1,VAN,mclaren,16,14,69,76774.0,,1.0,23267.0,23267.0,0.0,21,0.0,10,16,,13.0,4.361,300.909,0,1.0,0.0
2017,975,7,villeneuve,Canada,1,839,ocon,10,OCO,force_india,9,6,70,76247.0,5625870.0,1.0,23409.0,23409.0,27.0,8,71.0,4,9,73135.0,13.0,4.361,305.27,0,80.0,450.0
2017,975,7,villeneuve,Canada,11,840,stroll,3,STR,williams,17,9,69,75979.0,,1.0,22790.0,22790.0,2.0,16,22.0,6,17,,13.0,4.361,300.909,0,2.0,188.0
2017,976,73,baku,Azerbaijan,1,1,hamilton,131,HAM,mercedes,1,5,51,103469.0,7441761.0,4.0,1373445.0,343361.25,139.0,2,250.0,1,1,100593.0,-7.0,6.003,306.153,1,1400.0,1745.0
2017,976,73,baku,Azerbaijan,1,4,alonso,1,ALO,mclaren,19,9,51,105168.0,7495124.0,3.0,1349508.0,449836.0,2.0,17,2.0,10,16,,-7.0,6.003,306.153,1,161.0,2.0
2017,976,73,baku,Azerbaijan,34,8,raikkonen,6,RAI,ferrari,3,14,46,105542.0,,4.0,1637077.0,409269.25,73.0,5,226.0,2,3,101693.0,-7.0,6.003,276.13800000000003,1,743.0,1724.0
2017,976,73,baku,Azerbaijan,22,13,massa,3,MAS,williams,9,0,25,107340.0,,3.0,1347157.0,449052.3333333333,20.0,10,37.0,5,9,102798.0,-7.0,6.003,150.075,1,232.0,209.0
2017,976,73,baku,Azerbaijan,1,20,vettel,6,VET,ferrari,4,4,51,103441.0,7441549.0,4.0,1375358.0,343839.5,153.0,1,226.0,2,4,101841.0,-7.0,6.003,306.153,1,1158.0,1848.0
2017,976,73,baku,Azerbaijan,11,154,grosjean,210,GRO,haas,16,13,50,106831.0,,5.0,1395069.0,279013.8,10.0,14,21.0,7,17,,-7.0,6.003,300.15,1,100.0,121.0
2017,976,73,baku,Azerbaijan,3,807,hulkenberg,4,HUL,renault,13,0,24,108536.0,,3.0,1350542.0,450180.6666666667,18.0,11,18.0,8,14,,-7.0,6.003,144.072,1,210.0,124.0
2017,976,73,baku,Azerbaijan,136,815,perez,10,PER,force_india,6,0,39,105588.0,,4.0,1645436.0,411359.0,44.0,7,79.0,4,6,102111.0,-7.0,6.003,234.11700000000002,1,404.0,512.0
2017,976,73,baku,Azerbaijan,1,817,ricciardo,9,RIC,red_bull,10,1,51,104882.0,7435573.0,4.0,1372037.0,343009.25,92.0,4,137.0,3,10,103414.0,-7.0,6.003,306.153,1,806.0,860.0
2017,976,73,baku,Azerbaijan,1,822,bottas,131,BOT,mercedes,2,2,51,103925.0,7439477.0,4.0,1385158.0,346289.5,111.0,3,250.0,1,2,101027.0,-7.0,6.003,306.153,1,651.0,1896.0
2017,976,73,baku,Azerbaijan,1,825,kevin_magnussen,210,MAG,haas,12,7,51,106312.0,7477326.0,3.0,1348223.0,449407.6666666667,11.0,13,21.0,7,13,,-7.0,6.003,306.153,1,51.0,134.0
2017,976,73,baku,Azerbaijan,84,826,kvyat,5,KVY,toro_rosso,11,0,9,108394.0,,0.0,0.0,0.0,4.0,16,33.0,6,11,,-7.0,6.003,54.027,1,74.0,229.0
2017,976,73,baku,Azerbaijan,1,828,ericsson,15,ERI,sauber,17,11,51,107186.0,7527367.0,3.0,1364907.0,454969.0,0.0,19,5.0,9,18,,-7.0,6.003,306.153,1,0.0,29.0
2017,976,73,baku,Azerbaijan,51,830,max_verstappen,9,VER,red_bull,5,0,12,106398.0,,0.0,0.0,0.0,45.0,6,137.0,3,5,101879.0,-7.0,6.003,72.036,1,661.0,950.0
2017,976,73,baku,Azerbaijan,1,832,sainz,5,SAI,toro_rosso,15,8,51,105866.0,7484973.0,3.0,1349699.0,449899.6666666667,29.0,9,33.0,6,12,,-7.0,6.003,306.153,1,223.0,250.0
2017,976,73,baku,Azerbaijan,131,835,jolyon_palmer,4,PAL,renault,20,0,7,111673.0,,0.0,0.0,0.0,0.0,18,18.0,8,0,,-7.0,6.003,42.021,1,2.0,140.0
2017,976,73,baku,Azerbaijan,1,836,wehrlein,15,WEH,sauber,14,10,51,107120.0,7524666.0,5.0,1426360.0,285272.0,5.0,15,5.0,9,15,,-7.0,6.003,306.153,1,21.0,34.0
2017,976,73,baku,Azerbaijan,1,838,vandoorne,1,VAN,mclaren,18,12,51,106648.0,7527733.0,4.0,1371155.0,342788.75,0.0,20,2.0,10,19,,-7.0,6.003,306.153,1,1.0,4.0
2017,976,73,baku,Azerbaijan,1,839,ocon,10,OCO,force_india,7,6,51,105634.0,7465871.0,4.0,1381084.0,345271.0,35.0,8,79.0,4,7,102186.0,-7.0,6.003,306.153,1,115.0,574.0
2017,976,73,baku,Azerbaijan,1,840,stroll,3,STR,williams,8,3,51,105108.0,7439582.0,3.0,1350680.0,450226.6666666667,17.0,12,37.0,5,8,102753.0,-7.0,6.003,306.153,1,19.0,230.0
2017,977,70,red_bull_ring,Austria,1,1,hamilton,131,HAM,mercedes,8,4,71,67411.0,4915953.0,1.0,20761.0,20761.0,151.0,2,287.0,1,3,64424.0,678.0,4.318,306.578,0,1196.0,2047.0
2017,977,70,red_bull_ring,Austria,130,4,alonso,1,ALO,mclaren,12,0,1,,,0.0,0.0,0.0,2.0,17,2.0,10,12,,678.0,4.318,4.318,0,111.0,6.0
2017,977,70,red_bull_ring,Austria,1,8,raikkonen,6,RAI,ferrari,3,5,71,67486.0,4928893.0,1.0,21662.0,21662.0,83.0,5,254.0,2,4,64779.0,678.0,4.318,306.578,0,648.0,1967.0
2017,977,70,red_bull_ring,Austria,11,13,massa,3,MAS,williams,17,9,70,68419.0,,1.0,20977.0,20977.0,22.0,10,40.0,5,17,,678.0,4.318,302.26,0,203.0,252.0
2017,977,70,red_bull_ring,Austria,1,20,vettel,6,VET,ferrari,2,2,71,67496.0,4909181.0,1.0,21750.0,21750.0,171.0,1,254.0,2,2,64293.0,678.0,4.318,306.578,0,1132.0,2086.0
2017,977,70,red_bull_ring,Austria,1,154,grosjean,210,GRO,haas,6,6,71,68590.0,4981683.0,1.0,22026.0,22026.0,18.0,13,29.0,7,7,65480.0,678.0,4.318,306.578,0,89.0,155.0
2017,977,70,red_bull_ring,Austria,11,807,hulkenberg,4,HUL,renault,11,13,70,69043.0,,1.0,21977.0,21977.0,18.0,12,18.0,8,11,,678.0,4.318,302.26,0,162.0,152.0
2017,977,70,red_bull_ring,Austria,11,815,perez,10,PER,force_india,7,7,70,68470.0,,1.0,22030.0,22030.0,50.0,6,89.0,4,8,65605.0,678.0,4.318,302.26,0,357.0,632.0
2017,977,70,red_bull_ring,Austria,1,817,ricciardo,9,RIC,red_bull,4,3,71,67442.0,4914535.0,1.0,21713.0,21713.0,107.0,4,152.0,3,5,64896.0,678.0,4.318,306.578,0,667.0,1045.0
2017,977,70,red_bull_ring,Austria,1,822,bottas,131,BOT,mercedes,1,1,71,67847.0,4908523.0,1.0,22387.0,22387.0,136.0,3,287.0,1,1,64251.0,678.0,4.318,306.578,0,702.0,2198.0
2017,977,70,red_bull_ring,Austria,9,825,kevin_magnussen,210,MAG,haas,15,0,29,70402.0,,0.0,0.0,0.0,11.0,14,29.0,7,15,,678.0,4.318,125.222,0,55.0,176.0
2017,977,70,red_bull_ring,Austria,13,826,kvyat,5,KVY,toro_rosso,14,16,68,68061.0,,3.0,72020.0,24006.666666666668,4.0,16,33.0,6,14,,678.0,4.318,293.62399999999997,0,53.0,270.0
2017,977,70,red_bull_ring,Austria,12,828,ericsson,15,ERI,sauber,19,15,69,69284.0,,1.0,22339.0,22339.0,0.0,19,5.0,9,19,,678.0,4.318,297.94199999999995,0,0.0,39.0
2017,977,70,red_bull_ring,Austria,130,830,max_verstappen,9,VER,red_bull,5,0,0,,,0.0,0.0,0.0,45.0,7,152.0,3,6,64983.0,678.0,4.318,0.0,0,514.0,1140.0
2017,977,70,red_bull_ring,Austria,5,832,sainz,5,SAI,toro_rosso,10,0,44,69150.0,,1.0,21659.0,21659.0,29.0,9,33.0,6,10,65726.0,678.0,4.318,189.992,0,206.0,290.0
2017,977,70,red_bull_ring,Austria,11,835,jolyon_palmer,4,PAL,renault,16,11,70,68652.0,,1.0,22233.0,22233.0,0.0,18,18.0,8,16,,678.0,4.318,302.26,0,1.0,164.0
2017,977,70,red_bull_ring,Austria,11,836,wehrlein,15,WEH,sauber,20,14,70,69241.0,,1.0,22414.0,22414.0,5.0,15,5.0,9,20,,678.0,4.318,302.26,0,25.0,44.0
2017,977,70,red_bull_ring,Austria,11,838,vandoorne,1,VAN,mclaren,13,12,70,68422.0,,2.0,37920.0,18960.0,0.0,20,2.0,10,13,,678.0,4.318,302.26,0,1.0,8.0
2017,977,70,red_bull_ring,Austria,11,839,ocon,10,OCO,force_india,9,8,70,68659.0,,1.0,22176.0,22176.0,39.0,8,89.0,4,9,65674.0,678.0,4.318,302.26,0,154.0,690.0
2017,977,70,red_bull_ring,Austria,11,840,stroll,3,STR,williams,18,10,70,68777.0,,1.0,21332.0,21332.0,18.0,11,40.0,5,18,,678.0,4.318,302.26,0,37.0,274.0
2017,978,9,silverstone,UK,1,1,hamilton,131,HAM,mercedes,1,1,51,90621.0,4887430.0,1.0,27733.0,27733.0,176.0,2,330.0,1,1,86600.0,153.0,5.891,300.441,0,992.0,2367.0
2017,978,9,silverstone,UK,131,4,alonso,1,ALO,mclaren,20,0,32,94263.0,,1.0,28269.0,28269.0,2.0,17,2.0,10,13,,153.0,5.891,188.512,0,60.0,10.0
2017,978,9,silverstone,UK,1,8,raikkonen,6,RAI,ferrari,2,3,51,91517.0,4924000.0,2.0,57533.0,28766.5,98.0,5,275.0,2,2,87147.0,153.0,5.891,300.441,0,560.0,2208.0
2017,978,9,silverstone,UK,11,13,massa,3,MAS,williams,14,10,50,93562.0,,1.0,27583.0,27583.0,23.0,11,41.0,5,15,,153.0,5.891,294.55,0,173.0,297.0
2017,978,9,silverstone,UK,1,20,vettel,6,VET,ferrari,3,7,51,91872.0,4981419.0,2.0,63567.0,31783.5,177.0,1,275.0,2,3,87356.0,153.0,5.891,300.441,0,1097.0,2330.0
2017,978,9,silverstone,UK,11,154,grosjean,210,GRO,haas,10,13,50,92290.0,,2.0,57359.0,28679.5,18.0,13,29.0,7,10,89549.0,153.0,5.891,294.55,0,78.0,196.0
2017,978,9,silverstone,UK,1,807,hulkenberg,4,HUL,renault,5,6,51,92577.0,4955539.0,1.0,30841.0,30841.0,26.0,10,26.0,8,6,88856.0,153.0,5.891,300.441,0,116.0,176.0
2017,978,9,silverstone,UK,11,815,perez,10,PER,force_india,6,9,50,93504.0,,1.0,28942.0,28942.0,52.0,7,95.0,4,7,88902.0,153.0,5.891,294.55,0,308.0,732.0
2017,978,9,silverstone,UK,1,817,ricciardo,9,RIC,red_bull,19,5,51,91874.0,4953385.0,1.0,27910.0,27910.0,117.0,4,174.0,3,20,,153.0,5.891,300.441,0,528.0,1242.0
2017,978,9,silverstone,UK,1,822,bottas,131,BOT,mercedes,9,2,51,90905.0,4901493.0,1.0,27858.0,27858.0,154.0,3,330.0,1,4,87376.0,153.0,5.891,300.441,0,771.0,2536.0
2017,978,9,silverstone,UK,11,825,kevin_magnussen,210,MAG,haas,16,12,50,92683.0,,1.0,28099.0,28099.0,11.0,14,29.0,7,17,,153.0,5.891,294.55,0,59.0,216.0
2017,978,9,silverstone,UK,11,826,kvyat,5,KVY,toro_rosso,12,15,50,93594.0,,3.0,97063.0,32354.333333333332,4.0,16,33.0,6,12,,153.0,5.891,294.55,0,32.0,302.0
2017,978,9,silverstone,UK,11,828,ericsson,15,ERI,sauber,18,14,50,93119.0,,1.0,28825.0,28825.0,0.0,19,5.0,9,19,,153.0,5.891,294.55,0,0.0,45.0
2017,978,9,silverstone,UK,1,830,max_verstappen,9,VER,red_bull,4,4,51,90678.0,4939555.0,2.0,57203.0,28601.5,57.0,6,174.0,3,5,88130.0,153.0,5.891,300.441,0,367.0,1344.0
2017,978,9,silverstone,UK,130,832,sainz,5,SAI,toro_rosso,13,0,0,,,0.0,0.0,0.0,29.0,9,33.0,6,14,,153.0,5.891,0.0,0,189.0,314.0
2017,978,9,silverstone,UK,9,835,jolyon_palmer,4,PAL,renault,11,0,0,,,0.0,0.0,0.0,0.0,18,26.0,8,11,,153.0,5.891,0.0,0,0.0,188.0
2017,978,9,silverstone,UK,11,836,wehrlein,15,WEH,sauber,17,17,50,93342.0,,3.0,91052.0,30350.666666666668,5.0,15,5.0,9,18,,153.0,5.891,294.55,0,29.0,46.0
2017,978,9,silverstone,UK,11,838,vandoorne,1,VAN,mclaren,8,11,50,93464.0,,1.0,29337.0,29337.0,0.0,20,2.0,10,9,89418.0,153.0,5.891,294.55,0,0.0,12.0
2017,978,9,silverstone,UK,11,839,ocon,10,OCO,force_india,7,8,50,93521.0,,1.0,29194.0,29194.0,43.0,8,95.0,4,8,89074.0,153.0,5.891,294.55,0,197.0,774.0
2017,978,9,silverstone,UK,11,840,stroll,3,STR,williams,15,16,50,93400.0,,2.0,58184.0,29092.0,18.0,12,41.0,5,16,,153.0,5.891,294.55,0,55.0,320.0
2017,979,11,hungaroring,Hungary,1,1,hamilton,131,HAM,mercedes,4,4,70,80818.0,5999598.0,1.0,21338.0,21338.0,188.0,2,357.0,1,4,76707.0,264.0,4.381,306.67,0,1162.0,2714.0
2017,979,11,hungaroring,Hungary,1,4,alonso,1,ALO,mclaren,7,6,70,80182.0,6057936.0,1.0,22399.0,22399.0,10.0,15,11.0,9,8,77549.0,264.0,4.381,306.67,0,16.0,23.0
2017,979,11,hungaroring,Hungary,1,8,raikkonen,6,RAI,ferrari,2,2,70,80461.0,5987621.0,1.0,21919.0,21919.0,116.0,5,318.0,2,2,76444.0,264.0,4.381,306.67,0,664.0,2452.0
2017,979,11,hungaroring,Hungary,1,20,vettel,6,VET,ferrari,1,1,70,80807.0,5986713.0,1.0,22317.0,22317.0,202.0,1,318.0,2,1,76276.0,264.0,4.381,306.67,0,1274.0,2574.0
2017,979,11,hungaroring,Hungary,61,154,grosjean,210,GRO,haas,14,0,20,84702.0,,1.0,22638.0,22638.0,18.0,13,29.0,7,15,,264.0,4.381,87.62,0,96.0,231.0
2017,979,11,hungaroring,Hungary,23,807,hulkenberg,4,HUL,renault,12,17,67,81611.0,,1.0,31860.0,31860.0,26.0,10,26.0,8,7,77468.0,264.0,4.381,293.52700000000004,0,142.0,200.0
2017,979,11,hungaroring,Hungary,44,814,resta,3,DIR,williams,19,0,60,83242.0,,1.0,22399.0,22399.0,0.0,23,41.0,5,19,,264.0,4.381,262.86,0,364.0,341.0
2017,979,11,hungaroring,Hungary,11,815,perez,10,PER,force_india,13,8,69,82105.0,,1.0,24017.0,24017.0,56.0,7,101.0,4,14,,264.0,4.381,302.289,0,358.0,822.0
2017,979,11,hungaroring,Hungary,4,817,ricciardo,9,RIC,red_bull,6,0,0,,,0.0,0.0,0.0,117.0,4,184.0,3,6,76818.0,264.0,4.381,0.0,0,645.0,1431.0
2017,979,11,hungaroring,Hungary,1,822,bottas,131,BOT,mercedes,3,3,70,81214.0,5999175.0,1.0,22681.0,22681.0,169.0,3,357.0,1,3,76530.0,264.0,4.381,306.67,0,925.0,2892.0
2017,979,11,hungaroring,Hungary,11,825,kevin_magnussen,210,MAG,haas,15,13,69,82100.0,,1.0,22684.0,22684.0,11.0,14,29.0,7,16,,264.0,4.381,302.289,0,70.0,246.0
2017,979,11,hungaroring,Hungary,11,826,kvyat,5,KVY,toro_rosso,16,11,69,81631.0,,1.0,22273.0,22273.0,4.0,17,39.0,6,13,,264.0,4.381,302.289,0,34.0,324.0
2017,979,11,hungaroring,Hungary,12,828,ericsson,15,ERI,sauber,20,16,68,81752.0,,2.0,49276.0,24638.0,0.0,20,5.0,10,20,,264.0,4.381,297.908,0,0.0,47.0
2017,979,11,hungaroring,Hungary,1,830,max_verstappen,9,VER,red_bull,5,5,70,80490.0,5999989.0,1.0,33605.0,33605.0,67.0,6,184.0,3,5,76797.0,264.0,4.381,306.67,0,424.0,1518.0
2017,979,11,hungaroring,Hungary,11,832,sainz,5,SAI,toro_rosso,9,7,69,81871.0,,1.0,22745.0,22745.0,35.0,9,39.0,6,10,78912.0,264.0,4.381,302.289,0,220.0,334.0
2017,979,11,hungaroring,Hungary,11,835,jolyon_palmer,4,PAL,renault,10,12,69,81589.0,,1.0,22684.0,22684.0,0.0,19,26.0,8,11,,264.0,4.381,302.289,0,0.0,212.0
2017,979,11,hungaroring,Hungary,12,836,wehrlein,15,WEH,sauber,18,15,68,83573.0,,2.0,47211.0,23605.5,5.0,16,5.0,10,18,,264.0,4.381,297.908,0,33.0,48.0
2017,979,11,hungaroring,Hungary,11,838,vandoorne,1,VAN,mclaren,8,10,69,81960.0,,1.0,28616.0,28616.0,1.0,18,11.0,9,9,77894.0,264.0,4.381,302.289,0,1.0,34.0
2017,979,11,hungaroring,Hungary,11,839,ocon,10,OCO,force_india,11,9,69,82431.0,,1.0,22441.0,22441.0,45.0,8,101.0,4,12,,264.0,4.381,302.289,0,241.0,870.0
2017,979,11,hungaroring,Hungary,11,840,stroll,3,STR,williams,17,14,69,82830.0,,1.0,21804.0,21804.0,18.0,12,41.0,5,17,,264.0,4.381,302.289,0,73.0,362.0
2017,980,13,spa,Belgium,1,1,hamilton,131,HAM,mercedes,1,1,44,106603.0,5082820.0,2.0,44394.0,22197.0,213.0,2,392.0,1,1,102553.0,401.0,7.004,308.176,0,1332.0,3062.0
2017,980,13,spa,Belgium,5,4,alonso,1,ALO,mclaren,10,0,25,111720.0,,1.0,24158.0,24158.0,10.0,15,11.0,9,11,,401.0,7.004,175.1,0,26.0,45.0
2017,980,13,spa,Belgium,1,8,raikkonen,6,RAI,ferrari,4,4,44,107730.0,5097291.0,3.0,75869.0,25289.666666666668,128.0,5,348.0,2,4,103270.0,401.0,7.004,308.176,0,770.0,2708.0
2017,980,13,spa,Belgium,1,13,massa,3,MAS,williams,16,8,44,109637.0,5119469.0,2.0,45759.0,22879.5,27.0,11,45.0,5,16,,401.0,7.004,308.176,0,192.0,385.0
2017,980,13,spa,Belgium,1,20,vettel,6,VET,ferrari,2,2,44,106577.0,5085178.0,2.0,48093.0,24046.5,220.0,1,348.0,2,2,102795.0,401.0,7.004,308.176,0,1451.0,2842.0
2017,980,13,spa,Belgium,1,154,grosjean,210,GRO,haas,11,7,44,109087.0,5114373.0,2.0,45681.0,22840.5,24.0,12,35.0,7,12,,401.0,7.004,308.176,0,120.0,266.0
2017,980,13,spa,Belgium,1,807,hulkenberg,4,HUL,renault,7,6,44,108922.0,5110907.0,2.0,47046.0,23523.0,34.0,10,34.0,8,7,104982.0,401.0,7.004,308.176,0,176.0,228.0
2017,980,13,spa,Belgium,6,815,perez,10,PER,force_india,8,17,42,108300.0,,3.0,78457.0,26152.333333333332,56.0,7,103.0,4,8,105244.0,401.0,7.004,294.168,0,406.0,902.0
2017,980,13,spa,Belgium,1,817,ricciardo,9,RIC,red_bull,6,3,44,107549.0,5093611.0,2.0,46080.0,23040.0,132.0,4,199.0,3,6,103863.0,401.0,7.004,308.176,0,765.0,1605.0
2017,980,13,spa,Belgium,1,822,bottas,131,BOT,mercedes,3,5,44,107721.0,5099276.0,2.0,45882.0,22941.0,179.0,3,392.0,1,3,103094.0,401.0,7.004,308.176,0,1081.0,3232.0
2017,980,13,spa,Belgium,1,825,kevin_magnussen,210,MAG,haas,12,15,44,109126.0,5150082.0,3.0,69473.0,23157.666666666668,11.0,14,35.0,7,13,,401.0,7.004,308.176,0,77.0,286.0
2017,980,13,spa,Belgium,1,826,kvyat,5,KVY,toro_rosso,19,12,44,109708.0,5132760.0,2.0,45785.0,22892.5,4.0,17,40.0,6,17,,401.0,7.004,308.176,0,36.0,345.0
2017,980,13,spa,Belgium,1,828,ericsson,15,ERI,sauber,17,16,44,110775.0,5152531.0,3.0,71012.0,23670.666666666668,0.0,20,5.0,10,19,,401.0,7.004,308.176,0,0.0,49.0
2017,980,13,spa,Belgium,5,830,max_verstappen,9,VER,red_bull,5,0,7,111022.0,,0.0,0.0,0.0,67.0,6,199.0,3,5,103380.0,401.0,7.004,49.028,0,466.0,1692.0
2017,980,13,spa,Belgium,1,832,sainz,5,SAI,toro_rosso,13,10,44,109709.0,5122267.0,2.0,48465.0,24232.5,36.0,9,40.0,6,14,,401.0,7.004,308.176,0,246.0,356.0
2017,980,13,spa,Belgium,1,835,jolyon_palmer,4,PAL,renault,14,13,44,109283.0,5136059.0,2.0,50876.0,25438.0,0.0,19,34.0,8,10,,401.0,7.004,308.176,0,0.0,244.0
2017,980,13,spa,Belgium,4,836,wehrlein,15,WEH,sauber,18,0,2,,,0.0,0.0,0.0,5.0,16,5.0,10,20,,401.0,7.004,14.008,0,37.0,50.0
2017,980,13,spa,Belgium,1,838,vandoorne,1,VAN,mclaren,20,14,44,109907.0,5139898.0,2.0,53081.0,26540.5,1.0,18,11.0,9,15,,401.0,7.004,308.176,0,2.0,56.0
2017,980,13,spa,Belgium,1,839,ocon,10,OCO,force_india,9,9,44,109721.0,5120974.0,3.0,76210.0,25403.333333333332,47.0,8,103.0,4,9,105369.0,401.0,7.004,308.176,0,286.0,934.0
2017,980,13,spa,Belgium,1,840,stroll,3,STR,williams,15,11,44,110543.0,5131819.0,2.0,47806.0,23903.0,18.0,13,45.0,5,18,,401.0,7.004,308.176,0,91.0,408.0
2017,981,14,monza,Italy,1,1,hamilton,131,HAM,mercedes,1,1,53,83488.0,4532312.0,1.0,23725.0,23725.0,238.0,1,435.0,1,1,95554.0,162.0,5.793,307.029,0,1509.0,3417.0
2017,981,14,monza,Italy,6,4,alonso,1,ALO,mclaren,19,17,50,85871.0,,1.0,24442.0,24442.0,10.0,15,11.0,9,13,,162.0,5.793,289.65000000000003,0,36.0,65.0
2017,981,14,monza,Italy,1,8,raikkonen,6,RAI,ferrari,5,5,53,85054.0,4592394.0,1.0,25367.0,25367.0,138.0,5,373.0,2,7,97987.0,162.0,5.793,307.029,0,874.0,2989.0
2017,981,14,monza,Italy,1,13,massa,3,MAS,williams,7,8,53,85477.0,4607146.0,1.0,25078.0,25078.0,31.0,11,55.0,5,9,98251.0,162.0,5.793,307.029,0,215.0,426.0
2017,981,14,monza,Italy,1,20,vettel,6,VET,ferrari,6,3,53,83897.0,4568629.0,1.0,24307.0,24307.0,235.0,2,373.0,2,8,98064.0,162.0,5.793,307.029,0,1618.0,3136.0
2017,981,14,monza,Italy,11,154,grosjean,210,GRO,haas,20,15,52,85020.0,,2.0,57740.0,28870.0,24.0,13,35.0,7,20,,162.0,5.793,301.236,0,140.0,300.0
2017,981,14,monza,Italy,11,807,hulkenberg,4,HUL,renault,14,13,52,86131.0,,1.0,24418.0,24418.0,34.0,10,34.0,8,12,,162.0,5.793,301.236,0,208.0,260.0
2017,981,14,monza,Italy,1,815,perez,10,PER,force_india,10,9,53,84968.0,4607588.0,1.0,25377.0,25377.0,58.0,7,113.0,4,11,,162.0,5.793,307.029,0,450.0,968.0
2017,981,14,monza,Italy,1,817,ricciardo,9,RIC,red_bull,16,4,53,83361.0,4572647.0,1.0,23951.0,23951.0,144.0,4,212.0,3,3,96841.0,162.0,5.793,307.029,0,887.0,1767.0
2017,981,14,monza,Italy,1,822,bottas,131,BOT,mercedes,4,2,53,83488.0,4536783.0,1.0,23728.0,23728.0,197.0,3,435.0,1,6,97833.0,162.0,5.793,307.029,0,1240.0,3602.0
2017,981,14,monza,Italy,11,825,kevin_magnussen,210,MAG,haas,9,11,52,86037.0,,1.0,24384.0,24384.0,11.0,14,35.0,7,16,,162.0,5.793,301.236,0,84.0,314.0
2017,981,14,monza,Italy,11,826,kvyat,5,KVY,toro_rosso,8,12,52,85894.0,,1.0,25826.0,25826.0,4.0,17,40.0,6,14,,162.0,5.793,301.236,0,38.0,363.0
2017,981,14,monza,Italy,6,828,ericsson,15,ERI,sauber,11,18,49,87663.0,,1.0,25310.0,25310.0,0.0,20,5.0,10,18,,162.0,5.793,283.857,0,0.0,50.0
2017,981,14,monza,Italy,11,830,max_verstappen,9,VER,red_bull,13,10,52,84351.0,,2.0,64061.0,32030.5,68.0,6,212.0,3,2,96702.0,162.0,5.793,301.236,0,509.0,1842.0
2017,981,14,monza,Italy,11,832,sainz,5,SAI,toro_rosso,15,14,52,86210.0,,1.0,24865.0,24865.0,36.0,9,40.0,6,15,,162.0,5.793,301.236,0,272.0,370.0
2017,981,14,monza,Italy,5,835,jolyon_palmer,4,PAL,renault,17,0,29,85752.0,,1.0,31008.0,31008.0,0.0,19,34.0,8,17,,162.0,5.793,167.997,0,0.0,276.0
2017,981,14,monza,Italy,12,836,wehrlein,15,WEH,sauber,12,16,51,86547.0,,1.0,25212.0,25212.0,5.0,16,5.0,10,19,,162.0,5.793,295.443,0,42.0,50.0
2017,981,14,monza,Italy,5,838,vandoorne,1,VAN,mclaren,18,0,33,86912.0,,0.0,0.0,0.0,1.0,18,11.0,9,10,99157.0,162.0,5.793,191.169,0,3.0,74.0
2017,981,14,monza,Italy,1,839,ocon,10,OCO,force_india,3,6,53,85054.0,4603840.0,1.0,24432.0,24432.0,55.0,8,113.0,4,5,97719.0,162.0,5.793,307.029,0,338.0,1002.0
2017,981,14,monza,Italy,1,840,stroll,3,STR,williams,2,7,53,85625.0,4606468.0,1.0,26131.0,26131.0,24.0,12,55.0,5,4,97032.0,162.0,5.793,307.029,0,115.0,444.0
2017,982,15,marina_bay,Singapore,1,1,hamilton,131,HAM,mercedes,5,1,58,105008.0,7403544.0,4.0,107613.0,26903.25,263.0,1,475.0,1,5,100126.0,18.0,5.063,293.654,1,1699.0,3790.0
2017,982,15,marina_bay,Singapore,130,4,alonso,1,ALO,mclaren,8,0,8,133579.0,,3.0,91832.0,30610.666666666668,10.0,15,17.0,9,8,101179.0,18.0,5.063,40.504,1,46.0,89.0
2017,982,15,marina_bay,Singapore,3,8,raikkonen,6,RAI,ferrari,4,0,0,,,0.0,0.0,0.0,138.0,5,373.0,2,4,100069.0,18.0,5.063,0.0,1,963.0,3255.0
2017,982,15,marina_bay,Singapore,1,13,massa,3,MAS,williams,17,11,58,107055.0,7450080.0,6.0,184389.0,30731.5,31.0,11,59.0,5,17,,18.0,5.063,293.654,1,230.0,463.0
2017,982,15,marina_bay,Singapore,3,20,vettel,6,VET,ferrari,1,0,0,,,0.0,0.0,0.0,235.0,2,373.0,2,1,99491.0,18.0,5.063,0.0,1,1767.0,3374.0
2017,982,15,marina_bay,Singapore,1,154,grosjean,210,GRO,haas,15,9,58,107637.0,7446826.0,4.0,126052.0,31513.0,26.0,13,37.0,8,15,,18.0,5.063,293.654,1,162.0,322.0
2017,982,15,marina_bay,Singapore,5,807,hulkenberg,4,HUL,renault,7,0,48,108011.0,,6.0,210176.0,35029.333333333336,34.0,10,42.0,7,7,101013.0,18.0,5.063,243.024,1,236.0,300.0
2017,982,15,marina_bay,Singapore,1,815,perez,10,PER,force_india,12,5,58,106731.0,7428903.0,5.0,140626.0,28125.2,68.0,7,124.0,4,12,,18.0,5.063,293.654,1,496.0,1037.0
2017,982,15,marina_bay,Singapore,1,817,ricciardo,9,RIC,red_bull,3,2,58,105301.0,7408051.0,5.0,138277.0,27655.4,162.0,4,230.0,3,3,99840.0,18.0,5.063,293.654,1,1027.0,1920.0
2017,982,15,marina_bay,Singapore,1,822,bottas,131,BOT,mercedes,6,3,58,105405.0,7412344.0,4.0,110332.0,27583.0,212.0,3,475.0,1,6,100810.0,18.0,5.063,293.654,1,1389.0,3978.0
2017,982,15,marina_bay,Singapore,5,825,kevin_magnussen,210,MAG,haas,16,0,50,107585.0,,6.0,175128.0,29188.0,11.0,14,37.0,8,16,,18.0,5.063,253.14999999999998,1,91.0,330.0
2017,982,15,marina_bay,Singapore,3,826,kvyat,5,KVY,toro_rosso,13,0,10,130512.0,,3.0,85095.0,28365.0,4.0,19,52.0,6,13,,18.0,5.063,50.629999999999995,1,40.0,389.0
2017,982,15,marina_bay,Singapore,3,828,ericsson,15,ERI,sauber,20,0,35,112496.0,,6.0,219000.0,36500.0,0.0,20,5.0,10,20,,18.0,5.063,177.20499999999998,1,0.0,50.0
2017,982,15,marina_bay,Singapore,3,830,max_verstappen,9,VER,red_bull,2,0,0,,,0.0,0.0,0.0,68.0,6,230.0,3,2,99814.0,18.0,5.063,0.0,1,542.0,1998.0
2017,982,15,marina_bay,Singapore,1,832,sainz,5,SAI,toro_rosso,10,4,58,106537.0,7426366.0,4.0,115590.0,28897.5,48.0,9,52.0,6,10,102056.0,18.0,5.063,293.654,1,309.0,408.0
2017,982,15,marina_bay,Singapore,1,835,jolyon_palmer,4,PAL,renault,11,6,58,106722.0,7430803.0,5.0,142157.0,28431.4,8.0,16,42.0,7,11,,18.0,5.063,293.654,1,8.0,324.0
2017,982,15,marina_bay,Singapore,12,836,wehrlein,15,WEH,sauber,19,12,56,109061.0,,6.0,209772.0,34962.0,5.0,18,5.0,10,19,,18.0,5.063,283.52799999999996,1,47.0,50.0
2017,982,15,marina_bay,Singapore,1,838,vandoorne,1,VAN,mclaren,9,7,58,106722.0,7433932.0,5.0,149174.0,29834.8,7.0,17,17.0,9,9,101398.0,18.0,5.063,293.654,1,10.0,104.0
2017,982,15,marina_bay,Singapore,1,839,ocon,10,OCO,force_india,14,10,58,107677.0,7448339.0,6.0,172632.0,28772.0,56.0,8,124.0,4,14,,18.0,5.063,293.654,1,385.0,1072.0
2017,982,15,marina_bay,Singapore,1,840,stroll,3,STR,williams,18,8,58,107512.0,7445240.0,4.0,121693.0,30423.25,28.0,12,59.0,5,18,,18.0,5.063,293.654,1,143.0,482.0
2017,983,2,sepang,Malaysia,1,1,hamilton,131,HAM,mercedes,1,2,56,94452.0,5414060.0,1.0,23489.0,23489.0,281.0,1,503.0,1,1,90076.0,18.0,5.543,310.408,0,1882.0,4151.0
2017,983,2,sepang,Malaysia,11,4,alonso,1,ALO,mclaren,10,11,55,96501.0,,1.0,25798.0,25798.0,10.0,16,23.0,9,10,91704.0,18.0,5.543,304.865,0,56.0,125.0
2017,983,2,sepang,Malaysia,84,8,raikkonen,6,RAI,ferrari,0,0,0,,,0.0,0.0,0.0,138.0,5,385.0,2,2,90121.0,18.0,5.543,0.0,0,1052.0,3484.0
2017,983,2,sepang,Malaysia,11,13,massa,3,MAS,williams,11,9,55,96944.0,,1.0,23791.0,23791.0,33.0,11,65.0,5,11,,18.0,5.543,304.865,0,245.0,506.0
2017,983,2,sepang,Malaysia,1,20,vettel,6,VET,ferrari,20,4,56,94080.0,5438652.0,1.0,23695.0,23695.0,247.0,2,385.0,2,20,,18.0,5.543,310.408,0,1910.0,3594.0
2017,983,2,sepang,Malaysia,11,154,grosjean,210,GRO,haas,16,13,55,95796.0,,2.0,49331.0,24665.5,26.0,13,37.0,8,16,,18.0,5.543,304.865,0,183.0,338.0
2017,983,2,sepang,Malaysia,11,807,hulkenberg,4,HUL,renault,8,16,55,94266.0,,2.0,50586.0,25293.0,34.0,10,42.0,7,8,91607.0,18.0,5.543,304.865,0,256.0,340.0
2017,983,2,sepang,Malaysia,1,815,perez,10,PER,force_india,9,6,56,95591.0,5479920.0,1.0,24314.0,24314.0,76.0,7,133.0,4,9,91658.0,18.0,5.543,310.408,0,538.0,1110.0
2017,983,2,sepang,Malaysia,1,817,ricciardo,9,RIC,red_bull,4,3,56,94770.0,5423809.0,1.0,24199.0,24199.0,177.0,4,270.0,3,4,90595.0,18.0,5.543,310.408,0,1167.0,2094.0
2017,983,2,sepang,Malaysia,1,822,bottas,131,BOT,mercedes,5,5,56,95284.0,5457311.0,1.0,23676.0,23676.0,222.0,3,503.0,1,5,90758.0,18.0,5.543,310.408,0,1548.0,4324.0
2017,983,2,sepang,Malaysia,11,825,kevin_magnussen,210,MAG,haas,17,12,55,97192.0,,1.0,23766.0,23766.0,11.0,15,37.0,8,17,,18.0,5.543,304.865,0,98.0,346.0
2017,983,2,sepang,Malaysia,12,828,ericsson,15,ERI,sauber,19,18,54,96630.0,,1.0,24719.0,24719.0,0.0,20,5.0,10,19,,18.0,5.543,299.322,0,0.0,50.0
2017,983,2,sepang,Malaysia,1,830,max_verstappen,9,VER,red_bull,3,1,56,94467.0,5401290.0,1.0,23652.0,23652.0,93.0,6,270.0,3,3,90541.0,18.0,5.543,310.408,0,600.0,2190.0
2017,983,2,sepang,Malaysia,5,832,sainz,5,SAI,toro_rosso,14,0,29,98123.0,,0.0,0.0,0.0,48.0,9,52.0,6,14,,18.0,5.543,160.747,0,340.0,427.0
2017,983,2,sepang,Malaysia,11,835,jolyon_palmer,4,PAL,renault,12,15,55,97186.0,,1.0,25558.0,25558.0,8.0,17,42.0,7,12,,18.0,5.543,304.865,0,16.0,356.0
2017,983,2,sepang,Malaysia,11,836,wehrlein,15,WEH,sauber,18,17,55,96395.0,,1.0,25060.0,25060.0,5.0,18,5.0,10,18,,18.0,5.543,304.865,0,48.0,50.0
2017,983,2,sepang,Malaysia,11,838,vandoorne,1,VAN,mclaren,7,7,55,95931.0,,1.0,24580.0,24580.0,13.0,14,23.0,9,7,91582.0,18.0,5.543,304.865,0,23.0,146.0
2017,983,2,sepang,Malaysia,11,839,ocon,10,OCO,force_india,6,10,55,97075.0,,1.0,24456.0,24456.0,57.0,8,133.0,4,6,91478.0,18.0,5.543,304.865,0,423.0,1148.0
2017,983,2,sepang,Malaysia,11,840,stroll,3,STR,williams,13,8,55,96627.0,,1.0,24109.0,24109.0,32.0,12,65.0,5,13,,18.0,5.543,304.865,0,175.0,530.0
2017,983,2,sepang,Malaysia,11,842,gasly,5,GAS,toro_rosso,15,14,55,97170.0,,1.0,25044.0,25044.0,0.0,22,52.0,6,15,,18.0,5.543,304.865,0,0.0,446.0
2017,984,22,suzuka,Japan,1,1,hamilton,131,HAM,mercedes,1,1,53,93780.0,5251194.0,1.0,22724.0,22724.0,306.0,1,540.0,1,1,87319.0,45.0,5.807,307.771,0,2084.0,4507.0
2017,984,22,suzuka,Japan,11,4,alonso,1,ALO,mclaren,20,11,52,95111.0,,1.0,24636.0,24636.0,10.0,16,23.0,9,10,90687.0,45.0,5.807,301.964,0,66.0,158.0
2017,984,22,suzuka,Japan,1,8,raikkonen,6,RAI,ferrari,10,5,53,93175.0,5283816.0,1.0,23699.0,23699.0,148.0,5,395.0,2,6,88498.0,45.0,5.807,307.771,0,1133.0,3671.0
2017,984,22,suzuka,Japan,11,13,massa,3,MAS,williams,8,10,52,95943.0,,1.0,22956.0,22956.0,34.0,11,66.0,5,9,89480.0,45.0,5.807,301.964,0,261.0,555.0
2017,984,22,suzuka,Japan,105,20,vettel,6,VET,ferrari,2,0,4,126457.0,,0.0,0.0,0.0,247.0,2,395.0,2,3,87791.0,45.0,5.807,23.228,0,2028.0,3748.0
2017,984,22,suzuka,Japan,1,154,grosjean,210,GRO,haas,13,9,53,95347.0,5341077.0,1.0,22781.0,22781.0,28.0,13,43.0,7,16,,45.0,5.807,307.771,0,202.0,360.0
2017,984,22,suzuka,Japan,33,807,hulkenberg,4,HUL,renault,11,0,40,95883.0,,1.0,23199.0,23199.0,34.0,10,42.0,8,12,,45.0,5.807,232.28000000000003,0,276.0,372.0
2017,984,22,suzuka,Japan,1,815,perez,10,PER,force_india,7,7,53,94744.0,5322618.0,1.0,23634.0,23634.0,82.0,7,147.0,4,8,89260.0,45.0,5.807,307.771,0,586.0,1194.0
2017,984,22,suzuka,Japan,1,817,ricciardo,9,RIC,red_bull,3,3,53,93694.0,5260873.0,1.0,23796.0,23796.0,192.0,4,303.0,3,4,88306.0,45.0,5.807,307.771,0,1307.0,2309.0
2017,984,22,suzuka,Japan,1,822,bottas,131,BOT,mercedes,6,4,53,93144.0,5261774.0,1.0,22876.0,22876.0,234.0,3,540.0,1,2,87651.0,45.0,5.807,307.771,0,1707.0,4690.0
2017,984,22,suzuka,Japan,1,825,kevin_magnussen,210,MAG,haas,12,8,53,95338.0,5340147.0,1.0,23065.0,23065.0,15.0,14,43.0,7,13,,45.0,5.807,307.771,0,108.0,374.0
2017,984,22,suzuka,Japan,3,828,ericsson,15,ERI,sauber,16,0,7,98596.0,,0.0,0.0,0.0,0.0,20,5.0,10,19,,45.0,5.807,40.649,0,0.0,50.0
2017,984,22,suzuka,Japan,1,830,max_verstappen,9,VER,red_bull,4,2,53,93730.0,5252405.0,1.0,22620.0,22620.0,111.0,6,303.0,3,5,88332.0,45.0,5.807,307.771,0,666.0,2428.0
2017,984,22,suzuka,Japan,3,832,sainz,5,SAI,toro_rosso,19,0,0,,,0.0,0.0,0.0,48.0,9,52.0,6,15,,45.0,5.807,0.0,0,363.0,459.0
2017,984,22,suzuka,Japan,11,835,jolyon_palmer,4,PAL,renault,18,12,52,94095.0,,1.0,25618.0,25618.0,8.0,17,42.0,8,14,,45.0,5.807,301.964,0,24.0,388.0
2017,984,22,suzuka,Japan,12,836,wehrlein,15,WEH,sauber,17,15,51,96430.0,,3.0,74294.0,24764.666666666668,5.0,18,5.0,10,20,,45.0,5.807,296.15700000000004,0,49.0,50.0
2017,984,22,suzuka,Japan,11,838,vandoorne,1,VAN,mclaren,9,14,52,93724.0,,2.0,46829.0,23414.5,13.0,15,23.0,9,11,,45.0,5.807,301.964,0,36.0,170.0
2017,984,22,suzuka,Japan,1,839,ocon,10,OCO,force_india,5,6,53,94843.0,5318982.0,1.0,24078.0,24078.0,65.0,8,147.0,4,7,89111.0,45.0,5.807,307.771,0,469.0,1240.0
2017,984,22,suzuka,Japan,36,840,stroll,3,STR,williams,15,0,45,94548.0,,2.0,46211.0,23105.5,32.0,12,66.0,5,18,,45.0,5.807,261.315,0,207.0,580.0
2017,984,22,suzuka,Japan,11,842,gasly,5,GAS,toro_rosso,14,13,52,94533.0,,2.0,47757.0,23878.5,0.0,22,52.0,6,17,,45.0,5.807,301.964,0,0.0,472.0
2017,985,69,americas,USA,1,1,hamilton,131,HAM,mercedes,1,1,56,98776.0,5630991.0,1.0,23402.0,23402.0,331.0,1,575.0,1,1,93108.0,161.0,5.513,308.728,0,2286.0,4873.0
2017,985,69,americas,USA,5,4,alonso,1,ALO,mclaren,8,0,24,101537.0,,1.0,23796.0,23796.0,10.0,16,23.0,9,9,95007.0,161.0,5.513,132.312,0,76.0,182.0
2017,985,69,americas,USA,1,8,raikkonen,6,RAI,ferrari,5,3,56,98809.0,5646770.0,1.0,23575.0,23575.0,163.0,5,428.0,2,5,93577.0,161.0,5.513,308.728,0,1223.0,3828.0
2017,985,69,americas,USA,11,13,massa,3,MAS,williams,10,9,55,100131.0,,1.0,23772.0,23772.0,36.0,10,68.0,5,11,,161.0,5.513,303.215,0,277.0,603.0
2017,985,69,americas,USA,1,20,vettel,6,VET,ferrari,2,2,56,97766.0,5641134.0,2.0,47920.0,23960.0,265.0,2,428.0,2,2,93347.0,161.0,5.513,308.728,0,2152.0,3908.0
2017,985,69,americas,USA,11,154,grosjean,210,GRO,haas,12,14,55,101259.0,,1.0,24897.0,24897.0,28.0,13,43.0,8,14,,161.0,5.513,303.215,0,220.0,382.0
2017,985,69,americas,USA,5,807,hulkenberg,4,HUL,renault,18,0,3,104270.0,,0.0,0.0,0.0,34.0,11,48.0,7,15,,161.0,5.513,16.539,0,292.0,402.0
2017,985,69,americas,USA,11,815,perez,10,PER,force_india,9,8,55,100851.0,,1.0,24326.0,24326.0,86.0,7,159.0,4,10,95148.0,161.0,5.513,303.215,0,628.0,1296.0
2017,985,69,americas,USA,5,817,ricciardo,9,RIC,red_bull,4,0,14,100102.0,,1.0,23604.0,23604.0,192.0,4,315.0,3,4,93577.0,161.0,5.513,77.182,0,1432.0,2544.0
2017,985,69,americas,USA,1,822,bottas,131,BOT,mercedes,3,5,56,97767.0,5665958.0,2.0,46713.0,23356.5,244.0,3,575.0,1,3,93568.0,161.0,5.513,308.728,0,1858.0,5056.0
2017,985,69,americas,USA,11,825,kevin_magnussen,210,MAG,haas,17,16,55,97893.0,,2.0,50380.0,25190.0,15.0,14,43.0,8,20,,161.0,5.513,303.215,0,118.0,390.0
2017,985,69,americas,USA,11,826,kvyat,5,KVY,toro_rosso,11,10,55,100971.0,,1.0,24883.0,24883.0,5.0,19,53.0,6,12,,161.0,5.513,303.215,0,41.0,485.0
2017,985,69,americas,USA,11,828,ericsson,15,ERI,sauber,13,15,55,101041.0,,1.0,25841.0,25841.0,0.0,20,5.0,10,16,,161.0,5.513,303.215,0,0.0,50.0
2017,985,69,americas,USA,1,830,max_verstappen,9,VER,red_bull,16,4,56,98060.0,5647759.0,2.0,47748.0,23874.0,123.0,6,315.0,3,6,93658.0,161.0,5.513,308.728,0,744.0,2660.0
2017,985,69,americas,USA,1,832,sainz,4,SAI,renault,7,7,56,100462.0,5723935.0,1.0,24525.0,24525.0,54.0,9,48.0,7,8,94852.0,161.0,5.513,308.728,0,392.0,416.0
2017,985,69,americas,USA,4,836,wehrlein,15,WEH,sauber,14,0,5,107073.0,,1.0,31334.0,31334.0,5.0,18,5.0,10,19,,161.0,5.513,27.564999999999998,0,50.0,50.0
2017,985,69,americas,USA,11,838,vandoorne,1,VAN,mclaren,20,12,55,100349.0,,1.0,23578.0,23578.0,13.0,15,23.0,9,13,,161.0,5.513,303.215,0,49.0,194.0
2017,985,69,americas,USA,1,839,ocon,10,OCO,force_india,6,6,56,100499.0,5721971.0,1.0,24502.0,24502.0,73.0,8,159.0,4,7,94647.0,161.0,5.513,308.728,0,515.0,1352.0
2017,985,69,americas,USA,11,840,stroll,3,STR,williams,15,11,55,99666.0,,2.0,49446.0,24723.0,32.0,12,68.0,5,17,,161.0,5.513,303.215,0,237.0,626.0
2017,985,69,americas,USA,11,843,brendon_hartley,5,HAR,toro_rosso,19,13,55,99979.0,,2.0,48629.0,24314.5,0.0,23,53.0,6,18,,161.0,5.513,303.215,0,0.0,498.0
2017,986,32,rodriguez,Mexico,11,1,hamilton,131,HAM,mercedes,3,9,70,79945.0,,2.0,52598.0,26299.0,333.0,1,595.0,1,3,76934.0,2227.0,4.304,301.28000000000003,0,2480.0,5216.0
2017,986,32,rodriguez,Mexico,11,4,alonso,1,ALO,mclaren,18,10,70,81014.0,,1.0,22655.0,22655.0,11.0,16,24.0,9,14,,2227.0,4.304,301.28000000000003,0,85.0,207.0
2017,986,32,rodriguez,Mexico,1,8,raikkonen,6,RAI,ferrari,5,3,71,80054.0,5840559.0,1.0,22540.0,22540.0,178.0,5,455.0,2,5,77238.0,2227.0,4.304,305.584,0,1328.0,3990.0
2017,986,32,rodriguez,Mexico,11,13,massa,3,MAS,williams,10,11,70,81136.0,,1.0,22055.0,22055.0,36.0,11,76.0,5,11,,2227.0,4.304,301.28000000000003,0,293.0,647.0
2017,986,32,rodriguez,Mexico,1,20,vettel,6,VET,ferrari,1,4,71,78785.0,5856630.0,2.0,54416.0,27208.0,277.0,2,455.0,2,1,76488.0,2227.0,4.304,305.584,0,2276.0,4072.0
2017,986,32,rodriguez,Mexico,12,154,grosjean,210,GRO,haas,15,15,69,80345.0,,2.0,51796.0,25898.0,28.0,13,47.0,8,19,,2227.0,4.304,296.976,0,238.0,402.0
2017,986,32,rodriguez,Mexico,10,807,hulkenberg,4,HUL,renault,7,0,24,81691.0,,1.0,22587.0,22587.0,34.0,12,48.0,7,8,77466.0,2227.0,4.304,103.296,0,308.0,430.0
2017,986,32,rodriguez,Mexico,11,815,perez,10,PER,force_india,9,7,70,79929.0,,2.0,45431.0,22715.5,92.0,7,175.0,4,10,77807.0,2227.0,4.304,301.28000000000003,0,676.0,1414.0
2017,986,32,rodriguez,Mexico,5,817,ricciardo,9,RIC,red_bull,16,0,5,82789.0,,0.0,0.0,0.0,192.0,4,340.0,3,7,77447.0,2227.0,4.304,21.520000000000003,0,1532.0,2788.0
2017,986,32,rodriguez,Mexico,1,822,bottas,131,BOT,mercedes,4,2,71,79374.0,5806230.0,1.0,21758.0,21758.0,262.0,3,595.0,1,4,76958.0,2227.0,4.304,305.584,0,2009.0,5376.0
2017,986,32,rodriguez,Mexico,11,825,kevin_magnussen,210,MAG,haas,14,8,70,81214.0,,1.0,22507.0,22507.0,19.0,14,47.0,8,18,,2227.0,4.304,301.28000000000003,0,126.0,414.0
2017,986,32,rodriguez,Mexico,5,828,ericsson,15,ERI,sauber,12,0,55,81686.0,,1.0,22736.0,22736.0,0.0,20,5.0,10,16,,2227.0,4.304,236.72000000000003,0,0.0,50.0
2017,986,32,rodriguez,Mexico,1,830,max_verstappen,9,VER,red_bull,2,1,71,78892.0,5786552.0,1.0,22570.0,22570.0,148.0,6,340.0,3,2,76574.0,2227.0,4.304,305.584,0,847.0,2916.0
2017,986,32,rodriguez,Mexico,5,832,sainz,4,SAI,renault,8,0,59,81360.0,,2.0,45887.0,22943.5,54.0,9,48.0,7,9,77794.0,2227.0,4.304,253.936,0,417.0,444.0
2017,986,32,rodriguez,Mexico,12,836,wehrlein,15,WEH,sauber,13,14,69,81638.0,,1.0,23358.0,23358.0,5.0,18,5.0,10,17,,2227.0,4.304,296.976,0,50.0,50.0
2017,986,32,rodriguez,Mexico,11,838,vandoorne,1,VAN,mclaren,19,12,70,80972.0,,1.0,28044.0,28044.0,13.0,15,24.0,9,15,,2227.0,4.304,301.28000000000003,0,62.0,220.0
2017,986,32,rodriguez,Mexico,11,839,ocon,10,OCO,force_india,6,5,70,80946.0,,1.0,22665.0,22665.0,83.0,8,175.0,4,6,77437.0,2227.0,4.304,301.28000000000003,0,563.0,1476.0
2017,986,32,rodriguez,Mexico,11,840,stroll,3,STR,williams,11,6,70,81062.0,,1.0,21825.0,21825.0,40.0,10,76.0,5,12,,2227.0,4.304,301.28000000000003,0,260.0,668.0
2017,986,32,rodriguez,Mexico,11,842,gasly,5,GAS,toro_rosso,20,13,70,80859.0,,1.0,22709.0,22709.0,0.0,22,53.0,6,0,,2227.0,4.304,301.28000000000003,0,0.0,511.0
2017,986,32,rodriguez,Mexico,5,843,brendon_hartley,5,HAR,toro_rosso,17,0,30,82572.0,,0.0,0.0,0.0,0.0,23,53.0,6,13,,2227.0,4.304,129.12,0,0.0,524.0
2017,987,18,interlagos,Brazil,1,1,hamilton,131,HAM,mercedes,20,4,71,71845.0,5491730.0,4.0,80460.0,20115.0,345.0,1,625.0,1,20,,785.0,4.309,305.939,0,2674.0,5526.0
2017,987,18,interlagos,Brazil,1,4,alonso,1,ALO,mclaren,6,8,71,73451.0,5555625.0,4.0,77315.0,19328.75,15.0,15,28.0,9,7,69617.0,785.0,4.309,305.939,0,98.0,231.0
2017,987,18,interlagos,Brazil,1,8,raikkonen,6,RAI,ferrari,3,3,71,72492.0,5490862.0,4.0,78920.0,19730.0,193.0,5,495.0,2,3,68538.0,785.0,4.309,305.939,0,1438.0,4194.0
2017,987,18,interlagos,Brazil,1,13,massa,3,MAS,williams,9,7,71,73452.0,5555144.0,4.0,76994.0,19248.5,42.0,10,82.0,5,10,69841.0,785.0,4.309,305.939,0,315.0,691.0
2017,987,18,interlagos,Brazil,1,20,vettel,6,VET,ferrari,2,1,71,72539.0,5486262.0,4.0,77492.0,19373.0,302.0,2,495.0,2,2,68360.0,785.0,4.309,305.939,0,2407.0,4316.0
2017,987,18,interlagos,Brazil,12,154,grosjean,210,GRO,haas,11,15,69,73532.0,,4.0,97599.0,24399.75,28.0,13,47.0,8,12,,785.0,4.309,297.321,0,248.0,424.0
2017,987,18,interlagos,Brazil,11,807,hulkenberg,4,HUL,renault,7,10,70,73758.0,,4.0,79582.0,19895.5,35.0,12,49.0,7,8,69703.0,785.0,4.309,301.63,0,325.0,451.0
2017,987,18,interlagos,Brazil,1,815,perez,10,PER,force_india,5,9,71,73052.0,5555762.0,4.0,77473.0,19368.25,94.0,7,177.0,4,6,69598.0,785.0,4.309,305.939,0,720.0,1529.0
2017,987,18,interlagos,Brazil,1,817,ricciardo,9,RIC,red_bull,14,6,71,72029.0,5534953.0,4.0,85488.0,21372.0,200.0,4,358.0,3,5,69330.0,785.0,4.309,305.939,0,1625.0,3044.0
2017,987,18,interlagos,Brazil,1,822,bottas,131,BOT,mercedes,1,2,71,72466.0,5489024.0,4.0,77392.0,19348.0,280.0,3,625.0,1,1,68322.0,785.0,4.309,305.939,0,2153.0,5676.0
2017,987,18,interlagos,Brazil,3,825,kevin_magnussen,210,MAG,haas,13,0,0,,,0.0,0.0,0.0,19.0,14,47.0,8,14,,785.0,4.309,0.0,0,134.0,434.0
2017,987,18,interlagos,Brazil,11,828,ericsson,15,ERI,sauber,17,13,70,73666.0,,4.0,80819.0,20204.75,0.0,20,5.0,10,19,,785.0,4.309,301.63,0,0.0,50.0
2017,987,18,interlagos,Brazil,1,830,max_verstappen,9,VER,red_bull,4,5,71,71044.0,5519202.0,5.0,100581.0,20116.2,158.0,6,358.0,3,4,68925.0,785.0,4.309,305.939,0,960.0,3172.0
2017,987,18,interlagos,Brazil,11,832,sainz,4,SAI,renault,8,11,70,73625.0,,4.0,79709.0,19927.25,54.0,9,49.0,7,9,69805.0,785.0,4.309,301.63,0,442.0,458.0
2017,987,18,interlagos,Brazil,11,836,wehrlein,15,WEH,sauber,15,14,70,74812.0,,3.0,64363.0,21454.333333333332,5.0,18,5.0,10,16,,785.0,4.309,301.63,0,50.0,50.0
2017,987,18,interlagos,Brazil,3,838,vandoorne,1,VAN,mclaren,12,0,0,,,0.0,0.0,0.0,13.0,16,28.0,9,13,,785.0,4.309,0.0,0,75.0,242.0
2017,987,18,interlagos,Brazil,3,839,ocon,10,OCO,force_india,10,0,0,,,0.0,0.0,0.0,83.0,8,177.0,4,11,,785.0,4.309,0.0,0,607.0,1582.0
2017,987,18,interlagos,Brazil,12,840,stroll,3,STR,williams,16,16,69,71862.0,,5.0,104583.0,20916.6,40.0,11,82.0,5,18,,785.0,4.309,297.321,0,282.0,714.0
2017,987,18,interlagos,Brazil,11,842,gasly,5,GAS,toro_rosso,19,12,70,73323.0,,4.0,80240.0,20060.0,0.0,21,53.0,6,17,,785.0,4.309,301.63,0,0.0,525.0
2017,987,18,interlagos,Brazil,5,843,brendon_hartley,5,HAR,toro_rosso,18,0,40,74658.0,,4.0,80943.0,20235.75,0.0,23,53.0,6,15,,785.0,4.309,172.36,0,0.0,526.0
2017,988,24,yas_marina,UAE,1,1,hamilton,131,HAM,mercedes,2,2,55,101473.0,5657961.0,1.0,21274.0,21274.0,363.0,1,668.0,1,2,96403.0,3.0,5.554,305.47,0,2861.0,5841.0
2017,988,24,yas_marina,UAE,11,4,alonso,1,ALO,mclaren,11,9,54,103378.0,,1.0,22541.0,22541.0,17.0,15,30.0,9,11,,3.0,5.554,299.916,0,113.0,249.0
2017,988,24,yas_marina,UAE,1,8,raikkonen,6,RAI,ferrari,5,4,55,102338.0,5699448.0,1.0,21609.0,21609.0,205.0,4,522.0,2,5,96985.0,3.0,5.554,305.47,0,1545.0,4453.0
2017,988,24,yas_marina,UAE,11,13,massa,3,MAS,williams,10,10,54,103026.0,,1.0,21449.0,21449.0,43.0,11,83.0,5,10,98550.0,3.0,5.554,299.916,0,336.0,732.0
2017,988,24,yas_marina,UAE,1,20,vettel,6,VET,ferrari,3,3,55,100770.0,5673392.0,1.0,21221.0,21221.0,317.0,2,522.0,2,3,96777.0,3.0,5.554,305.47,0,2547.0,4590.0
2017,988,24,yas_marina,UAE,11,154,grosjean,210,GRO,haas,16,11,54,102437.0,,1.0,21850.0,21850.0,28.0,13,47.0,8,16,,3.0,5.554,299.916,0,258.0,444.0
2017,988,24,yas_marina,UAE,1,807,hulkenberg,4,HUL,renault,7,6,55,102376.0,5739775.0,1.0,29724.0,29724.0,43.0,10,57.0,6,7,98282.0,3.0,5.554,305.47,0,342.0,473.0
2017,988,24,yas_marina,UAE,1,815,perez,10,PER,force_india,8,7,55,102689.0,5746124.0,1.0,21869.0,21869.0,100.0,7,187.0,4,8,98374.0,3.0,5.554,305.47,0,768.0,1636.0
2017,988,24,yas_marina,UAE,9,817,ricciardo,9,RIC,red_bull,4,0,20,102757.0,,1.0,23477.0,23477.0,200.0,5,368.0,3,4,96959.0,3.0,5.554,111.08000000000001,0,1708.0,3270.0
2017,988,24,yas_marina,UAE,1,822,bottas,131,BOT,mercedes,1,1,55,100650.0,5654062.0,1.0,21478.0,21478.0,305.0,3,668.0,1,1,96231.0,3.0,5.554,305.47,0,2304.0,6006.0
2017,988,24,yas_marina,UAE,11,825,kevin_magnussen,210,MAG,haas,14,13,54,103928.0,,1.0,21875.0,21875.0,19.0,14,47.0,8,14,,3.0,5.554,299.916,0,142.0,454.0
2017,988,24,yas_marina,UAE,11,828,ericsson,15,ERI,sauber,19,17,54,103567.0,,1.0,22176.0,22176.0,0.0,20,5.0,10,19,,3.0,5.554,299.916,0,0.0,50.0
2017,988,24,yas_marina,UAE,1,830,max_verstappen,9,VER,red_bull,6,5,55,102028.0,5700331.0,1.0,21269.0,21269.0,168.0,6,368.0,3,6,97328.0,3.0,5.554,305.47,0,1071.0,3368.0
2017,988,24,yas_marina,UAE,36,832,sainz,4,SAI,renault,12,0,31,103378.0,,1.0,21956.0,21956.0,54.0,9,57.0,6,12,,3.0,5.554,172.174,0,467.0,488.0
2017,988,24,yas_marina,UAE,11,836,wehrlein,15,WEH,sauber,18,14,54,103867.0,,1.0,22959.0,22959.0,5.0,18,5.0,10,18,,3.0,5.554,299.916,0,50.0,50.0
2017,988,24,yas_marina,UAE,11,838,vandoorne,1,VAN,mclaren,13,12,54,103986.0,,1.0,22125.0,22125.0,13.0,16,30.0,9,13,,3.0,5.554,299.916,0,88.0,256.0
2017,988,24,yas_marina,UAE,1,839,ocon,10,OCO,force_india,9,8,55,102609.0,5752973.0,1.0,21865.0,21865.0,87.0,8,187.0,4,9,98397.0,3.0,5.554,305.47,0,651.0,1690.0
2017,988,24,yas_marina,UAE,11,840,stroll,3,STR,williams,15,18,54,102324.0,,3.0,65064.0,21688.0,40.0,12,83.0,5,15,,3.0,5.554,299.916,0,304.0,750.0
2017,988,24,yas_marina,UAE,11,842,gasly,5,GAS,toro_rosso,17,16,54,103844.0,,1.0,21519.0,21519.0,0.0,21,53.0,7,17,,3.0,5.554,299.916,0,0.0,527.0
2017,988,24,yas_marina,UAE,11,843,brendon_hartley,5,HAR,toro_rosso,20,15,54,103897.0,,1.0,21598.0,21598.0,0.0,23,53.0,7,20,,3.0,5.554,299.916,0,0.0,528.0
2018,989,1,albert_park,Australia,1,1,hamilton,131,HAM,mercedes,1,2,58,86444.0,5378319.0,1.0,21821.0,21821.0,18.0,2,22.0,2,1,81164.0,10.0,5.303,307.574,0,2691.0,5488.0
2018,989,1,albert_park,Australia,1,4,alonso,1,ALO,mclaren,10,5,58,86978.0,5401169.0,1.0,22573.0,22573.0,10.0,5,12.0,4,11,,10.0,5.303,307.574,0,113.0,245.0
2018,989,1,albert_park,Australia,1,8,raikkonen,6,RAI,ferrari,2,3,58,86373.0,5379592.0,1.0,21421.0,21421.0,15.0,3,40.0,1,2,81828.0,10.0,5.303,307.574,0,1444.0,4235.0
2018,989,1,albert_park,Australia,1,20,vettel,6,VET,ferrari,3,1,58,86469.0,5373283.0,1.0,21787.0,21787.0,25.0,1,40.0,1,3,81838.0,10.0,5.303,307.574,0,2370.0,3880.0
2018,989,1,albert_park,Australia,36,154,grosjean,210,GRO,haas,6,0,24,88805.0,,1.0,23054.0,23054.0,0.0,16,0.0,10,7,83339.0,10.0,5.303,127.27199999999999,0,240.0,411.0
2018,989,1,albert_park,Australia,1,807,hulkenberg,4,HUL,renault,7,7,58,87081.0,5405954.0,1.0,22628.0,22628.0,6.0,7,7.0,5,8,83532.0,10.0,5.303,307.574,0,322.0,453.0
2018,989,1,albert_park,Australia,1,815,perez,10,PER,force_india,12,11,58,87633.0,5420100.0,1.0,22327.0,22327.0,0.0,11,0.0,6,13,,10.0,5.303,307.574,0,712.0,1543.0
2018,989,1,albert_park,Australia,1,817,ricciardo,9,RIC,red_bull,8,4,58,85945.0,5380352.0,1.0,21440.0,21440.0,12.0,4,20.0,3,5,82152.0,10.0,5.303,307.574,0,1603.0,3085.0
2018,989,1,albert_park,Australia,1,822,bottas,131,BOT,mercedes,15,8,58,87019.0,5407622.0,1.0,21664.0,21664.0,4.0,8,22.0,2,10,,10.0,5.303,307.574,0,2139.0,4970.0
2018,989,1,albert_park,Australia,36,825,kevin_magnussen,210,MAG,haas,5,0,22,89534.0,,1.0,21983.0,21983.0,0.0,17,0.0,10,6,83187.0,10.0,5.303,116.666,0,131.0,368.0
2018,989,1,albert_park,Australia,38,828,ericsson,15,ERI,sauber,17,0,5,92210.0,,0.0,0.0,0.0,0.0,19,0.0,7,17,,10.0,5.303,26.515,0,0.0,45.0
2018,989,1,albert_park,Australia,1,830,max_verstappen,9,VER,red_bull,4,6,58,86880.0,5402228.0,1.0,20953.0,20953.0,8.0,6,20.0,3,4,81879.0,10.0,5.303,307.574,0,1012.0,2802.0
2018,989,1,albert_park,Australia,1,832,sainz,4,SAI,renault,9,10,58,87944.0,5419005.0,1.0,23868.0,23868.0,1.0,10,7.0,5,9,83577.0,10.0,5.303,307.574,0,433.0,418.0
2018,989,1,albert_park,Australia,1,838,vandoorne,1,VAN,mclaren,11,9,58,86958.0,5408204.0,1.0,22474.0,22474.0,2.0,9,12.0,4,12,,10.0,5.303,307.574,0,89.0,234.0
2018,989,1,albert_park,Australia,1,839,ocon,10,OCO,force_india,14,12,58,87600.0,5433561.0,1.0,21854.0,21854.0,0.0,12,0.0,6,15,,10.0,5.303,307.574,0,606.0,1396.0
2018,989,1,albert_park,Australia,1,840,stroll,3,STR,williams,13,14,58,88511.0,5451571.0,2.0,46901.0,23450.5,0.0,14,0.0,8,14,,10.0,5.303,307.574,0,286.0,684.0
2018,989,1,albert_park,Australia,5,842,gasly,5,GAS,toro_rosso,20,0,13,90649.0,,0.0,0.0,0.0,0.0,18,0.0,9,20,,10.0,5.303,68.939,0,0.0,476.0
2018,989,1,albert_park,Australia,11,843,brendon_hartley,5,HAR,toro_rosso,16,15,57,88176.0,,2.0,44509.0,22254.5,0.0,15,0.0,9,16,,10.0,5.303,302.271,0,0.0,424.0
2018,989,1,albert_park,Australia,1,844,leclerc,15,LEC,sauber,18,13,58,88759.0,5449042.0,2.0,45078.0,22539.0,0.0,13,0.0,7,18,,10.0,5.303,307.574,0,0.0,40.0
2018,989,1,albert_park,Australia,23,845,sirotkin,3,SIR,williams,19,0,4,92573.0,,0.0,0.0,0.0,0.0,20,0.0,8,19,,10.0,5.303,21.212,0,0.0,618.0
2018,990,3,bahrain,Bahrain,1,1,hamilton,131,HAM,mercedes,9,3,57,93953.0,5528452.0,1.0,24302.0,24302.0,33.0,2,55.0,2,4,88220.0,7.0,5.412,308.484,0,2511.0,4450.0
2018,990,3,bahrain,Bahrain,11,4,alonso,1,ALO,mclaren,13,7,56,94168.0,,2.0,49574.0,24787.0,16.0,4,22.0,3,13,,7.0,5.412,303.072,0,119.0,233.0
2018,990,3,bahrain,Bahrain,36,8,raikkonen,6,RAI,ferrari,2,0,35,94337.0,,1.0,25018.0,25018.0,15.0,5,65.0,1,2,88101.0,7.0,5.412,189.42,0,1331.0,3517.0
2018,990,3,bahrain,Bahrain,1,20,vettel,6,VET,ferrari,1,1,57,94453.0,5521940.0,1.0,24524.0,24524.0,50.0,1,65.0,1,1,87958.0,7.0,5.412,308.484,0,2200.0,3154.0
2018,990,3,bahrain,Bahrain,11,154,grosjean,210,GRO,haas,16,13,56,94689.0,,3.0,76801.0,25600.333333333332,0.0,17,10.0,7,16,,7.0,5.412,303.072,0,216.0,335.0
2018,990,3,bahrain,Bahrain,1,807,hulkenberg,4,HUL,renault,7,6,57,94667.0,5620964.0,2.0,48836.0,24418.0,14.0,6,15.0,5,8,89570.0,7.0,5.412,308.484,0,302.0,385.0
2018,990,3,bahrain,Bahrain,11,815,perez,10,PER,force_india,12,16,56,95266.0,,2.0,49669.0,24834.5,0.0,15,1.0,9,12,,7.0,5.412,303.072,0,656.0,1238.0
2018,990,3,bahrain,Bahrain,10,817,ricciardo,9,RIC,red_bull,4,0,1,,,0.0,0.0,0.0,12.0,8,20.0,4,5,88398.0,7.0,5.412,5.412,0,1483.0,2507.0
2018,990,3,bahrain,Bahrain,1,822,bottas,131,BOT,mercedes,3,2,57,93740.0,5522639.0,1.0,26105.0,26105.0,22.0,3,55.0,2,3,88124.0,7.0,5.412,308.484,0,1982.0,3930.0
2018,990,3,bahrain,Bahrain,1,825,kevin_magnussen,210,MAG,haas,6,5,57,94327.0,5596986.0,2.0,49735.0,24867.5,10.0,9,10.0,7,7,89358.0,7.0,5.412,308.484,0,130.0,302.0
2018,990,3,bahrain,Bahrain,11,828,ericsson,15,ERI,sauber,17,9,56,95093.0,,1.0,25194.0,25194.0,2.0,12,2.0,8,17,,7.0,5.412,303.072,0,2.0,37.0
2018,990,3,bahrain,Bahrain,29,830,max_verstappen,9,VER,red_bull,15,0,3,,,1.0,30381.0,30381.0,8.0,10,20.0,4,15,,7.0,5.412,16.236,0,953.0,2212.0
2018,990,3,bahrain,Bahrain,11,832,sainz,4,SAI,renault,10,11,56,95535.0,,2.0,51075.0,25537.5,1.0,13,15.0,5,10,89986.0,7.0,5.412,303.072,0,398.0,352.0
2018,990,3,bahrain,Bahrain,11,838,vandoorne,1,VAN,mclaren,14,8,56,95131.0,,2.0,50212.0,25106.0,6.0,11,22.0,3,14,,7.0,5.412,303.072,0,94.0,232.0
2018,990,3,bahrain,Bahrain,11,839,ocon,10,OCO,force_india,8,10,56,95043.0,,2.0,49315.0,24657.5,1.0,14,1.0,9,9,89874.0,7.0,5.412,303.072,0,560.0,1080.0
2018,990,3,bahrain,Bahrain,11,840,stroll,3,STR,williams,20,14,56,95058.0,,2.0,58250.0,29125.0,0.0,18,0.0,10,20,,7.0,5.412,303.072,0,268.0,550.0
2018,990,3,bahrain,Bahrain,1,842,gasly,5,GAS,toro_rosso,5,4,57,94863.0,5584174.0,2.0,49792.0,24896.0,12.0,7,12.0,6,6,89329.0,7.0,5.412,308.484,0,12.0,383.0
2018,990,3,bahrain,Bahrain,11,843,brendon_hartley,5,HAR,toro_rosso,11,17,56,94563.0,,2.0,61599.0,30799.5,0.0,19,12.0,6,11,,7.0,5.412,303.072,0,0.0,342.0
2018,990,3,bahrain,Bahrain,11,844,leclerc,15,LEC,sauber,19,12,56,95075.0,,2.0,50702.0,25351.0,0.0,16,2.0,8,19,,7.0,5.412,303.072,0,0.0,34.0
2018,990,3,bahrain,Bahrain,11,845,sirotkin,3,SIR,williams,18,15,56,94053.0,,2.0,50365.0,25182.5,0.0,20,0.0,10,18,,7.0,5.412,303.072,0,0.0,482.0
2018,991,17,shanghai,China,1,1,hamilton,131,HAM,mercedes,4,4,56,96878.0,5753365.0,1.0,22464.0,22464.0,45.0,2,85.0,1,4,91675.0,5.0,5.451,305.256,0,2318.0,3420.0
2018,991,17,shanghai,China,1,4,alonso,1,ALO,mclaren,13,7,56,97234.0,5767019.0,1.0,24110.0,24110.0,22.0,6,28.0,4,13,,5.0,5.451,305.256,0,131.0,236.0
2018,991,17,shanghai,China,1,8,raikkonen,6,RAI,ferrari,2,3,56,96456.0,5746017.0,1.0,22913.0,22913.0,30.0,5,84.0,2,2,91182.0,5.0,5.451,305.256,0,1223.0,2783.0
2018,991,17,shanghai,China,1,20,vettel,6,VET,ferrari,1,8,56,97479.0,5771666.0,1.0,23009.0,23009.0,54.0,1,84.0,2,1,91095.0,5.0,5.451,305.256,0,2019.0,2412.0
2018,991,17,shanghai,China,1,154,grosjean,210,GRO,haas,10,17,56,97410.0,5801676.0,2.0,46716.0,23358.0,0.0,17,11.0,7,10,92855.0,5.0,5.451,305.256,0,192.0,266.0
2018,991,17,shanghai,China,1,807,hulkenberg,4,HUL,renault,7,6,56,96881.0,5757432.0,2.0,46951.0,23475.5,22.0,7,25.0,5,7,92532.0,5.0,5.451,305.256,0,290.0,329.0
2018,991,17,shanghai,China,1,815,perez,10,PER,force_india,8,12,56,97673.0,5781105.0,2.0,45190.0,22595.0,0.0,15,1.0,9,8,92758.0,5.0,5.451,305.256,0,598.0,906.0
2018,991,17,shanghai,China,1,817,ricciardo,9,RIC,red_bull,6,1,56,95785.0,5736380.0,2.0,45733.0,22866.5,37.0,4,55.0,3,6,91948.0,5.0,5.451,305.256,0,1376.0,1927.0
2018,991,17,shanghai,China,1,822,bottas,131,BOT,mercedes,3,2,56,96987.0,5745274.0,1.0,22097.0,22097.0,40.0,3,85.0,1,3,91625.0,5.0,5.451,305.256,0,1825.0,2910.0
2018,991,17,shanghai,China,1,825,kevin_magnussen,210,MAG,haas,11,10,56,98152.0,5775974.0,1.0,22973.0,22973.0,11.0,10,11.0,7,11,,5.0,5.451,305.256,0,130.0,230.0
2018,991,17,shanghai,China,1,828,ericsson,15,ERI,sauber,20,16,56,98386.0,5798984.0,1.0,22785.0,22785.0,2.0,13,2.0,8,20,,5.0,5.451,305.256,0,4.0,31.0
2018,991,17,shanghai,China,1,830,max_verstappen,9,VER,red_bull,5,5,56,96206.0,5756816.0,2.0,45311.0,22655.5,18.0,8,55.0,3,5,91796.0,5.0,5.451,305.256,0,903.0,1642.0
2018,991,17,shanghai,China,1,832,sainz,4,SAI,renault,9,9,56,97754.0,5772143.0,2.0,47052.0,23526.0,3.0,12,25.0,5,9,92819.0,5.0,5.451,305.256,0,365.0,306.0
2018,991,17,shanghai,China,1,838,vandoorne,1,VAN,mclaren,14,13,56,98137.0,5785753.0,1.0,23730.0,23730.0,6.0,11,28.0,4,14,,5.0,5.451,305.256,0,99.0,240.0
2018,991,17,shanghai,China,1,839,ocon,10,OCO,force_india,12,11,56,97985.0,5780430.0,2.0,45918.0,22959.0,1.0,14,1.0,9,12,,5.0,5.451,305.256,0,506.0,732.0
2018,991,17,shanghai,China,1,840,stroll,3,STR,williams,18,14,56,98500.0,5791870.0,1.0,22661.0,22661.0,0.0,18,0.0,10,18,,5.0,5.451,305.256,0,244.0,406.0
2018,991,17,shanghai,China,1,842,gasly,5,GAS,toro_rosso,17,18,56,98367.0,5802710.0,2.0,58600.0,29300.0,12.0,9,12.0,6,17,,5.0,5.451,305.256,0,24.0,301.0
2018,991,17,shanghai,China,130,843,brendon_hartley,5,HAR,toro_rosso,15,20,51,99376.0,,2.0,47242.0,23621.0,0.0,20,12.0,6,15,,5.0,5.451,278.001,0,0.0,260.0
2018,991,17,shanghai,China,1,844,leclerc,15,LEC,sauber,19,19,56,98808.0,5818955.0,1.0,23392.0,23392.0,0.0,16,2.0,8,19,,5.0,5.451,305.256,0,0.0,28.0
2018,991,17,shanghai,China,1,845,sirotkin,3,SIR,williams,16,15,56,98624.0,5794621.0,2.0,46439.0,23219.5,0.0,19,0.0,10,16,,5.0,5.451,305.256,0,0.0,330.0
2018,992,73,baku,Azerbaijan,1,1,hamilton,131,HAM,mercedes,2,1,51,105412.0,6224291.0,2.0,41706.0,20853.0,70.0,1,110.0,2,2,101677.0,-7.0,6.003,306.153,1,2125.0,2395.0
2018,992,73,baku,Azerbaijan,1,4,alonso,1,ALO,mclaren,12,7,51,107449.0,6235222.0,2.0,78081.0,39040.5,28.0,6,36.0,4,13,,-7.0,6.003,306.153,1,149.0,248.0
2018,992,73,baku,Azerbaijan,1,8,raikkonen,6,RAI,ferrari,6,2,51,106523.0,6226751.0,2.0,51161.0,25580.5,48.0,3,114.0,1,6,102490.0,-7.0,6.003,306.153,1,1133.0,2031.0
2018,992,73,baku,Azerbaijan,1,20,vettel,6,VET,ferrari,1,4,51,105530.0,6229620.0,2.0,40860.0,20430.0,66.0,2,114.0,1,1,101498.0,-7.0,6.003,306.153,1,1850.0,1650.0
2018,992,73,baku,Azerbaijan,3,154,grosjean,210,GRO,haas,20,0,42,106880.0,,2.0,44482.0,22241.0,0.0,19,11.0,8,20,,-7.0,6.003,252.126,1,166.0,194.0
2018,992,73,baku,Azerbaijan,3,807,hulkenberg,4,HUL,renault,14,0,10,108867.0,,0.0,0.0,0.0,22.0,7,35.0,5,9,103066.0,-7.0,6.003,60.03,1,278.0,292.0
2018,992,73,baku,Azerbaijan,1,815,perez,10,PER,force_india,8,3,51,106206.0,6228315.0,2.0,54283.0,27141.5,15.0,9,16.0,6,8,102547.0,-7.0,6.003,306.153,1,545.0,571.0
2018,992,73,baku,Azerbaijan,4,817,ricciardo,9,RIC,red_bull,4,0,39,105419.0,,1.0,19925.0,19925.0,37.0,5,55.0,3,4,101911.0,-7.0,6.003,234.11700000000002,1,1251.0,1339.0
2018,992,73,baku,Azerbaijan,29,822,bottas,131,BOT,mercedes,3,0,48,105149.0,,1.0,20192.0,20192.0,40.0,4,110.0,2,3,101837.0,-7.0,6.003,288.144,1,1653.0,1880.0
2018,992,73,baku,Azerbaijan,1,825,kevin_magnussen,210,MAG,haas,15,13,51,108155.0,6264954.0,2.0,57386.0,28693.0,11.0,12,11.0,8,15,,-7.0,6.003,306.153,1,130.0,158.0
2018,992,73,baku,Azerbaijan,1,828,ericsson,15,ERI,sauber,18,11,51,107925.0,6242803.0,4.0,117112.0,29278.0,2.0,16,10.0,9,18,,-7.0,6.003,306.153,1,6.0,33.0
2018,992,73,baku,Azerbaijan,4,830,max_verstappen,9,VER,red_bull,5,0,39,105771.0,,1.0,19765.0,19765.0,18.0,8,55.0,3,5,101994.0,-7.0,6.003,234.11700000000002,1,853.0,1036.0
2018,992,73,baku,Azerbaijan,1,832,sainz,4,SAI,renault,9,5,51,106856.0,6231806.0,2.0,42483.0,21241.5,13.0,10,35.0,5,10,103351.0,-7.0,6.003,306.153,1,330.0,278.0
2018,992,73,baku,Azerbaijan,1,838,vandoorne,1,VAN,mclaren,16,9,51,107666.0,6238443.0,4.0,83728.0,20932.0,8.0,14,36.0,4,16,,-7.0,6.003,306.153,1,100.0,256.0
2018,992,73,baku,Azerbaijan,4,839,ocon,10,OCO,force_india,7,0,0,,,0.0,0.0,0.0,1.0,17,16.0,6,7,102523.0,-7.0,6.003,0.0,1,451.0,410.0
2018,992,73,baku,Azerbaijan,1,840,stroll,3,STR,williams,10,8,51,106815.0,6236837.0,2.0,40973.0,20486.5,4.0,15,4.0,10,11,,-7.0,6.003,306.153,1,220.0,252.0
2018,992,73,baku,Azerbaijan,1,842,gasly,5,GAS,toro_rosso,17,12,51,108035.0,6249011.0,2.0,42069.0,21034.5,12.0,11,13.0,7,17,,-7.0,6.003,306.153,1,36.0,220.0
2018,992,73,baku,Azerbaijan,1,843,brendon_hartley,5,HAR,toro_rosso,19,10,51,108288.0,6242321.0,3.0,63257.0,21085.666666666668,1.0,18,13.0,7,19,,-7.0,6.003,306.153,1,1.0,180.0
2018,992,73,baku,Azerbaijan,1,844,leclerc,15,LEC,sauber,13,6,51,107403.0,6233449.0,2.0,43088.0,21544.0,8.0,13,10.0,9,14,,-7.0,6.003,306.153,1,8.0,38.0
2018,992,73,baku,Azerbaijan,4,845,sirotkin,3,SIR,williams,11,0,0,,,0.0,0.0,0.0,0.0,20,4.0,10,12,,-7.0,6.003,0.0,1,0.0,174.0
2018,993,4,catalunya,Spain,1,1,hamilton,131,HAM,mercedes,1,1,66,79133.0,5729972.0,1.0,22085.0,22085.0,95.0,1,153.0,1,1,76173.0,109.0,4.657,307.362,0,1939.0,1365.0
2018,993,4,catalunya,Spain,11,4,alonso,1,ALO,mclaren,8,8,65,80727.0,,1.0,21721.0,21721.0,32.0,7,40.0,5,8,77721.0,109.0,4.657,302.705,0,171.0,266.0
2018,993,4,catalunya,Spain,101,8,raikkonen,6,RAI,ferrari,4,0,25,81531.0,,0.0,0.0,0.0,48.0,4,126.0,2,4,76612.0,109.0,4.657,116.425,0,1043.0,1254.0
2018,993,4,catalunya,Spain,1,20,vettel,6,VET,ferrari,3,4,66,79128.0,5757556.0,2.0,46327.0,23163.5,78.0,2,126.0,2,3,76305.0,109.0,4.657,307.362,0,1681.0,858.0
2018,993,4,catalunya,Spain,4,154,grosjean,210,GRO,haas,10,0,0,,,0.0,0.0,0.0,0.0,19,19.0,6,10,77835.0,109.0,4.657,0.0,0,140.0,130.0
2018,993,4,catalunya,Spain,4,807,hulkenberg,4,HUL,renault,16,0,0,,,0.0,0.0,0.0,22.0,8,41.0,4,16,,109.0,4.657,0.0,0,266.0,262.0
2018,993,4,catalunya,Spain,12,815,perez,10,PER,force_india,15,9,64,81128.0,,2.0,44680.0,22340.0,17.0,11,18.0,7,15,,109.0,4.657,298.048,0,486.0,241.0
2018,993,4,catalunya,Spain,1,817,ricciardo,9,RIC,red_bull,6,5,66,78441.0,5780030.0,1.0,21618.0,21618.0,47.0,5,80.0,3,6,76818.0,109.0,4.657,307.362,0,1121.0,748.0
2018,993,4,catalunya,Spain,1,822,bottas,131,BOT,mercedes,2,2,66,79478.0,5750565.0,1.0,23213.0,23213.0,58.0,3,153.0,1,2,76213.0,109.0,4.657,307.362,0,1489.0,850.0
2018,993,4,catalunya,Spain,11,825,kevin_magnussen,210,MAG,haas,7,6,65,80246.0,,1.0,22917.0,22917.0,19.0,9,19.0,6,7,77676.0,109.0,4.657,302.705,0,138.0,102.0
2018,993,4,catalunya,Spain,12,828,ericsson,15,ERI,sauber,17,13,64,82487.0,,1.0,22100.0,22100.0,2.0,16,11.0,9,17,,109.0,4.657,298.048,0,8.0,44.0
2018,993,4,catalunya,Spain,1,830,max_verstappen,9,VER,red_bull,5,3,66,79422.0,5756845.0,1.0,21740.0,21740.0,33.0,6,80.0,3,5,76816.0,109.0,4.657,307.362,0,793.0,460.0
2018,993,4,catalunya,Spain,11,832,sainz,4,SAI,renault,9,7,65,81324.0,,1.0,22409.0,22409.0,19.0,10,41.0,4,9,77790.0,109.0,4.657,302.705,0,301.0,246.0
2018,993,4,catalunya,Spain,6,838,vandoorne,1,VAN,mclaren,11,0,45,82594.0,,1.0,27416.0,27416.0,8.0,14,40.0,5,11,,109.0,4.657,209.565,0,95.0,276.0
2018,993,4,catalunya,Spain,44,839,ocon,10,OCO,force_india,13,0,38,82117.0,,1.0,47910.0,47910.0,1.0,17,18.0,7,13,,109.0,4.657,176.966,0,395.0,72.0
2018,993,4,catalunya,Spain,12,840,stroll,3,STR,williams,18,11,64,82095.0,,1.0,21351.0,21351.0,4.0,15,4.0,10,19,,109.0,4.657,298.048,0,192.0,95.0
2018,993,4,catalunya,Spain,4,842,gasly,5,GAS,toro_rosso,12,0,0,,,0.0,0.0,0.0,12.0,12,13.0,8,12,,109.0,4.657,0.0,0,48.0,140.0
2018,993,4,catalunya,Spain,12,843,brendon_hartley,5,HAR,toro_rosso,20,12,64,81439.0,,2.0,45103.0,22551.5,1.0,18,13.0,8,20,,109.0,4.657,298.048,0,2.0,100.0
2018,993,4,catalunya,Spain,12,844,leclerc,15,LEC,sauber,14,10,64,82122.0,,1.0,21995.0,21995.0,9.0,13,11.0,9,14,,109.0,4.657,298.048,0,17.0,50.0
2018,993,4,catalunya,Spain,13,845,sirotkin,3,SIR,williams,19,14,63,82680.0,,3.0,67948.0,22649.333333333332,0.0,20,4.0,10,18,,109.0,4.657,293.391,0,0.0,16.0
2018,994,6,monaco,Monaco,1,1,hamilton,131,HAM,mercedes,3,3,78,76270.0,6191820.0,1.0,23739.0,23739.0,110.0,1,178.0,1,3,71232.0,7.0,3.337,260.286,1,1743.0,1006.0
2018,994,6,monaco,Monaco,6,4,alonso,1,ALO,mclaren,7,0,52,77018.0,,1.0,24241.0,24241.0,32.0,7,40.0,5,7,72110.0,7.0,3.337,173.524,1,193.0,304.0
2018,994,6,monaco,Monaco,1,8,raikkonen,6,RAI,ferrari,4,4,78,76392.0,6192934.0,1.0,24263.0,24263.0,60.0,5,156.0,2,4,71266.0,7.0,3.337,260.286,1,955.0,974.0
2018,994,6,monaco,Monaco,1,20,vettel,6,VET,ferrari,2,2,78,76065.0,6182143.0,1.0,23964.0,23964.0,96.0,2,156.0,2,2,71039.0,7.0,3.337,260.286,1,1530.0,1090.0
2018,994,6,monaco,Monaco,11,154,grosjean,210,GRO,haas,18,15,77,74822.0,,2.0,49309.0,24654.5,0.0,19,19.0,8,15,,7.0,3.337,256.949,1,112.0,121.0
2018,994,6,monaco,Monaco,1,807,hulkenberg,4,HUL,renault,11,8,78,76061.0,6199646.0,1.0,25213.0,25213.0,26.0,8,46.0,4,11,,7.0,3.337,260.286,1,258.0,285.0
2018,994,6,monaco,Monaco,1,815,perez,10,PER,force_india,9,12,78,77546.0,6245268.0,1.0,29379.0,29379.0,17.0,12,26.0,6,9,72154.0,7.0,3.337,260.286,1,421.0,98.0
2018,994,6,monaco,Monaco,1,817,ricciardo,9,RIC,red_bull,1,1,78,75562.0,6174807.0,1.0,24542.0,24542.0,72.0,3,107.0,3,1,70810.0,7.0,3.337,260.286,1,1001.0,547.0
2018,994,6,monaco,Monaco,1,822,bottas,131,BOT,mercedes,5,5,78,76312.0,6193629.0,1.0,24020.0,24020.0,68.0,4,178.0,1,5,71441.0,7.0,3.337,260.286,1,1323.0,1162.0
2018,994,6,monaco,Monaco,1,825,kevin_magnussen,210,MAG,haas,19,13,78,77476.0,6249630.0,1.0,24237.0,24237.0,19.0,10,19.0,8,19,,7.0,3.337,260.286,1,142.0,140.0
2018,994,6,monaco,Monaco,1,828,ericsson,15,ERI,sauber,16,11,78,76936.0,6244671.0,1.0,24291.0,24291.0,2.0,17,11.0,9,17,,7.0,3.337,260.286,1,10.0,61.0
2018,994,6,monaco,Monaco,1,830,max_verstappen,9,VER,red_bull,20,9,78,74260.0,6200124.0,1.0,24111.0,24111.0,35.0,6,107.0,3,20,,7.0,3.337,260.286,1,717.0,634.0
2018,994,6,monaco,Monaco,1,832,sainz,4,SAI,renault,8,10,78,77491.0,6243820.0,1.0,24874.0,24874.0,20.0,9,46.0,4,8,72130.0,7.0,3.337,260.286,1,273.0,324.0
2018,994,6,monaco,Monaco,11,838,vandoorne,1,VAN,mclaren,12,14,77,76864.0,,2.0,52255.0,26127.5,8.0,15,40.0,5,12,,7.0,3.337,256.949,1,90.0,332.0
2018,994,6,monaco,Monaco,1,839,ocon,10,OCO,force_india,6,6,78,77027.0,6198474.0,1.0,24663.0,24663.0,9.0,13,26.0,6,6,72061.0,7.0,3.337,260.286,1,339.0,124.0
2018,994,6,monaco,Monaco,12,840,stroll,3,STR,williams,17,17,76,74944.0,,3.0,89843.0,29947.666666666668,4.0,16,4.0,10,18,,7.0,3.337,253.61200000000002,1,164.0,20.0
2018,994,6,monaco,Monaco,1,842,gasly,5,GAS,toro_rosso,10,7,78,77099.0,6199138.0,1.0,24296.0,24296.0,18.0,11,19.0,7,10,72221.0,7.0,3.337,260.286,1,66.0,119.0
2018,994,6,monaco,Monaco,4,843,brendon_hartley,5,HAR,toro_rosso,15,0,70,77172.0,,1.0,24326.0,24326.0,1.0,18,19.0,7,16,,7.0,3.337,233.59,1,3.0,138.0
2018,994,6,monaco,Monaco,4,844,leclerc,15,LEC,sauber,14,0,70,77710.0,,1.0,23870.0,23870.0,9.0,14,11.0,9,14,,7.0,3.337,233.59,1,26.0,72.0
2018,994,6,monaco,Monaco,11,845,sirotkin,3,SIR,williams,13,16,77,75325.0,,3.0,82543.0,27514.333333333332,0.0,20,4.0,10,13,,7.0,3.337,256.949,1,0.0,24.0
2018,995,7,villeneuve,Canada,1,1,hamilton,131,HAM,mercedes,4,5,68,74183.0,5332936.0,1.0,23335.0,23335.0,120.0,2,206.0,1,4,70996.0,13.0,4.361,296.548,0,1532.0,1313.0
2018,995,7,villeneuve,Canada,43,4,alonso,1,ALO,mclaren,14,0,40,76180.0,,1.0,23099.0,23099.0,32.0,7,40.0,5,14,,13.0,4.361,174.44,0,215.0,350.0
2018,995,7,villeneuve,Canada,1,8,raikkonen,6,RAI,ferrari,5,6,68,74075.0,5338561.0,1.0,23645.0,23645.0,68.0,5,189.0,2,5,71095.0,13.0,4.361,296.548,0,860.0,1214.0
2018,995,7,villeneuve,Canada,1,20,vettel,6,VET,ferrari,1,1,68,73964.0,5311377.0,1.0,23529.0,23529.0,121.0,1,189.0,2,1,70764.0,13.0,4.361,296.548,0,1386.0,1338.0
2018,995,7,villeneuve,Canada,11,154,grosjean,210,GRO,haas,20,12,67,75470.0,,1.0,24400.0,24400.0,0.0,19,19.0,8,20,,13.0,4.361,292.187,0,84.0,149.0
2018,995,7,villeneuve,Canada,11,807,hulkenberg,4,HUL,renault,7,7,67,75588.0,,1.0,24521.0,24521.0,32.0,8,56.0,4,7,71973.0,13.0,4.361,292.187,0,256.0,365.0
2018,995,7,villeneuve,Canada,11,815,perez,10,PER,force_india,10,14,67,75100.0,,2.0,47804.0,23902.0,17.0,12,28.0,6,10,72671.0,13.0,4.361,292.187,0,352.0,151.0
2018,995,7,villeneuve,Canada,1,817,ricciardo,9,RIC,red_bull,6,4,68,74159.0,5332269.0,1.0,23279.0,23279.0,84.0,4,134.0,3,6,71116.0,13.0,4.361,296.548,0,893.0,748.0
2018,995,7,villeneuve,Canada,1,822,bottas,131,BOT,mercedes,2,2,68,73992.0,5318753.0,1.0,23775.0,23775.0,86.0,3,206.0,1,2,70857.0,13.0,4.361,296.548,0,1165.0,1464.0
2018,995,7,villeneuve,Canada,11,825,kevin_magnussen,210,MAG,haas,11,13,67,75401.0,,1.0,24008.0,24008.0,19.0,10,19.0,8,11,,13.0,4.361,292.187,0,146.0,158.0
2018,995,7,villeneuve,Canada,12,828,ericsson,15,ERI,sauber,19,15,66,76403.0,,1.0,23529.0,23529.0,2.0,17,12.0,9,19,,13.0,4.361,287.82599999999996,0,12.0,82.0
2018,995,7,villeneuve,Canada,1,830,max_verstappen,9,VER,red_bull,3,3,68,73864.0,5319737.0,1.0,23137.0,23137.0,50.0,6,134.0,3,3,70937.0,13.0,4.361,296.548,0,644.0,862.0
2018,995,7,villeneuve,Canada,11,832,sainz,4,SAI,renault,9,8,67,75666.0,,1.0,24416.0,24416.0,24.0,9,56.0,4,9,72168.0,13.0,4.361,292.187,0,243.0,406.0
2018,995,7,villeneuve,Canada,12,838,vandoorne,1,VAN,mclaren,15,16,66,75765.0,,2.0,64545.0,32272.5,8.0,15,40.0,5,15,,13.0,4.361,287.82599999999996,0,85.0,368.0
2018,995,7,villeneuve,Canada,11,839,ocon,10,OCO,force_india,8,9,67,75610.0,,1.0,25353.0,25353.0,11.0,13,28.0,6,8,72084.0,13.0,4.361,292.187,0,277.0,178.0
2018,995,7,villeneuve,Canada,4,840,stroll,3,STR,williams,17,0,0,,,0.0,0.0,0.0,4.0,16,4.0,10,17,,13.0,4.361,0.0,0,136.0,28.0
2018,995,7,villeneuve,Canada,11,842,gasly,5,GAS,toro_rosso,16,11,67,75699.0,,1.0,24107.0,24107.0,18.0,11,19.0,7,16,,13.0,4.361,292.187,0,84.0,145.0
2018,995,7,villeneuve,Canada,4,843,brendon_hartley,5,HAR,toro_rosso,12,0,0,,,0.0,0.0,0.0,1.0,18,19.0,7,12,,13.0,4.361,0.0,0,4.0,152.0
2018,995,7,villeneuve,Canada,11,844,leclerc,15,LEC,sauber,13,10,67,75480.0,,1.0,23666.0,23666.0,10.0,14,12.0,9,13,,13.0,4.361,292.187,0,36.0,92.0
2018,995,7,villeneuve,Canada,12,845,sirotkin,3,SIR,williams,18,17,66,75924.0,,1.0,23531.0,23531.0,0.0,20,4.0,10,18,,13.0,4.361,287.82599999999996,0,0.0,32.0
2018,996,34,ricard,France,1,1,hamilton,131,HAM,mercedes,1,1,53,94509.0,5411385.0,1.0,24310.0,24310.0,145.0,1,237.0,1,1,90029.0,432.0,5.842,309.626,0,1344.0,1616.0
2018,996,34,ricard,France,36,4,alonso,1,ALO,mclaren,16,16,50,95133.0,,2.0,50577.0,25288.5,32.0,8,40.0,5,16,,432.0,5.842,292.09999999999997,0,236.0,380.0
2018,996,34,ricard,France,1,8,raikkonen,6,RAI,ferrari,6,3,53,94398.0,5437273.0,1.0,24289.0,24289.0,83.0,5,214.0,2,6,91057.0,432.0,5.842,309.626,0,765.0,1468.0
2018,996,34,ricard,France,1,20,vettel,6,VET,ferrari,3,5,53,94485.0,5473320.0,2.0,63641.0,31820.5,131.0,2,214.0,2,3,90400.0,432.0,5.842,309.626,0,1240.0,1598.0
2018,996,34,ricard,France,11,154,grosjean,210,GRO,haas,10,11,52,95695.0,,1.0,29996.0,29996.0,0.0,19,27.0,7,10,,432.0,5.842,303.784,0,56.0,174.0
2018,996,34,ricard,France,1,807,hulkenberg,4,HUL,renault,12,9,53,95873.0,5503374.0,1.0,25016.0,25016.0,34.0,7,62.0,4,12,,432.0,5.842,309.626,0,256.0,443.0
2018,996,34,ricard,France,5,815,perez,10,PER,force_india,13,0,27,98319.0,,0.0,0.0,0.0,17.0,12,28.0,6,13,,432.0,5.842,157.73399999999998,0,277.0,205.0
2018,996,34,ricard,France,1,817,ricciardo,9,RIC,red_bull,5,4,53,95382.0,5446121.0,1.0,24309.0,24309.0,96.0,3,164.0,3,5,90895.0,432.0,5.842,309.626,0,797.0,971.0
2018,996,34,ricard,France,1,822,bottas,131,BOT,mercedes,2,7,53,94225.0,5492017.0,2.0,58621.0,29310.5,92.0,4,237.0,1,2,90147.0,432.0,5.842,309.626,0,995.0,1768.0
2018,996,34,ricard,France,1,825,kevin_magnussen,210,MAG,haas,9,6,53,95425.0,5490749.0,1.0,25419.0,25419.0,27.0,10,27.0,7,9,92930.0,432.0,5.842,309.626,0,154.0,190.0
2018,996,34,ricard,France,11,828,ericsson,15,ERI,sauber,15,13,52,96494.0,,1.0,24295.0,24295.0,2.0,17,13.0,9,15,,432.0,5.842,303.784,0,14.0,103.0
2018,996,34,ricard,France,1,830,max_verstappen,9,VER,red_bull,4,2,53,94275.0,5418475.0,1.0,24395.0,24395.0,68.0,6,164.0,3,4,90705.0,432.0,5.842,309.626,0,564.0,1080.0
2018,996,34,ricard,France,1,832,sainz,4,SAI,renault,7,8,53,95638.0,5498569.0,1.0,25423.0,25423.0,28.0,9,62.0,4,7,92126.0,432.0,5.842,309.626,0,217.0,480.0
2018,996,34,ricard,France,11,838,vandoorne,1,VAN,mclaren,17,12,52,96675.0,,1.0,24399.0,24399.0,8.0,15,40.0,5,18,,432.0,5.842,303.784,0,80.0,392.0
2018,996,34,ricard,France,4,839,ocon,10,OCO,force_india,11,0,0,,,0.0,0.0,0.0,11.0,13,28.0,6,11,,432.0,5.842,0.0,0,205.0,232.0
2018,996,34,ricard,France,29,840,stroll,3,STR,williams,19,17,48,98319.0,,1.0,26576.0,26576.0,4.0,16,4.0,10,20,,432.0,5.842,280.416,0,100.0,36.0
2018,996,34,ricard,France,4,842,gasly,5,GAS,toro_rosso,14,0,0,,,0.0,0.0,0.0,18.0,11,19.0,8,14,,432.0,5.842,0.0,0,102.0,159.0
2018,996,34,ricard,France,11,843,brendon_hartley,5,HAR,toro_rosso,20,14,52,96839.0,,1.0,24297.0,24297.0,1.0,18,19.0,8,17,,432.0,5.842,303.784,0,5.0,166.0
2018,996,34,ricard,France,1,844,leclerc,15,LEC,sauber,8,10,53,95977.0,5505258.0,1.0,25026.0,25026.0,11.0,14,13.0,9,8,92635.0,432.0,5.842,309.626,0,47.0,114.0
2018,996,34,ricard,France,11,845,sirotkin,3,SIR,williams,18,15,52,98300.0,,1.0,26273.0,26273.0,0.0,20,4.0,10,19,,432.0,5.842,303.784,0,0.0,40.0
2018,997,70,red_bull_ring,Austria,32,1,hamilton,131,HAM,mercedes,2,0,62,67241.0,,2.0,42225.0,21112.5,145.0,2,237.0,2,2,63149.0,678.0,4.318,267.71599999999995,0,1144.0,1895.0
2018,997,70,red_bull_ring,Austria,11,4,alonso,1,ALO,mclaren,13,8,70,68661.0,,1.0,21588.0,21588.0,36.0,8,44.0,6,14,,678.0,4.318,302.26,0,257.0,400.0
2018,997,70,red_bull_ring,Austria,1,8,raikkonen,6,RAI,ferrari,3,2,71,66957.0,4917528.0,1.0,21552.0,21552.0,101.0,3,247.0,1,4,63660.0,678.0,4.318,306.578,0,673.0,1731.0
2018,997,70,red_bull_ring,Austria,1,20,vettel,6,VET,ferrari,6,3,71,67082.0,4919205.0,1.0,23912.0,23912.0,146.0,1,247.0,1,3,63464.0,678.0,4.318,306.578,0,1084.0,1864.0
2018,997,70,red_bull_ring,Austria,11,154,grosjean,210,GRO,haas,5,4,70,69071.0,,1.0,22121.0,22121.0,12.0,15,49.0,5,6,63892.0,678.0,4.318,302.26,0,40.0,228.0
2018,997,70,red_bull_ring,Austria,5,807,hulkenberg,4,HUL,renault,10,0,11,70380.0,,0.0,0.0,0.0,34.0,9,62.0,4,10,65019.0,678.0,4.318,47.498,0,255.0,507.0
2018,997,70,red_bull_ring,Austria,11,815,perez,10,PER,force_india,16,7,70,68504.0,,1.0,22863.0,22863.0,23.0,11,42.0,7,17,,678.0,4.318,302.26,0,206.0,258.0
2018,997,70,red_bull_ring,Austria,43,817,ricciardo,9,RIC,red_bull,7,0,53,67591.0,,2.0,43209.0,21604.5,96.0,4,189.0,3,7,63996.0,678.0,4.318,228.85399999999998,0,693.0,1214.0
2018,997,70,red_bull_ring,Austria,9,822,bottas,131,BOT,mercedes,1,0,13,69044.0,,0.0,0.0,0.0,92.0,6,237.0,2,1,63130.0,678.0,4.318,56.13399999999999,0,807.0,2022.0
2018,997,70,red_bull_ring,Austria,11,825,kevin_magnussen,210,MAG,haas,8,5,70,68476.0,,1.0,22138.0,22138.0,37.0,7,49.0,5,8,64051.0,678.0,4.318,302.26,0,172.0,266.0
2018,997,70,red_bull_ring,Austria,11,828,ericsson,15,ERI,sauber,20,10,70,68216.0,,1.0,21519.0,21519.0,3.0,18,16.0,9,20,,678.0,4.318,302.26,0,17.0,120.0
2018,997,70,red_bull_ring,Austria,1,830,max_verstappen,9,VER,red_bull,4,1,71,67442.0,4916024.0,1.0,21214.0,21214.0,93.0,5,189.0,3,5,63840.0,678.0,4.318,306.578,0,499.0,1348.0
2018,997,70,red_bull_ring,Austria,11,832,sainz,4,SAI,renault,9,12,70,68766.0,,2.0,49592.0,24796.0,28.0,10,62.0,4,9,64725.0,678.0,4.318,302.26,0,191.0,534.0
2018,997,70,red_bull_ring,Austria,130,838,vandoorne,1,VAN,mclaren,15,15,65,68894.0,,2.0,69083.0,34541.5,8.0,16,44.0,6,16,,678.0,4.318,280.66999999999996,0,75.0,408.0
2018,997,70,red_bull_ring,Austria,11,839,ocon,10,OCO,force_india,11,6,70,68850.0,,1.0,22527.0,22527.0,19.0,12,42.0,7,11,,678.0,4.318,302.26,0,141.0,284.0
2018,997,70,red_bull_ring,Austria,12,840,stroll,3,STR,williams,14,14,69,69203.0,,2.0,44480.0,22240.0,4.0,17,4.0,10,15,,678.0,4.318,297.94199999999995,0,64.0,40.0
2018,997,70,red_bull_ring,Austria,11,842,gasly,5,GAS,toro_rosso,12,11,70,69295.0,,1.0,22011.0,22011.0,18.0,13,19.0,8,12,,678.0,4.318,302.26,0,120.0,172.0
2018,997,70,red_bull_ring,Austria,9,843,brendon_hartley,5,HAR,toro_rosso,19,0,54,69171.0,,0.0,0.0,0.0,1.0,19,19.0,8,19,,678.0,4.318,233.17199999999997,0,6.0,178.0
2018,997,70,red_bull_ring,Austria,11,844,leclerc,15,LEC,sauber,18,9,70,69006.0,,1.0,21364.0,21364.0,13.0,14,16.0,9,13,,678.0,4.318,302.26,0,60.0,126.0
2018,997,70,red_bull_ring,Austria,12,845,sirotkin,3,SIR,williams,17,13,69,68971.0,,2.0,47932.0,23966.0,0.0,20,4.0,10,18,,678.0,4.318,297.94199999999995,0,0.0,40.0
2018,998,9,silverstone,UK,1,1,hamilton,131,HAM,mercedes,1,2,52,91245.0,5252048.0,1.0,28982.0,28982.0,163.0,2,267.0,2,1,85892.0,153.0,5.891,306.332,0,944.0,2136.0
2018,998,9,silverstone,UK,1,4,alonso,1,ALO,mclaren,13,8,52,93482.0,5280899.0,2.0,56754.0,28377.0,40.0,8,48.0,7,13,,153.0,5.891,306.332,0,280.0,416.0
2018,998,9,silverstone,UK,1,8,raikkonen,6,RAI,ferrari,3,3,52,90795.0,5253436.0,2.0,67558.0,33779.0,116.0,3,287.0,1,3,85990.0,153.0,5.891,306.332,0,584.0,2025.0
2018,998,9,silverstone,UK,1,20,vettel,6,VET,ferrari,2,1,52,90696.0,5249784.0,2.0,56851.0,28425.5,171.0,1,287.0,1,2,85936.0,153.0,5.891,306.332,0,938.0,2186.0
2018,998,9,silverstone,UK,4,154,grosjean,210,GRO,haas,8,0,37,94391.0,,1.0,29254.0,29254.0,12.0,15,51.0,5,8,87455.0,153.0,5.891,217.967,0,24.0,298.0
2018,998,9,silverstone,UK,1,807,hulkenberg,4,HUL,renault,11,6,52,93405.0,5278004.0,1.0,28719.0,28719.0,42.0,7,70.0,4,11,,153.0,5.891,306.332,0,254.0,563.0
2018,998,9,silverstone,UK,1,815,perez,10,PER,force_india,12,10,52,93472.0,5284492.0,2.0,57487.0,28743.5,24.0,12,49.0,6,12,,153.0,5.891,306.332,0,130.0,315.0
2018,998,9,silverstone,UK,1,817,ricciardo,9,RIC,red_bull,6,5,52,91589.0,5259284.0,2.0,56195.0,28097.5,106.0,4,199.0,3,6,87099.0,153.0,5.891,306.332,0,599.0,1467.0
2018,998,9,silverstone,UK,1,822,bottas,131,BOT,mercedes,4,4,52,91377.0,5258667.0,1.0,27894.0,27894.0,104.0,5,267.0,2,4,86217.0,153.0,5.891,306.332,0,606.0,2250.0
2018,998,9,silverstone,UK,1,825,kevin_magnussen,210,MAG,haas,7,9,52,93604.0,5282972.0,1.0,28450.0,28450.0,39.0,9,51.0,5,7,87244.0,153.0,5.891,306.332,0,192.0,330.0
2018,998,9,silverstone,UK,3,828,ericsson,15,ERI,sauber,15,0,31,93675.0,,1.0,28207.0,28207.0,3.0,18,16.0,9,15,,153.0,5.891,182.621,0,20.0,131.0
2018,998,9,silverstone,UK,23,830,max_verstappen,9,VER,red_bull,5,0,46,92007.0,,2.0,56458.0,28229.0,93.0,6,199.0,3,5,86602.0,153.0,5.891,270.986,0,424.0,1586.0
2018,998,9,silverstone,UK,4,832,sainz,4,SAI,renault,16,0,37,94602.0,,2.0,57152.0,28576.0,28.0,10,70.0,4,16,,153.0,5.891,217.967,0,165.0,592.0
2018,998,9,silverstone,UK,1,838,vandoorne,1,VAN,mclaren,17,11,52,93551.0,5285558.0,2.0,56942.0,28471.0,8.0,16,48.0,7,17,,153.0,5.891,306.332,0,70.0,424.0
2018,998,9,silverstone,UK,1,839,ocon,10,OCO,force_india,10,7,52,93606.0,5279714.0,1.0,29410.0,29410.0,25.0,11,49.0,6,10,88194.0,153.0,5.891,306.332,0,79.0,346.0
2018,998,9,silverstone,UK,1,840,stroll,3,STR,williams,19,12,52,93869.0,5287890.0,1.0,27774.0,27774.0,4.0,17,4.0,10,19,,153.0,5.891,306.332,0,28.0,40.0
2018,998,9,silverstone,UK,1,842,gasly,5,GAS,toro_rosso,14,13,52,93465.0,5288913.0,2.0,58442.0,29221.0,18.0,13,19.0,8,14,,153.0,5.891,306.332,0,138.0,184.0
2018,998,9,silverstone,UK,131,843,brendon_hartley,5,HAR,toro_rosso,0,0,1,,,0.0,0.0,0.0,1.0,19,19.0,8,20,,153.0,5.891,5.891,0,7.0,190.0
2018,998,9,silverstone,UK,27,844,leclerc,15,LEC,sauber,9,0,18,95209.0,,1.0,27865.0,27865.0,13.0,14,16.0,9,9,87879.0,153.0,5.891,106.038,0,73.0,136.0
2018,998,9,silverstone,UK,1,845,sirotkin,3,SIR,williams,18,14,52,94620.0,5297897.0,1.0,28224.0,28224.0,0.0,20,4.0,10,18,,153.0,5.891,306.332,0,0.0,40.0
2018,999,10,hockenheimring,Germany,1,1,hamilton,131,HAM,mercedes,14,1,67,75545.0,5549845.0,1.0,18978.0,18978.0,188.0,1,310.0,1,14,,103.0,4.575,306.52500000000003,0,1114.0,2382.0
2018,999,10,hockenheimring,Germany,31,4,alonso,1,ALO,mclaren,11,16,65,77741.0,,3.0,61002.0,20334.0,40.0,8,48.0,7,11,,103.0,4.575,297.375,0,310.0,432.0
2018,999,10,hockenheimring,Germany,1,8,raikkonen,6,RAI,ferrari,3,3,67,75990.0,5556577.0,2.0,39635.0,19817.5,131.0,3,302.0,2,3,71547.0,103.0,4.575,306.52500000000003,0,700.0,2332.0
2018,999,10,hockenheimring,Germany,3,20,vettel,6,VET,ferrari,1,0,51,77290.0,,1.0,18657.0,18657.0,171.0,2,302.0,2,1,71212.0,103.0,4.575,233.32500000000002,0,1084.0,2478.0
2018,999,10,hockenheimring,Germany,1,154,grosjean,210,GRO,haas,6,6,67,76716.0,5578716.0,3.0,62688.0,20896.0,20.0,13,59.0,6,6,72544.0,103.0,4.575,306.52500000000003,0,44.0,370.0
2018,999,10,hockenheimring,Germany,1,807,hulkenberg,4,HUL,renault,7,5,67,77910.0,5576454.0,3.0,61148.0,20382.666666666668,52.0,7,80.0,4,7,72560.0,103.0,4.575,306.52500000000003,0,300.0,626.0
2018,999,10,hockenheimring,Germany,1,815,perez,10,PER,force_india,10,7,67,77867.0,5580401.0,1.0,25130.0,25130.0,30.0,10,59.0,5,10,72774.0,103.0,4.575,306.52500000000003,0,160.0,379.0
2018,999,10,hockenheimring,Germany,5,817,ricciardo,9,RIC,red_bull,20,0,27,78262.0,,0.0,0.0,0.0,106.0,5,211.0,3,15,,103.0,4.575,123.525,0,693.0,1690.0
2018,999,10,hockenheimring,Germany,1,822,bottas,131,BOT,mercedes,2,2,67,75721.0,5554380.0,2.0,52467.0,26233.5,122.0,4,310.0,1,2,71416.0,103.0,4.575,306.52500000000003,0,724.0,2514.0
2018,999,10,hockenheimring,Germany,1,825,kevin_magnussen,210,MAG,haas,5,11,67,77697.0,5584764.0,3.0,82296.0,27432.0,39.0,9,59.0,6,5,72200.0,103.0,4.575,306.52500000000003,0,231.0,410.0
2018,999,10,hockenheimring,Germany,1,828,ericsson,15,ERI,sauber,13,9,67,77745.0,5582207.0,1.0,18840.0,18840.0,5.0,17,18.0,9,13,,103.0,4.575,306.52500000000003,0,25.0,143.0
2018,999,10,hockenheimring,Germany,1,830,max_verstappen,9,VER,red_bull,4,4,67,75852.0,5557499.0,3.0,58126.0,19375.333333333332,105.0,6,211.0,3,4,71822.0,103.0,4.575,306.52500000000003,0,521.0,1794.0
2018,999,10,hockenheimring,Germany,1,832,sainz,4,SAI,renault,8,12,67,77430.0,5592914.0,3.0,60327.0,20109.0,28.0,12,80.0,4,8,72692.0,103.0,4.575,306.52500000000003,0,192.0,660.0
2018,999,10,hockenheimring,Germany,1,838,vandoorne,1,VAN,mclaren,19,13,67,77537.0,5596462.0,2.0,39399.0,19699.5,8.0,16,48.0,7,20,,103.0,4.575,306.52500000000003,0,76.0,440.0
2018,999,10,hockenheimring,Germany,1,839,ocon,10,OCO,force_india,15,8,67,77941.0,5581595.0,1.0,19570.0,19570.0,29.0,11,59.0,5,16,,103.0,4.575,306.52500000000003,0,108.0,412.0
2018,999,10,hockenheimring,Germany,5,840,stroll,3,STR,williams,18,0,53,78861.0,,2.0,39002.0,19501.0,4.0,18,4.0,10,19,,103.0,4.575,242.47500000000002,0,32.0,40.0
2018,999,10,hockenheimring,Germany,11,842,gasly,5,GAS,toro_rosso,16,14,66,77762.0,,2.0,39318.0,19659.0,18.0,14,20.0,8,17,,103.0,4.575,301.95,0,156.0,191.0
2018,999,10,hockenheimring,Germany,1,843,brendon_hartley,5,HAR,toro_rosso,17,10,67,77681.0,5584042.0,2.0,39294.0,19647.0,2.0,19,20.0,8,18,,103.0,4.575,306.52500000000003,0,9.0,192.0
2018,999,10,hockenheimring,Germany,11,844,leclerc,15,LEC,sauber,9,15,66,77852.0,,3.0,61120.0,20373.333333333332,13.0,15,18.0,9,9,72717.0,103.0,4.575,301.95,0,86.0,150.0
2018,999,10,hockenheimring,Germany,5,845,sirotkin,3,SIR,williams,12,0,51,78934.0,,2.0,45884.0,22942.0,0.0,20,4.0,10,12,,103.0,4.575,233.32500000000002,0,0.0,40.0
2018,1000,11,hungaroring,Hungary,1,1,hamilton,131,HAM,mercedes,1,1,70,81107.0,5836427.0,1.0,21480.0,21480.0,213.0,1,345.0,1,1,95658.0,264.0,4.381,306.67,0,1294.0,2653.0
2018,1000,11,hungaroring,Hungary,11,4,alonso,1,ALO,mclaren,11,8,69,82090.0,,1.0,21795.0,21795.0,44.0,9,52.0,7,11,,264.0,4.381,302.289,0,338.0,452.0
2018,1000,11,hungaroring,Hungary,1,8,raikkonen,6,RAI,ferrari,3,3,70,80292.0,5856528.0,2.0,46300.0,23150.0,146.0,3,335.0,2,3,96186.0,264.0,4.381,306.67,0,831.0,2624.0
2018,1000,11,hungaroring,Hungary,1,20,vettel,6,VET,ferrari,4,2,70,80056.0,5853550.0,1.0,23111.0,23111.0,189.0,2,335.0,2,4,96210.0,264.0,4.381,306.67,0,1223.0,2770.0
2018,1000,11,hungaroring,Hungary,11,154,grosjean,210,GRO,haas,10,10,69,82606.0,,1.0,21733.0,21733.0,21.0,14,66.0,5,10,100593.0,264.0,4.381,302.289,0,65.0,457.0
2018,1000,11,hungaroring,Hungary,11,807,hulkenberg,4,HUL,renault,13,12,69,81261.0,,2.0,44616.0,22308.0,52.0,7,82.0,4,13,,264.0,4.381,302.289,0,338.0,686.0
2018,1000,11,hungaroring,Hungary,11,815,perez,10,PER,force_india,19,14,69,83263.0,,1.0,22561.0,22561.0,30.0,10,59.0,6,19,,264.0,4.381,302.289,0,190.0,443.0
2018,1000,11,hungaroring,Hungary,1,817,ricciardo,9,RIC,red_bull,12,4,70,80012.0,5882846.0,1.0,21364.0,21364.0,118.0,5,223.0,3,12,,264.0,4.381,306.67,0,799.0,1883.0
2018,1000,11,hungaroring,Hungary,1,822,bottas,131,BOT,mercedes,2,5,70,81736.0,5886427.0,1.0,21337.0,21337.0,132.0,4,345.0,1,2,95918.0,264.0,4.381,306.67,0,834.0,2792.0
2018,1000,11,hungaroring,Hungary,11,825,kevin_magnussen,210,MAG,haas,9,7,69,81302.0,,1.0,25126.0,25126.0,45.0,8,66.0,5,9,99858.0,264.0,4.381,302.289,0,266.0,504.0
2018,1000,11,hungaroring,Hungary,12,828,ericsson,15,ERI,sauber,14,15,68,83671.0,,1.0,22640.0,22640.0,5.0,17,18.0,9,14,,264.0,4.381,297.908,0,28.0,156.0
2018,1000,11,hungaroring,Hungary,75,830,max_verstappen,9,VER,red_bull,7,0,5,83985.0,,0.0,0.0,0.0,105.0,6,223.0,3,7,98032.0,264.0,4.381,21.905,0,618.0,1972.0
2018,1000,11,hungaroring,Hungary,11,832,sainz,4,SAI,renault,5,9,69,82774.0,,1.0,21914.0,21914.0,30.0,11,82.0,4,5,96743.0,264.0,4.381,302.289,0,221.0,712.0
2018,1000,11,hungaroring,Hungary,6,838,vandoorne,1,VAN,mclaren,16,0,49,83077.0,,1.0,21732.0,21732.0,8.0,16,52.0,7,16,,264.0,4.381,214.669,0,78.0,464.0
2018,1000,11,hungaroring,Hungary,11,839,ocon,10,OCO,force_india,18,13,69,82876.0,,1.0,22258.0,22258.0,29.0,12,59.0,6,18,,264.0,4.381,302.289,0,136.0,474.0
2018,1000,11,hungaroring,Hungary,12,840,stroll,3,STR,williams,15,17,68,82660.0,,1.0,21291.0,21291.0,4.0,18,4.0,10,15,,264.0,4.381,297.908,0,36.0,40.0
2018,1000,11,hungaroring,Hungary,1,842,gasly,5,GAS,toro_rosso,6,6,70,81685.0,5909700.0,1.0,21684.0,21684.0,26.0,13,28.0,8,6,97591.0,264.0,4.381,306.67,0,170.0,201.0
2018,1000,11,hungaroring,Hungary,11,843,brendon_hartley,5,HAR,toro_rosso,8,11,69,82612.0,,1.0,21831.0,21831.0,2.0,19,28.0,8,8,98128.0,264.0,4.381,302.289,0,11.0,210.0
2018,1000,11,hungaroring,Hungary,22,844,leclerc,15,LEC,sauber,17,0,0,,,0.0,0.0,0.0,13.0,15,18.0,9,17,,264.0,4.381,0.0,0,99.0,162.0
2018,1000,11,hungaroring,Hungary,12,845,sirotkin,3,SIR,williams,20,16,68,83708.0,,1.0,21509.0,21509.0,0.0,20,4.0,10,20,,264.0,4.381,297.908,0,0.0,40.0
2018,1001,13,spa,Belgium,1,1,hamilton,131,HAM,mercedes,1,2,44,106721.0,5025537.0,2.0,41747.0,20873.5,231.0,1,375.0,1,1,118179.0,401.0,7.004,308.176,0,1480.0,2930.0
2018,1001,13,spa,Belgium,3,4,alonso,1,ALO,mclaren,15,0,0,,,0.0,0.0,0.0,44.0,9,52.0,6,17,,401.0,7.004,0.0,0,360.0,476.0
2018,1001,13,spa,Belgium,23,8,raikkonen,6,RAI,ferrari,6,0,8,114320.0,,2.0,61818.0,30909.0,146.0,3,360.0,2,6,122671.0,401.0,7.004,56.032,0,947.0,2916.0
2018,1001,13,spa,Belgium,1,20,vettel,6,VET,ferrari,2,1,44,106644.0,5014476.0,2.0,41835.0,20917.5,214.0,2,360.0,2,2,118905.0,401.0,7.004,308.176,0,1383.0,3062.0
2018,1001,13,spa,Belgium,1,154,grosjean,210,GRO,haas,5,7,44,108283.0,5100429.0,2.0,43528.0,21764.0,27.0,14,76.0,5,5,122122.0,401.0,7.004,308.176,0,92.0,553.0
2018,1001,13,spa,Belgium,3,807,hulkenberg,4,HUL,renault,20,0,0,,,0.0,0.0,0.0,52.0,7,82.0,4,15,,401.0,7.004,0.0,0,368.0,732.0
2018,1001,13,spa,Belgium,1,815,perez,10,PER,force_india,4,5,44,108080.0,5085499.0,2.0,42824.0,21412.0,40.0,10,18.0,9,4,121894.0,401.0,7.004,308.176,0,230.0,464.0
2018,1001,13,spa,Belgium,31,817,ricciardo,9,RIC,red_bull,8,0,28,109242.0,,0.0,0.0,0.0,118.0,6,238.0,3,8,122939.0,401.0,7.004,196.112,0,880.0,2046.0
2018,1001,13,spa,Belgium,1,822,bottas,131,BOT,mercedes,19,4,44,106286.0,5078081.0,3.0,73267.0,24422.333333333332,144.0,4,375.0,1,10,,401.0,7.004,308.176,0,938.0,3068.0
2018,1001,13,spa,Belgium,1,825,kevin_magnussen,210,MAG,haas,9,8,44,107937.0,5102115.0,2.0,44325.0,22162.5,49.0,8,76.0,5,9,124933.0,401.0,7.004,308.176,0,304.0,602.0
2018,1001,13,spa,Belgium,11,828,ericsson,15,ERI,sauber,13,10,43,108694.0,,2.0,42269.0,21134.5,6.0,17,19.0,8,14,,401.0,7.004,301.17199999999997,0,32.0,168.0
2018,1001,13,spa,Belgium,1,830,max_verstappen,9,VER,red_bull,7,3,44,106946.0,5045848.0,2.0,42283.0,21141.5,120.0,5,238.0,3,7,122769.0,401.0,7.004,308.176,0,720.0,2120.0
2018,1001,13,spa,Belgium,11,832,sainz,4,SAI,renault,14,11,43,108670.0,,2.0,42366.0,21183.0,30.0,12,82.0,4,16,,401.0,7.004,301.17199999999997,0,248.0,752.0
2018,1001,13,spa,Belgium,11,838,vandoorne,1,VAN,mclaren,18,15,43,108956.0,,3.0,65942.0,21980.666666666668,8.0,16,52.0,6,20,,401.0,7.004,301.17199999999997,0,80.0,488.0
2018,1001,13,spa,Belgium,1,839,ocon,10,OCO,force_india,3,6,44,108078.0,5093996.0,2.0,42807.0,21403.5,37.0,11,18.0,9,3,121851.0,401.0,7.004,308.176,0,172.0,454.0
2018,1001,13,spa,Belgium,11,840,stroll,3,STR,williams,17,13,43,109287.0,,2.0,42633.0,21316.5,4.0,18,4.0,10,19,,401.0,7.004,301.17199999999997,0,40.0,40.0
2018,1001,13,spa,Belgium,1,842,gasly,5,GAS,toro_rosso,10,9,44,108588.0,5120368.0,2.0,43089.0,21544.5,28.0,13,30.0,7,11,,401.0,7.004,308.176,0,186.0,221.0
2018,1001,13,spa,Belgium,11,843,brendon_hartley,5,HAR,toro_rosso,11,14,43,108756.0,,2.0,47400.0,23700.0,2.0,19,30.0,7,12,,401.0,7.004,301.17199999999997,0,13.0,232.0
2018,1001,13,spa,Belgium,3,844,leclerc,15,LEC,sauber,12,0,0,,,0.0,0.0,0.0,13.0,15,19.0,8,13,,401.0,7.004,0.0,0,112.0,174.0
2018,1001,13,spa,Belgium,11,845,sirotkin,3,SIR,williams,16,12,43,109113.0,,2.0,42130.0,21065.0,0.0,20,4.0,10,18,,401.0,7.004,301.17199999999997,0,0.0,40.0
2018,1002,14,monza,Italy,1,1,hamilton,131,HAM,mercedes,3,1,53,82497.0,4614484.0,1.0,23728.0,23728.0,256.0,1,415.0,1,3,79294.0,162.0,5.793,307.029,0,1666.0,3246.0
2018,1002,14,monza,Italy,5,4,alonso,1,ALO,mclaren,13,0,9,85229.0,,0.0,0.0,0.0,44.0,11,52.0,6,13,,162.0,5.793,52.137,0,376.0,496.0
2018,1002,14,monza,Italy,1,8,raikkonen,6,RAI,ferrari,1,2,53,83515.0,4623189.0,1.0,23862.0,23862.0,164.0,3,390.0,2,1,79119.0,162.0,5.793,307.029,0,1063.0,3205.0
2018,1002,14,monza,Italy,1,20,vettel,6,VET,ferrari,2,4,53,82505.0,4630635.0,2.0,56520.0,28260.0,226.0,2,390.0,2,2,79280.0,162.0,5.793,307.029,0,1543.0,3348.0
2018,1002,14,monza,Italy,2,154,grosjean,210,GRO,haas,6,0,53,,4670804.0,1.0,24779.0,24779.0,27.0,14,76.0,5,6,80936.0,162.0,5.793,307.029,0,119.0,629.0
2018,1002,14,monza,Italy,11,807,hulkenberg,4,HUL,renault,20,13,52,84772.0,,2.0,49690.0,24845.0,52.0,7,86.0,4,14,,162.0,5.793,301.236,0,398.0,776.0
2018,1002,14,monza,Italy,1,815,perez,10,PER,force_india,14,7,53,84179.0,4673162.0,1.0,25655.0,25655.0,46.0,9,32.0,7,16,,162.0,5.793,307.029,0,261.0,444.0
2018,1002,14,monza,Italy,5,817,ricciardo,9,RIC,red_bull,19,0,23,85692.0,,1.0,24805.0,24805.0,118.0,6,248.0,3,15,,162.0,5.793,133.239,0,961.0,2179.0
2018,1002,14,monza,Italy,1,822,bottas,131,BOT,mercedes,4,3,53,82907.0,4628550.0,1.0,23763.0,23763.0,159.0,4,415.0,1,4,79656.0,162.0,5.793,307.029,0,1057.0,3424.0
2018,1002,14,monza,Italy,11,825,kevin_magnussen,210,MAG,haas,11,16,52,83768.0,,1.0,38563.0,38563.0,49.0,8,76.0,5,11,,162.0,5.793,301.236,0,342.0,656.0
2018,1002,14,monza,Italy,11,828,ericsson,15,ERI,sauber,18,15,52,84767.0,,2.0,55567.0,27783.5,6.0,18,19.0,9,19,,162.0,5.793,301.236,0,36.0,177.0
2018,1002,14,monza,Italy,1,830,max_verstappen,9,VER,red_bull,5,5,53,83609.0,4632692.0,1.0,24003.0,24003.0,130.0,5,248.0,3,5,80615.0,162.0,5.793,307.029,0,832.0,2238.0
2018,1002,14,monza,Italy,1,832,sainz,4,SAI,renault,7,8,53,83529.0,4692624.0,1.0,25774.0,25774.0,34.0,12,86.0,4,7,81041.0,162.0,5.793,307.029,0,269.0,800.0
2018,1002,14,monza,Italy,11,838,vandoorne,1,VAN,mclaren,17,12,52,84504.0,,1.0,24094.0,24094.0,8.0,16,52.0,6,20,,162.0,5.793,301.236,0,80.0,504.0
2018,1002,14,monza,Italy,1,839,ocon,10,OCO,force_india,8,6,53,84243.0,4672245.0,1.0,24827.0,24827.0,45.0,10,32.0,7,8,81099.0,162.0,5.793,307.029,0,216.0,434.0
2018,1002,14,monza,Italy,11,840,stroll,3,STR,williams,10,9,52,84056.0,,1.0,26440.0,26440.0,6.0,17,7.0,10,10,81627.0,162.0,5.793,301.236,0,42.0,43.0
2018,1002,14,monza,Italy,11,842,gasly,5,GAS,toro_rosso,9,14,52,84059.0,,1.0,27792.0,27792.0,28.0,13,30.0,8,9,81350.0,162.0,5.793,301.236,0,202.0,243.0
2018,1002,14,monza,Italy,23,843,brendon_hartley,5,HAR,toro_rosso,16,0,0,87009.0,,0.0,0.0,0.0,2.0,19,30.0,8,18,,162.0,5.793,0.0,0,14.0,254.0
2018,1002,14,monza,Italy,11,844,leclerc,15,LEC,sauber,15,11,52,83768.0,,1.0,24084.0,24084.0,13.0,15,19.0,9,17,,162.0,5.793,301.236,0,117.0,180.0
2018,1002,14,monza,Italy,11,845,sirotkin,3,SIR,williams,12,10,52,84580.0,,1.0,25245.0,25245.0,1.0,20,7.0,10,12,,162.0,5.793,301.236,0,1.0,46.0
2018,1003,15,marina_bay,Singapore,1,1,hamilton,131,HAM,mercedes,1,1,61,102913.0,6671611.0,1.0,28946.0,28946.0,281.0,1,452.0,1,1,96015.0,18.0,5.063,308.84299999999996,1,1852.0,3609.0
2018,1003,15,marina_bay,Singapore,1,4,alonso,1,ALO,mclaren,11,7,61,103164.0,6774612.0,1.0,29922.0,29922.0,50.0,8,58.0,6,11,,18.0,5.063,308.84299999999996,1,394.0,514.0
2018,1003,15,marina_bay,Singapore,1,8,raikkonen,6,RAI,ferrari,5,5,61,104715.0,6724612.0,1.0,29513.0,29513.0,174.0,3,415.0,2,5,96794.0,18.0,5.063,308.84299999999996,1,1189.0,3476.0
2018,1003,15,marina_bay,Singapore,1,20,vettel,6,VET,ferrari,3,3,61,104669.0,6711595.0,1.0,28722.0,28722.0,241.0,2,415.0,2,3,96628.0,18.0,5.063,308.84299999999996,1,1706.0,3604.0
2018,1003,15,marina_bay,Singapore,11,154,grosjean,210,GRO,haas,8,15,60,105904.0,,1.0,29517.0,29517.0,27.0,14,76.0,5,8,98320.0,18.0,5.063,303.78,1,146.0,681.0
2018,1003,15,marina_bay,Singapore,11,807,hulkenberg,4,HUL,renault,10,10,60,106093.0,,1.0,31183.0,31183.0,53.0,7,91.0,4,10,98588.0,18.0,5.063,303.78,1,429.0,821.0
2018,1003,15,marina_bay,Singapore,11,815,perez,10,PER,force_india,7,16,60,105389.0,,3.0,84879.0,28293.0,46.0,10,32.0,7,7,97985.0,18.0,5.063,303.78,1,290.0,417.0
2018,1003,15,marina_bay,Singapore,1,817,ricciardo,9,RIC,red_bull,6,6,61,103120.0,6725593.0,1.0,28779.0,28779.0,126.0,6,274.0,3,6,96996.0,18.0,5.063,308.84299999999996,1,1040.0,2313.0
2018,1003,15,marina_bay,Singapore,1,822,bottas,131,BOT,mercedes,4,4,61,104720.0,6723541.0,1.0,28542.0,28542.0,171.0,4,452.0,1,4,96702.0,18.0,5.063,308.84299999999996,1,1170.0,3794.0
2018,1003,15,marina_bay,Singapore,12,825,kevin_magnussen,210,MAG,haas,16,18,59,101905.0,,3.0,89443.0,29814.333333333332,49.0,9,76.0,5,16,,18.0,5.063,298.717,1,372.0,706.0
2018,1003,15,marina_bay,Singapore,11,828,ericsson,15,ERI,sauber,14,11,60,105169.0,,1.0,28860.0,28860.0,6.0,18,21.0,9,14,,18.0,5.063,303.78,1,40.0,185.0
2018,1003,15,marina_bay,Singapore,1,830,max_verstappen,9,VER,red_bull,2,2,61,103345.0,6680572.0,1.0,29681.0,29681.0,148.0,5,274.0,3,2,96334.0,18.0,5.063,308.84299999999996,1,947.0,2388.0
2018,1003,15,marina_bay,Singapore,11,832,sainz,4,SAI,renault,12,8,60,105211.0,,1.0,30242.0,30242.0,38.0,12,91.0,4,12,,18.0,5.063,303.78,1,288.0,842.0
2018,1003,15,marina_bay,Singapore,11,838,vandoorne,1,VAN,mclaren,18,12,60,105555.0,,1.0,30234.0,30234.0,8.0,16,58.0,6,18,,18.0,5.063,303.78,1,80.0,524.0
2018,1003,15,marina_bay,Singapore,4,839,ocon,10,OCO,force_india,9,0,0,,,0.0,0.0,0.0,45.0,11,32.0,7,9,98365.0,18.0,5.063,0.0,1,260.0,400.0
2018,1003,15,marina_bay,Singapore,11,840,stroll,3,STR,williams,20,14,60,106033.0,,1.0,28767.0,28767.0,6.0,17,7.0,10,20,,18.0,5.063,303.78,1,44.0,49.0
2018,1003,15,marina_bay,Singapore,11,842,gasly,5,GAS,toro_rosso,15,13,60,106063.0,,1.0,28931.0,28931.0,28.0,13,30.0,8,15,,18.0,5.063,303.78,1,218.0,265.0
2018,1003,15,marina_bay,Singapore,11,843,brendon_hartley,5,HAR,toro_rosso,17,17,60,104889.0,,2.0,59376.0,29688.0,2.0,19,30.0,8,17,,18.0,5.063,303.78,1,15.0,276.0
2018,1003,15,marina_bay,Singapore,11,844,leclerc,15,LEC,sauber,13,9,60,105203.0,,1.0,29310.0,29310.0,15.0,15,21.0,9,13,,18.0,5.063,303.78,1,123.0,190.0
2018,1003,15,marina_bay,Singapore,12,845,sirotkin,3,SIR,williams,19,19,59,105902.0,,2.0,64499.0,32249.5,1.0,20,7.0,10,19,,18.0,5.063,298.717,1,2.0,52.0
2018,1004,71,sochi,Russia,1,1,hamilton,131,HAM,mercedes,2,1,53,95916.0,5245181.0,1.0,29551.0,29551.0,306.0,1,495.0,1,2,91532.0,2.0,5.848,309.944,0,2048.0,3979.0
2018,1004,71,sochi,Russia,11,4,alonso,1,ALO,mclaren,16,14,52,99590.0,,1.0,30348.0,30348.0,50.0,9,58.0,6,17,,2.0,5.848,304.096,0,412.0,534.0
2018,1004,71,sochi,Russia,1,8,raikkonen,6,RAI,ferrari,4,4,53,96611.0,5261724.0,1.0,29531.0,29531.0,186.0,4,442.0,2,4,92237.0,2.0,5.848,309.944,0,1315.0,3744.0
2018,1004,71,sochi,Russia,1,20,vettel,6,VET,ferrari,3,3,53,95990.0,5252668.0,1.0,29798.0,29798.0,256.0,2,442.0,2,3,91943.0,2.0,5.848,309.944,0,1866.0,3884.0
2018,1004,71,sochi,Russia,11,154,grosjean,210,GRO,haas,9,11,52,98244.0,,1.0,30469.0,30469.0,27.0,14,80.0,5,9,93704.0,2.0,5.848,304.096,0,173.0,727.0
2018,1004,71,sochi,Russia,11,807,hulkenberg,4,HUL,renault,12,12,52,99108.0,,1.0,30625.0,30625.0,53.0,8,91.0,4,15,,2.0,5.848,304.096,0,456.0,853.0
2018,1004,71,sochi,Russia,11,815,perez,10,PER,force_india,8,10,52,98300.0,,1.0,29924.0,29924.0,47.0,10,35.0,7,8,93563.0,2.0,5.848,304.096,0,320.0,376.0
2018,1004,71,sochi,Russia,1,817,ricciardo,9,RIC,red_bull,18,6,53,96345.0,5325632.0,1.0,37446.0,37446.0,134.0,6,292.0,3,12,,2.0,5.848,309.944,0,1102.0,2469.0
2018,1004,71,sochi,Russia,1,822,bottas,131,BOT,mercedes,1,2,53,95861.0,5247726.0,1.0,29794.0,29794.0,189.0,3,495.0,1,1,91387.0,2.0,5.848,309.944,0,1291.0,4164.0
2018,1004,71,sochi,Russia,11,825,kevin_magnussen,210,MAG,haas,5,8,52,98015.0,,1.0,29904.0,29904.0,53.0,7,80.0,5,5,93181.0,2.0,5.848,304.096,0,406.0,748.0
2018,1004,71,sochi,Russia,11,828,ericsson,15,ERI,sauber,10,13,52,97931.0,,2.0,60197.0,30098.5,6.0,18,27.0,9,10,95196.0,2.0,5.848,304.096,0,44.0,199.0
2018,1004,71,sochi,Russia,1,830,max_verstappen,9,VER,red_bull,19,5,53,96283.0,5276197.0,1.0,29370.0,29370.0,158.0,5,292.0,3,11,,2.0,5.848,309.944,0,1070.0,2550.0
2018,1004,71,sochi,Russia,12,832,sainz,4,SAI,renault,11,17,51,99731.0,,1.0,30021.0,30021.0,38.0,12,91.0,4,14,,2.0,5.848,298.248,0,306.0,864.0
2018,1004,71,sochi,Russia,12,838,vandoorne,1,VAN,mclaren,15,16,51,99922.0,,1.0,29636.0,29636.0,8.0,16,58.0,6,19,,2.0,5.848,298.248,0,80.0,544.0
2018,1004,71,sochi,Russia,11,839,ocon,10,OCO,force_india,6,9,52,98366.0,,1.0,30642.0,30642.0,47.0,11,35.0,7,6,93413.0,2.0,5.848,304.096,0,298.0,352.0
2018,1004,71,sochi,Russia,11,840,stroll,3,STR,williams,14,15,52,99435.0,,1.0,29266.0,29266.0,6.0,17,7.0,10,20,,2.0,5.848,304.096,0,46.0,55.0
2018,1004,71,sochi,Russia,23,842,gasly,5,GAS,toro_rosso,17,0,4,104071.0,,0.0,0.0,0.0,28.0,13,30.0,8,13,,2.0,5.848,23.392,0,228.0,286.0
2018,1004,71,sochi,Russia,23,843,brendon_hartley,5,HAR,toro_rosso,20,0,4,105852.0,,1.0,29418.0,29418.0,2.0,19,30.0,8,16,,2.0,5.848,23.392,0,16.0,296.0
2018,1004,71,sochi,Russia,1,844,leclerc,15,LEC,sauber,7,7,53,98107.0,5343571.0,1.0,30397.0,30397.0,21.0,15,27.0,9,7,93419.0,2.0,5.848,309.944,0,135.0,208.0
2018,1004,71,sochi,Russia,12,845,sirotkin,3,SIR,williams,13,18,51,99838.0,,1.0,29912.0,29912.0,1.0,20,7.0,10,18,,2.0,5.848,298.248,0,3.0,58.0
2018,1005,22,suzuka,Japan,1,1,hamilton,131,HAM,mercedes,1,1,53,92785.0,5237062.0,1.0,22614.0,22614.0,331.0,1,538.0,1,1,87760.0,45.0,5.807,307.771,0,2259.0,4357.0
2018,1005,22,suzuka,Japan,11,4,alonso,1,ALO,mclaren,18,14,52,93943.0,,1.0,27454.0,27454.0,50.0,10,58.0,6,18,,45.0,5.807,301.964,0,430.0,550.0
2018,1005,22,suzuka,Japan,1,8,raikkonen,6,RAI,ferrari,4,5,53,94223.0,5288060.0,1.0,22781.0,22781.0,196.0,4,460.0,2,4,89521.0,45.0,5.807,307.771,0,1443.0,4009.0
2018,1005,22,suzuka,Japan,1,20,vettel,6,VET,ferrari,8,6,53,92318.0,5306935.0,1.0,22748.0,22748.0,264.0,2,460.0,2,9,92192.0,45.0,5.807,307.771,0,2009.0,4134.0
2018,1005,22,suzuka,Japan,1,154,grosjean,210,GRO,haas,5,8,53,94786.0,5324260.0,1.0,23692.0,23692.0,31.0,13,84.0,5,5,89761.0,45.0,5.807,307.771,0,204.0,766.0
2018,1005,22,suzuka,Japan,5,807,hulkenberg,4,HUL,renault,16,0,37,94934.0,,1.0,23555.0,23555.0,53.0,9,92.0,4,16,,45.0,5.807,214.859,0,477.0,874.0
2018,1005,22,suzuka,Japan,1,815,perez,10,PER,force_india,9,7,53,94073.0,5316441.0,1.0,23635.0,23635.0,53.0,7,43.0,7,10,97229.0,45.0,5.807,307.771,0,356.0,336.0
2018,1005,22,suzuka,Japan,1,817,ricciardo,9,RIC,red_bull,15,4,53,93187.0,5256557.0,1.0,22864.0,22864.0,146.0,6,319.0,3,15,,45.0,5.807,307.771,0,1164.0,2646.0
2018,1005,22,suzuka,Japan,1,822,bottas,131,BOT,mercedes,2,2,53,93110.0,5249981.0,1.0,22777.0,22777.0,207.0,3,538.0,1,2,88059.0,45.0,5.807,307.771,0,1412.0,4550.0
2018,1005,22,suzuka,Japan,130,825,kevin_magnussen,210,MAG,haas,12,0,8,99908.0,,1.0,29007.0,29007.0,53.0,8,84.0,5,12,,45.0,5.807,46.456,0,440.0,784.0
2018,1005,22,suzuka,Japan,11,828,ericsson,15,ERI,sauber,20,12,52,96294.0,,1.0,23244.0,23244.0,6.0,18,27.0,9,20,,45.0,5.807,301.964,0,48.0,217.0
2018,1005,22,suzuka,Japan,1,830,max_verstappen,9,VER,red_bull,3,3,53,93367.0,5251357.0,1.0,28789.0,28789.0,173.0,5,319.0,3,3,89057.0,45.0,5.807,307.771,0,1193.0,2742.0
2018,1005,22,suzuka,Japan,11,832,sainz,4,SAI,renault,13,10,52,94197.0,,1.0,23477.0,23477.0,39.0,12,92.0,4,13,,45.0,5.807,301.964,0,321.0,884.0
2018,1005,22,suzuka,Japan,11,838,vandoorne,1,VAN,mclaren,19,15,52,95023.0,,1.0,23159.0,23159.0,8.0,16,58.0,6,19,,45.0,5.807,301.964,0,80.0,556.0
2018,1005,22,suzuka,Japan,1,839,ocon,10,OCO,force_india,11,9,53,94670.0,5325117.0,1.0,23316.0,23316.0,49.0,11,43.0,7,8,90126.0,45.0,5.807,307.771,0,336.0,320.0
2018,1005,22,suzuka,Japan,11,840,stroll,3,STR,williams,14,17,52,93354.0,,2.0,53461.0,26730.5,6.0,17,7.0,10,14,,45.0,5.807,301.964,0,48.0,61.0
2018,1005,22,suzuka,Japan,11,842,gasly,5,GAS,toro_rosso,7,11,52,94133.0,,1.0,23376.0,23376.0,28.0,14,30.0,8,7,90093.0,45.0,5.807,301.964,0,238.0,298.0
2018,1005,22,suzuka,Japan,11,843,brendon_hartley,5,HAR,toro_rosso,6,13,52,94857.0,,1.0,23110.0,23110.0,2.0,19,30.0,8,6,90023.0,45.0,5.807,301.964,0,17.0,300.0
2018,1005,22,suzuka,Japan,26,844,leclerc,15,LEC,sauber,10,0,38,94515.0,,2.0,65563.0,32781.5,21.0,15,27.0,9,11,,45.0,5.807,220.66600000000003,0,146.0,226.0
2018,1005,22,suzuka,Japan,11,845,sirotkin,3,SIR,williams,17,16,52,93985.0,,2.0,47307.0,23653.5,1.0,20,7.0,10,17,,45.0,5.807,301.964,0,4.0,64.0
2018,1006,69,americas,USA,1,1,hamilton,131,HAM,mercedes,1,3,56,97392.0,5660985.0,2.0,47608.0,23804.0,346.0,1,563.0,1,1,92237.0,161.0,5.513,308.728,0,2460.0,4738.0
2018,1006,69,americas,USA,4,4,alonso,1,ALO,mclaren,13,0,1,100933.0,,0.0,0.0,0.0,50.0,10,58.0,6,16,,161.0,5.513,5.513,0,448.0,562.0
2018,1006,69,americas,USA,1,8,raikkonen,6,RAI,ferrari,2,1,56,98482.0,5658643.0,1.0,23714.0,23714.0,221.0,3,497.0,2,3,92307.0,161.0,5.513,308.728,0,1581.0,4271.0
2018,1006,69,americas,USA,1,20,vettel,6,VET,ferrari,5,4,56,98280.0,5676865.0,1.0,24449.0,24449.0,276.0,2,497.0,2,2,92298.0,161.0,5.513,308.728,0,2154.0,4408.0
2018,1006,69,americas,USA,130,154,grosjean,210,GRO,haas,8,0,2,101982.0,,1.0,35104.0,35104.0,31.0,13,84.0,5,8,94250.0,161.0,5.513,11.026,0,235.0,792.0
2018,1006,69,americas,USA,1,807,hulkenberg,4,HUL,renault,7,6,56,99548.0,5745853.0,1.0,24681.0,24681.0,61.0,7,106.0,4,7,94215.0,161.0,5.513,308.728,0,504.0,908.0
2018,1006,69,americas,USA,1,815,perez,10,PER,force_india,10,8,56,99992.0,5759723.0,1.0,25723.0,25723.0,57.0,8,47.0,7,10,94594.0,161.0,5.513,308.728,0,396.0,349.0
2018,1006,69,americas,USA,84,817,ricciardo,9,RIC,red_bull,4,0,8,100433.0,,0.0,0.0,0.0,146.0,6,337.0,3,5,93494.0,161.0,5.513,44.104,0,1214.0,2841.0
2018,1006,69,americas,USA,1,822,bottas,131,BOT,mercedes,3,5,56,98470.0,5683387.0,1.0,23478.0,23478.0,217.0,4,563.0,1,4,92616.0,161.0,5.513,308.728,0,1537.0,4926.0
2018,1006,69,americas,USA,2,825,kevin_magnussen,210,MAG,haas,12,0,56,,,1.0,23723.0,23723.0,53.0,9,84.0,5,12,,161.0,5.513,308.728,0,466.0,800.0
2018,1006,69,americas,USA,11,828,ericsson,15,ERI,sauber,16,10,55,99569.0,,1.0,23940.0,23940.0,7.0,17,28.0,9,19,,161.0,5.513,303.215,0,53.0,235.0
2018,1006,69,americas,USA,1,830,max_verstappen,9,VER,red_bull,18,2,56,98246.0,5659924.0,1.0,23446.0,23446.0,191.0,5,337.0,3,15,,161.0,5.513,308.728,0,1316.0,2940.0
2018,1006,69,americas,USA,1,832,sainz,4,SAI,renault,11,7,56,99858.0,5753637.0,1.0,29319.0,29319.0,45.0,12,106.0,4,11,,161.0,5.513,308.728,0,338.0,932.0
2018,1006,69,americas,USA,11,838,vandoorne,1,VAN,mclaren,17,11,55,99915.0,,2.0,48260.0,24130.0,8.0,16,58.0,6,20,,161.0,5.513,303.215,0,80.0,568.0
2018,1006,69,americas,USA,2,839,ocon,10,OCO,force_india,6,0,56,,,1.0,24534.0,24534.0,49.0,11,47.0,7,6,94145.0,161.0,5.513,308.728,0,374.0,378.0
2018,1006,69,americas,USA,12,840,stroll,3,STR,williams,15,14,54,99646.0,,3.0,83954.0,27984.666666666668,6.0,18,7.0,10,18,,161.0,5.513,297.702,0,50.0,67.0
2018,1006,69,americas,USA,11,842,gasly,5,GAS,toro_rosso,19,12,55,100098.0,,2.0,48084.0,24042.0,28.0,14,32.0,8,13,,161.0,5.513,303.215,0,248.0,302.0
2018,1006,69,americas,USA,11,843,brendon_hartley,5,HAR,toro_rosso,20,9,55,98963.0,,1.0,23819.0,23819.0,4.0,19,32.0,8,14,,161.0,5.513,303.215,0,20.0,304.0
2018,1006,69,americas,USA,130,844,leclerc,15,LEC,sauber,9,0,31,100522.0,,1.0,34812.0,34812.0,21.0,15,28.0,9,9,94420.0,161.0,5.513,170.903,0,156.0,244.0
2018,1006,69,americas,USA,11,845,sirotkin,3,SIR,williams,14,13,55,99240.0,,2.0,47401.0,23700.5,1.0,20,7.0,10,17,,161.0,5.513,303.215,0,5.0,70.0
2018,1007,32,rodriguez,Mexico,1,1,hamilton,131,HAM,mercedes,3,4,71,80728.0,5987589.0,2.0,44668.0,22334.0,358.0,1,585.0,1,3,74894.0,2227.0,4.304,305.584,0,2673.0,5096.0
2018,1007,32,rodriguez,Mexico,5,4,alonso,1,ALO,mclaren,12,0,3,84197.0,,0.0,0.0,0.0,50.0,10,62.0,6,12,,2227.0,4.304,12.912,0,462.0,578.0
2018,1007,32,rodriguez,Mexico,1,8,raikkonen,6,RAI,ferrari,6,3,71,80334.0,5958765.0,1.0,22017.0,22017.0,236.0,3,530.0,2,6,75330.0,2227.0,4.304,305.584,0,1716.0,4548.0
2018,1007,32,rodriguez,Mexico,1,20,vettel,6,VET,ferrari,4,2,71,79522.0,5926167.0,2.0,44435.0,22217.5,294.0,2,530.0,2,4,74970.0,2227.0,4.304,305.584,0,2302.0,4688.0
2018,1007,32,rodriguez,Mexico,13,154,grosjean,210,GRO,haas,18,16,68,81370.0,,2.0,46159.0,23079.5,31.0,13,84.0,5,16,,2227.0,4.304,292.672,0,254.0,808.0
2018,1007,32,rodriguez,Mexico,12,807,hulkenberg,4,HUL,renault,7,6,69,80637.0,,1.0,23037.0,23037.0,69.0,7,114.0,4,7,75827.0,2227.0,4.304,296.976,0,539.0,960.0
2018,1007,32,rodriguez,Mexico,23,815,perez,10,PER,force_india,13,0,38,83545.0,,1.0,23755.0,23755.0,57.0,8,47.0,7,13,,2227.0,4.304,163.55200000000002,0,430.0,393.0
2018,1007,32,rodriguez,Mexico,5,817,ricciardo,9,RIC,red_bull,1,0,61,79462.0,,1.0,22022.0,22022.0,146.0,6,362.0,3,1,74759.0,2227.0,4.304,262.54400000000004,0,1264.0,3054.0
2018,1007,32,rodriguez,Mexico,11,822,bottas,131,BOT,mercedes,5,5,70,78741.0,,3.0,68504.0,22834.666666666668,227.0,4,585.0,1,5,75160.0,2227.0,4.304,301.28000000000003,0,1672.0,5266.0
2018,1007,32,rodriguez,Mexico,12,825,kevin_magnussen,210,MAG,haas,16,15,69,81874.0,,1.0,22390.0,22390.0,53.0,9,84.0,5,18,,2227.0,4.304,296.976,0,482.0,816.0
2018,1007,32,rodriguez,Mexico,12,828,ericsson,15,ERI,sauber,10,9,69,82440.0,,1.0,31406.0,31406.0,9.0,17,36.0,8,10,76513.0,2227.0,4.304,296.976,0,59.0,261.0
2018,1007,32,rodriguez,Mexico,1,830,max_verstappen,9,VER,red_bull,2,1,71,79186.0,5908851.0,2.0,44263.0,22131.5,216.0,5,362.0,3,2,74785.0,2227.0,4.304,305.584,0,1439.0,3168.0
2018,1007,32,rodriguez,Mexico,22,832,sainz,4,SAI,renault,8,0,28,82386.0,,1.0,22660.0,22660.0,45.0,12,114.0,4,8,76084.0,2227.0,4.304,120.512,0,355.0,988.0
2018,1007,32,rodriguez,Mexico,12,838,vandoorne,1,VAN,mclaren,15,8,69,81921.0,,1.0,22174.0,22174.0,12.0,16,62.0,6,17,,2227.0,4.304,296.976,0,84.0,588.0
2018,1007,32,rodriguez,Mexico,12,839,ocon,10,OCO,force_india,11,11,69,82629.0,,2.0,50562.0,25281.0,49.0,11,47.0,7,11,,2227.0,4.304,296.976,0,404.0,408.0
2018,1007,32,rodriguez,Mexico,12,840,stroll,3,STR,williams,17,12,69,82983.0,,2.0,47822.0,23911.0,6.0,18,7.0,10,19,,2227.0,4.304,296.976,0,52.0,70.0
2018,1007,32,rodriguez,Mexico,12,842,gasly,5,GAS,toro_rosso,20,10,69,82755.0,,2.0,45625.0,22812.5,29.0,14,33.0,9,15,,2227.0,4.304,296.976,0,259.0,307.0
2018,1007,32,rodriguez,Mexico,12,843,brendon_hartley,5,HAR,toro_rosso,14,14,69,82438.0,,2.0,45608.0,22804.0,4.0,19,33.0,9,14,,2227.0,4.304,296.976,0,23.0,310.0
2018,1007,32,rodriguez,Mexico,12,844,leclerc,15,LEC,sauber,9,7,69,80537.0,,1.0,22588.0,22588.0,27.0,15,36.0,8,9,76189.0,2227.0,4.304,296.976,0,170.0,278.0
2018,1007,32,rodriguez,Mexico,12,845,sirotkin,3,SIR,williams,19,13,69,82640.0,,1.0,22732.0,22732.0,1.0,20,7.0,10,20,,2227.0,4.304,296.976,0,6.0,70.0
2018,1008,18,interlagos,Brazil,1,1,hamilton,131,HAM,mercedes,1,1,71,71795.0,5229066.0,1.0,22641.0,22641.0,383.0,1,620.0,1,1,67281.0,785.0,4.309,305.939,0,2893.0,5434.0
2018,1008,18,interlagos,Brazil,12,4,alonso,1,ALO,mclaren,17,17,69,72643.0,,2.0,56799.0,28399.5,50.0,10,62.0,6,18,,785.0,4.309,297.321,0,472.0,592.0
2018,1008,18,interlagos,Brazil,1,8,raikkonen,6,RAI,ferrari,4,3,71,71769.0,5233830.0,1.0,22766.0,22766.0,251.0,3,553.0,2,4,67456.0,785.0,4.309,305.939,0,1851.0,4826.0
2018,1008,18,interlagos,Brazil,1,20,vettel,6,VET,ferrari,2,6,71,70831.0,5256063.0,2.0,45234.0,22617.0,302.0,2,553.0,2,2,67374.0,785.0,4.309,305.939,0,2433.0,4964.0
2018,1008,18,interlagos,Brazil,1,154,grosjean,210,GRO,haas,8,8,71,72362.0,5280296.0,1.0,23403.0,23403.0,35.0,13,90.0,5,9,68517.0,785.0,4.309,305.939,0,277.0,830.0
2018,1008,18,interlagos,Brazil,25,807,hulkenberg,4,HUL,renault,13,0,32,74029.0,,0.0,0.0,0.0,69.0,7,114.0,4,14,,785.0,4.309,137.888,0,566.0,1011.0
2018,1008,18,interlagos,Brazil,11,815,perez,10,PER,force_india,12,10,70,72472.0,,1.0,23505.0,23505.0,58.0,8,48.0,7,12,,785.0,4.309,301.63,0,464.0,424.0
2018,1008,18,interlagos,Brazil,1,817,ricciardo,9,RIC,red_bull,11,4,71,71343.0,5234259.0,1.0,23300.0,23300.0,158.0,6,392.0,3,6,67780.0,785.0,4.309,305.939,0,1316.0,3286.0
2018,1008,18,interlagos,Brazil,1,822,bottas,131,BOT,mercedes,3,5,71,70540.0,5252009.0,2.0,45682.0,22841.0,237.0,4,620.0,1,3,67441.0,785.0,4.309,305.939,0,1805.0,5602.0
2018,1008,18,interlagos,Brazil,1,825,kevin_magnussen,210,MAG,haas,10,9,71,72206.0,5281923.0,1.0,23115.0,23115.0,55.0,9,90.0,5,11,,785.0,4.309,305.939,0,498.0,844.0
2018,1008,18,interlagos,Brazil,4,828,ericsson,15,ERI,sauber,6,0,20,75281.0,,1.0,23377.0,23377.0,9.0,17,42.0,8,7,68296.0,785.0,4.309,86.18,0,65.0,299.0
2018,1008,18,interlagos,Brazil,1,830,max_verstappen,9,VER,red_bull,5,2,71,71578.0,5230535.0,1.0,23432.0,23432.0,234.0,5,392.0,3,5,67778.0,785.0,4.309,305.939,0,1580.0,3404.0
2018,1008,18,interlagos,Brazil,11,832,sainz,4,SAI,renault,15,12,70,72169.0,,2.0,47709.0,23854.5,45.0,12,114.0,4,16,,785.0,4.309,301.63,0,372.0,1034.0
2018,1008,18,interlagos,Brazil,11,838,vandoorne,1,VAN,mclaren,20,14,70,72968.0,,1.0,22618.0,22618.0,12.0,16,62.0,6,20,,785.0,4.309,301.63,0,88.0,596.0
2018,1008,18,interlagos,Brazil,11,839,ocon,10,OCO,force_india,18,15,70,72352.0,,2.0,58424.0,29212.0,49.0,11,48.0,7,13,,785.0,4.309,301.63,0,428.0,440.0
2018,1008,18,interlagos,Brazil,12,840,stroll,3,STR,williams,19,18,69,71751.0,,2.0,48891.0,24445.5,6.0,18,7.0,10,19,,785.0,4.309,297.321,0,54.0,70.0
2018,1008,18,interlagos,Brazil,11,842,gasly,5,GAS,toro_rosso,9,13,70,73822.0,,1.0,23757.0,23757.0,29.0,15,33.0,9,10,69029.0,785.0,4.309,301.63,0,270.0,313.0
2018,1008,18,interlagos,Brazil,11,843,brendon_hartley,5,HAR,toro_rosso,16,11,70,72949.0,,1.0,23422.0,23422.0,4.0,19,33.0,9,17,,785.0,4.309,301.63,0,26.0,316.0
2018,1008,18,interlagos,Brazil,1,844,leclerc,15,LEC,sauber,7,7,71,72082.0,5273265.0,1.0,23593.0,23593.0,33.0,14,42.0,8,8,68492.0,785.0,4.309,305.939,0,190.0,320.0
2018,1008,18,interlagos,Brazil,12,845,sirotkin,3,SIR,williams,14,16,69,74262.0,,1.0,23273.0,23273.0,1.0,20,7.0,10,15,,785.0,4.309,297.321,0,7.0,70.0
2018,1009,24,yas_marina,UAE,1,1,hamilton,131,HAM,mercedes,1,1,55,101357.0,5980382.0,1.0,21283.0,21283.0,408.0,1,655.0,1,1,94794.0,3.0,5.554,305.47,0,3113.0,5762.0
2018,1009,24,yas_marina,UAE,11,4,alonso,1,ALO,mclaren,15,11,54,102393.0,,1.0,21726.0,21726.0,50.0,11,62.0,6,15,,3.0,5.554,299.916,0,482.0,600.0
2018,1009,24,yas_marina,UAE,75,8,raikkonen,6,RAI,ferrari,4,0,6,105198.0,,0.0,0.0,0.0,251.0,3,571.0,2,4,95365.0,3.0,5.554,33.324,0,1971.0,5093.0
2018,1009,24,yas_marina,UAE,1,20,vettel,6,VET,ferrari,3,2,55,100867.0,5982963.0,1.0,22630.0,22630.0,320.0,2,571.0,2,3,95125.0,3.0,5.554,305.47,0,2582.0,5222.0
2018,1009,24,yas_marina,UAE,11,154,grosjean,210,GRO,haas,7,9,54,103195.0,,1.0,22354.0,22354.0,37.0,14,93.0,5,7,96192.0,3.0,5.554,299.916,0,294.0,857.0
2018,1009,24,yas_marina,UAE,4,807,hulkenberg,4,HUL,renault,10,0,0,,,0.0,0.0,0.0,69.0,7,122.0,4,10,96542.0,3.0,5.554,0.0,0,583.0,1065.0
2018,1009,24,yas_marina,UAE,1,815,perez,10,PER,force_india,14,8,55,102816.0,6071657.0,1.0,22112.0,22112.0,62.0,8,52.0,7,14,,3.0,5.554,305.47,0,496.0,457.0
2018,1009,24,yas_marina,UAE,1,817,ricciardo,9,RIC,red_bull,5,4,55,101249.0,5995761.0,1.0,21061.0,21061.0,170.0,6,419.0,3,5,95401.0,3.0,5.554,305.47,0,1380.0,3531.0
2018,1009,24,yas_marina,UAE,1,822,bottas,131,BOT,mercedes,2,5,55,100953.0,6028339.0,2.0,42889.0,21444.5,247.0,5,655.0,1,2,94956.0,3.0,5.554,305.47,0,1930.0,5922.0
2018,1009,24,yas_marina,UAE,11,825,kevin_magnussen,210,MAG,haas,13,10,54,102822.0,,1.0,21587.0,21587.0,56.0,9,93.0,5,13,,3.0,5.554,299.916,0,515.0,870.0
2018,1009,24,yas_marina,UAE,75,828,ericsson,15,ERI,sauber,12,0,24,106077.0,,0.0,0.0,0.0,9.0,17,48.0,8,12,,3.0,5.554,133.296,0,69.0,341.0
2018,1009,24,yas_marina,UAE,1,830,max_verstappen,9,VER,red_bull,6,3,55,101909.0,5993088.0,1.0,21057.0,21057.0,249.0,4,419.0,3,6,95589.0,3.0,5.554,305.47,0,1724.0,3658.0
2018,1009,24,yas_marina,UAE,1,832,sainz,4,SAI,renault,11,6,55,101351.0,6052930.0,1.0,21964.0,21964.0,53.0,10,122.0,4,11,,3.0,5.554,305.47,0,397.0,1096.0
2018,1009,24,yas_marina,UAE,11,838,vandoorne,1,VAN,mclaren,18,14,54,103249.0,,1.0,22317.0,22317.0,12.0,16,62.0,6,18,,3.0,5.554,299.916,0,92.0,604.0
2018,1009,24,yas_marina,UAE,5,839,ocon,10,OCO,force_india,9,0,44,103591.0,,1.0,21979.0,21979.0,49.0,12,52.0,7,9,96540.0,3.0,5.554,244.376,0,448.0,474.0
2018,1009,24,yas_marina,UAE,11,840,stroll,3,STR,williams,20,13,54,104033.0,,1.0,22189.0,22189.0,6.0,18,7.0,10,20,,3.0,5.554,299.916,0,56.0,70.0
2018,1009,24,yas_marina,UAE,5,842,gasly,5,GAS,toro_rosso,17,0,46,103988.0,,1.0,22493.0,22493.0,29.0,15,33.0,9,17,,3.0,5.554,255.484,0,281.0,319.0
2018,1009,24,yas_marina,UAE,11,843,brendon_hartley,5,HAR,toro_rosso,16,12,54,104174.0,,1.0,41012.0,41012.0,4.0,19,33.0,9,16,,3.0,5.554,299.916,0,28.0,322.0
2018,1009,24,yas_marina,UAE,1,844,leclerc,15,LEC,sauber,8,7,55,102876.0,6071171.0,1.0,21828.0,21828.0,39.0,13,48.0,8,8,96237.0,3.0,5.554,305.47,0,216.0,362.0
2018,1009,24,yas_marina,UAE,11,845,sirotkin,3,SIR,williams,19,15,54,103831.0,,1.0,22755.0,22755.0,1.0,20,7.0,10,19,,3.0,5.554,299.916,0,8.0,70.0
2019,1010,1,albert_park,Australia,1,1,hamilton,131,HAM,mercedes,1,2,58,86057.0,5148211.0,1.0,21515.0,21515.0,18.0,2,44.0,1,1,80486.0,10.0,5.303,307.574,0,2918.0,5428.0
2019,1010,1,albert_park,Australia,11,8,raikkonen,51,RAI,alfa,9,8,57,88270.0,,1.0,23299.0,23299.0,4.0,8,4.0,6,9,82314.0,10.0,5.303,302.271,0,1829.0,4.0
2019,1010,1,albert_park,Australia,13,9,kubica,3,KUB,williams,20,17,55,89284.0,,3.0,77229.0,25743.0,0.0,17,0.0,10,20,,10.0,5.303,291.665,0,1004.0,63.0
2019,1010,1,albert_park,Australia,1,20,vettel,6,VET,ferrari,3,4,58,87954.0,5184434.0,1.0,21995.0,21995.0,12.0,4,22.0,2,3,81190.0,10.0,5.303,307.574,0,2405.0,4784.0
2019,1010,1,albert_park,Australia,36,154,grosjean,210,GRO,haas,6,0,29,88462.0,,1.0,29981.0,29981.0,0.0,18,8.0,4,6,81826.0,10.0,5.303,153.787,0,273.0,794.0
2019,1010,1,albert_park,Australia,11,807,hulkenberg,4,HUL,renault,11,7,57,88444.0,,1.0,21588.0,21588.0,6.0,7,6.0,5,11,,10.0,5.303,302.271,0,537.0,1010.0
2019,1010,1,albert_park,Australia,11,815,perez,211,PER,racing_point,10,13,57,88485.0,,1.0,23234.0,23234.0,0.0,13,2.0,7,10,82781.0,10.0,5.303,302.271,0,466.0,2.0
2019,1010,1,albert_park,Australia,137,817,ricciardo,4,RIC,renault,12,0,28,89848.0,,1.0,33027.0,33027.0,0.0,19,6.0,5,12,,10.0,5.303,148.484,0,1262.0,924.0
2019,1010,1,albert_park,Australia,1,822,bottas,131,BOT,mercedes,2,1,58,85580.0,5127325.0,1.0,22014.0,22014.0,26.0,1,44.0,1,2,80598.0,10.0,5.303,307.574,0,1824.0,4934.0
2019,1010,1,albert_park,Australia,1,825,kevin_magnussen,210,MAG,haas,7,6,58,88182.0,5214481.0,1.0,22388.0,22388.0,8.0,6,8.0,4,7,82099.0,10.0,5.303,307.574,0,478.0,718.0
2019,1010,1,albert_park,Australia,11,826,kvyat,5,KVY,toro_rosso,15,10,57,87448.0,,1.0,22086.0,22086.0,1.0,10,1.0,8,15,,10.0,5.303,302.271,0,38.0,293.0
2019,1010,1,albert_park,Australia,1,830,max_verstappen,9,VER,red_bull,4,3,58,86256.0,5149845.0,1.0,21157.0,21157.0,15.0,3,15.0,3,4,81320.0,10.0,5.303,307.574,0,1634.0,3354.0
2019,1010,1,albert_park,Australia,5,832,sainz,1,SAI,mclaren,18,0,9,90899.0,,0.0,0.0,0.0,0.0,20,0.0,9,18,,10.0,5.303,47.727,0,367.0,546.0
2019,1010,1,albert_park,Australia,11,840,stroll,211,STR,racing_point,16,9,57,87568.0,,1.0,22471.0,22471.0,2.0,9,2.0,7,16,,10.0,5.303,302.271,0,54.0,4.0
2019,1010,1,albert_park,Australia,11,841,giovinazzi,51,GIO,alfa,14,15,57,88479.0,,1.0,27172.0,27172.0,0.0,15,4.0,6,14,,10.0,5.303,302.271,0,0.0,8.0
2019,1010,1,albert_park,Australia,11,842,gasly,9,GAS,red_bull,17,11,57,87229.0,,1.0,21269.0,21269.0,0.0,11,15.0,3,17,,10.0,5.303,302.271,0,255.0,3050.0
2019,1010,1,albert_park,Australia,1,844,leclerc,6,LEC,ferrari,5,5,58,86926.0,5185528.0,1.0,22306.0,22306.0,10.0,5,22.0,2,5,81442.0,10.0,5.303,307.574,0,213.0,4346.0
2019,1010,1,albert_park,Australia,11,846,norris,1,NOR,mclaren,8,12,57,88555.0,,1.0,21627.0,21627.0,0.0,12,0.0,9,8,82304.0,10.0,5.303,302.271,0,0.0,488.0
2019,1010,1,albert_park,Australia,12,847,russell,3,RUS,williams,19,16,56,88713.0,,2.0,43232.0,21616.0,0.0,16,0.0,10,19,,10.0,5.303,296.968,0,0.0,56.0
2019,1010,1,albert_park,Australia,11,848,albon,5,ALB,toro_rosso,13,14,57,88188.0,,1.0,21780.0,21780.0,0.0,14,1.0,8,13,,10.0,5.303,302.271,0,0.0,264.0
2019,1011,3,bahrain,Bahrain,1,1,hamilton,131,HAM,mercedes,3,1,57,93528.0,5661295.0,2.0,48579.0,24289.5,43.0,2,87.0,1,3,88190.0,7.0,5.412,308.484,0,2730.0,4458.0
2019,1011,3,bahrain,Bahrain,1,8,raikkonen,51,RAI,alfa,8,7,57,95589.0,5708765.0,2.0,51268.0,25634.0,10.0,6,10.0,4,9,89022.0,7.0,5.412,308.484,0,1693.0,18.0
2019,1011,3,bahrain,Bahrain,12,9,kubica,3,KUB,williams,20,16,55,97903.0,,2.0,48980.0,24490.0,0.0,17,0.0,10,20,,7.0,5.412,297.65999999999997,0,915.0,49.0
2019,1011,3,bahrain,Bahrain,1,20,vettel,6,VET,ferrari,2,5,57,94895.0,5697363.0,3.0,82633.0,27544.333333333332,22.0,5,48.0,2,2,88160.0,7.0,5.412,308.484,0,2213.0,3897.0
2019,1011,3,bahrain,Bahrain,31,154,grosjean,210,GRO,haas,11,0,16,97262.0,,1.0,32082.0,32082.0,0.0,19,8.0,6,8,89015.0,7.0,5.412,86.592,0,246.0,642.0
2019,1011,3,bahrain,Bahrain,5,807,hulkenberg,4,HUL,renault,17,0,53,95215.0,,2.0,50751.0,25375.5,6.0,9,6.0,7,17,,7.0,5.412,286.836,0,491.0,824.0
2019,1011,3,bahrain,Bahrain,1,815,perez,211,PER,racing_point,14,10,57,96330.0,5724991.0,2.0,53934.0,26967.0,1.0,14,3.0,9,14,,7.0,5.412,308.484,0,427.0,7.0
2019,1011,3,bahrain,Bahrain,60,817,ricciardo,4,RIC,renault,10,0,53,96697.0,,1.0,25676.0,25676.0,0.0,18,6.0,7,11,,7.0,5.412,286.836,0,1144.0,724.0
2019,1011,3,bahrain,Bahrain,1,822,bottas,131,BOT,mercedes,4,2,57,94209.0,5664275.0,2.0,49298.0,24649.0,44.0,1,87.0,1,4,88256.0,7.0,5.412,308.484,0,1724.0,3982.0
2019,1011,3,bahrain,Bahrain,11,825,kevin_magnussen,210,MAG,haas,6,13,56,95892.0,,2.0,50930.0,25465.0,8.0,8,8.0,6,6,88757.0,7.0,5.412,303.072,0,437.0,566.0
2019,1011,3,bahrain,Bahrain,11,826,kvyat,5,KVY,toro_rosso,15,12,56,94934.0,,2.0,57269.0,28634.5,1.0,13,3.0,8,15,,7.0,5.412,303.072,0,35.0,235.0
2019,1011,3,bahrain,Bahrain,1,830,max_verstappen,9,VER,red_bull,5,4,57,95311.0,5667703.0,2.0,50928.0,25464.0,27.0,3,31.0,3,5,88752.0,7.0,5.412,308.484,0,1541.0,2744.0
2019,1011,3,bahrain,Bahrain,130,832,sainz,1,SAI,mclaren,7,0,53,95586.0,,3.0,95562.0,31854.0,0.0,20,8.0,5,7,88813.0,7.0,5.412,286.836,0,337.0,438.0
2019,1011,3,bahrain,Bahrain,11,840,stroll,211,STR,racing_point,18,14,56,97037.0,,2.0,60938.0,30469.0,2.0,12,3.0,9,18,,7.0,5.412,303.072,0,52.0,10.0
2019,1011,3,bahrain,Bahrain,1,841,giovinazzi,51,GIO,alfa,16,11,57,95237.0,5725894.0,2.0,52605.0,26302.5,0.0,15,10.0,4,16,,7.0,5.412,308.484,0,0.0,28.0
2019,1011,3,bahrain,Bahrain,1,842,gasly,9,GAS,red_bull,13,8,57,95291.0,5719389.0,2.0,52041.0,26020.5,4.0,10,31.0,3,13,,7.0,5.412,308.484,0,231.0,2438.0
2019,1011,3,bahrain,Bahrain,1,844,leclerc,6,LEC,ferrari,1,3,57,93411.0,5667426.0,2.0,48876.0,24438.0,26.0,4,48.0,2,1,87866.0,7.0,5.412,308.484,0,226.0,3448.0
2019,1011,3,bahrain,Bahrain,1,846,norris,1,NOR,mclaren,9,6,57,95777.0,5707049.0,2.0,48892.0,24446.0,8.0,7,8.0,5,10,89043.0,7.0,5.412,308.484,0,8.0,388.0
2019,1011,3,bahrain,Bahrain,11,847,russell,3,RUS,williams,19,15,56,97313.0,,2.0,49545.0,24772.5,0.0,16,0.0,10,19,,7.0,5.412,303.072,0,0.0,42.0
2019,1011,3,bahrain,Bahrain,1,848,albon,5,ALB,toro_rosso,12,9,57,96752.0,5723992.0,2.0,50501.0,25250.5,2.0,11,3.0,8,12,,7.0,5.412,308.484,0,2.0,206.0
2019,1012,17,shanghai,China,1,1,hamilton,131,HAM,mercedes,2,1,56,95892.0,5526350.0,2.0,46241.0,23120.5,68.0,1,130.0,1,2,91570.0,5.0,5.451,305.256,0,2542.0,3527.0
2019,1012,17,shanghai,China,11,8,raikkonen,51,RAI,alfa,13,9,55,97812.0,,1.0,23888.0,23888.0,12.0,7,12.0,5,13,,5.0,5.451,299.805,0,1541.0,40.0
2019,1012,17,shanghai,China,12,9,kubica,3,KUB,williams,18,17,54,99772.0,,1.0,32627.0,32627.0,0.0,20,0.0,10,18,,5.0,5.451,294.354,0,826.0,35.0
2019,1012,17,shanghai,China,1,20,vettel,6,VET,ferrari,3,3,56,94836.0,5540124.0,2.0,45065.0,22532.5,37.0,4,73.0,2,3,91848.0,5.0,5.451,305.256,0,2024.0,2991.0
2019,1012,17,shanghai,China,11,154,grosjean,210,GRO,haas,10,11,55,96873.0,,2.0,46781.0,23390.5,0.0,17,8.0,6,10,,5.0,5.451,299.805,0,219.0,490.0
2019,1012,17,shanghai,China,131,807,hulkenberg,4,HUL,renault,8,0,16,99677.0,,1.0,24107.0,24107.0,6.0,10,12.0,4,8,92962.0,5.0,5.451,87.216,0,445.0,622.0
2019,1012,17,shanghai,China,11,815,perez,211,PER,racing_point,12,8,55,98702.0,,1.0,23733.0,23733.0,5.0,12,7.0,8,12,,5.0,5.451,299.805,0,386.0,17.0
2019,1012,17,shanghai,China,11,817,ricciardo,4,RIC,renault,7,7,55,98632.0,,1.0,23506.0,23506.0,6.0,11,12.0,4,7,92958.0,5.0,5.451,299.805,0,1032.0,520.0
2019,1012,17,shanghai,China,1,822,bottas,131,BOT,mercedes,1,2,56,94872.0,5532902.0,2.0,46279.0,23139.5,62.0,2,130.0,1,1,91547.0,5.0,5.451,305.256,0,1627.0,3072.0
2019,1012,17,shanghai,China,11,825,kevin_magnussen,210,MAG,haas,9,13,55,97471.0,,2.0,47347.0,23673.5,8.0,9,8.0,6,9,,5.0,5.451,299.805,0,396.0,414.0
2019,1012,17,shanghai,China,4,826,kvyat,5,KVY,toro_rosso,11,0,41,97975.0,,3.0,86513.0,28837.666666666668,1.0,15,4.0,9,11,,5.0,5.451,223.49099999999999,0,32.0,177.0
2019,1012,17,shanghai,China,1,830,max_verstappen,9,VER,red_bull,5,4,56,96143.0,5553977.0,2.0,45588.0,22794.0,39.0,3,52.0,3,5,92089.0,5.0,5.451,305.256,0,1450.0,2128.0
2019,1012,17,shanghai,China,11,832,sainz,1,SAI,mclaren,14,14,55,97502.0,,2.0,68410.0,34205.0,0.0,18,8.0,7,14,,5.0,5.451,299.805,0,303.0,334.0
2019,1012,17,shanghai,China,11,840,stroll,211,STR,racing_point,16,12,55,96678.0,,2.0,46981.0,23490.5,2.0,14,7.0,8,16,,5.0,5.451,299.805,0,48.0,24.0
2019,1012,17,shanghai,China,11,841,giovinazzi,51,GIO,alfa,19,15,55,98048.0,,2.0,50321.0,25160.5,0.0,16,12.0,5,0,,5.0,5.451,299.805,0,0.0,52.0
2019,1012,17,shanghai,China,1,842,gasly,9,GAS,red_bull,6,6,56,94742.0,5615657.0,3.0,67431.0,22477.0,13.0,6,52.0,3,6,92930.0,5.0,5.451,305.256,0,216.0,1818.0
2019,1012,17,shanghai,China,1,844,leclerc,6,LEC,ferrari,4,5,56,94860.0,5557626.0,2.0,47148.0,23574.0,36.0,5,73.0,2,4,91865.0,5.0,5.451,305.256,0,249.0,2534.0
2019,1012,17,shanghai,China,4,846,norris,1,NOR,mclaren,15,18,50,98346.0,,3.0,106900.0,35633.333333333336,8.0,8,8.0,7,15,,5.0,5.451,272.54999999999995,0,16.0,280.0
2019,1012,17,shanghai,China,12,847,russell,3,RUS,williams,17,16,54,97283.0,,2.0,48297.0,24148.5,0.0,19,0.0,10,17,,5.0,5.451,294.354,0,0.0,28.0
2019,1012,17,shanghai,China,11,848,albon,5,ALB,toro_rosso,0,10,55,98901.0,,1.0,23215.0,23215.0,3.0,13,4.0,9,0,,5.0,5.451,299.805,0,5.0,148.0
2019,1013,73,baku,Azerbaijan,1,1,hamilton,131,HAM,mercedes,2,2,51,104166.0,5514466.0,1.0,19993.0,19993.0,86.0,2,173.0,1,2,100554.0,-7.0,6.003,306.153,1,2347.0,2625.0
2019,1013,73,baku,Azerbaijan,11,8,raikkonen,51,RAI,alfa,0,10,50,106479.0,,1.0,21401.0,21401.0,13.0,8,13.0,6,19,,-7.0,6.003,300.15,1,1380.0,65.0
2019,1013,73,baku,Azerbaijan,12,9,kubica,3,KUB,williams,0,16,49,107709.0,,3.0,56809.0,18936.333333333332,0.0,20,0.0,10,18,,-7.0,6.003,294.147,1,722.0,21.0
2019,1013,73,baku,Azerbaijan,1,20,vettel,6,VET,ferrari,3,3,51,104629.0,5524681.0,1.0,19981.0,19981.0,52.0,3,99.0,2,3,100797.0,-7.0,6.003,306.153,1,1835.0,2080.0
2019,1013,73,baku,Azerbaijan,23,154,grosjean,210,GRO,haas,14,0,38,108517.0,,1.0,20906.0,20906.0,0.0,18,8.0,8,15,,-7.0,6.003,228.114,1,192.0,332.0
2019,1013,73,baku,Azerbaijan,11,807,hulkenberg,4,HUL,renault,15,14,50,107407.0,,2.0,42195.0,21097.5,6.0,11,12.0,7,16,,-7.0,6.003,300.15,1,398.0,418.0
2019,1013,73,baku,Azerbaijan,1,815,perez,211,PER,racing_point,5,6,51,105524.0,5589358.0,1.0,20939.0,20939.0,13.0,6,17.0,5,5,101593.0,-7.0,6.003,306.153,1,353.0,41.0
2019,1013,73,baku,Azerbaijan,4,817,ricciardo,4,RIC,renault,10,0,31,106767.0,,1.0,20884.0,20884.0,6.0,13,12.0,7,11,,-7.0,6.003,186.09300000000002,1,912.0,316.0
2019,1013,73,baku,Azerbaijan,1,822,bottas,131,BOT,mercedes,1,1,51,104024.0,5512942.0,1.0,20006.0,20006.0,87.0,1,173.0,1,1,100495.0,-7.0,6.003,306.153,1,1543.0,2178.0
2019,1013,73,baku,Azerbaijan,11,825,kevin_magnussen,210,MAG,haas,12,13,50,106682.0,,2.0,40977.0,20488.5,8.0,10,8.0,8,13,,-7.0,6.003,300.15,1,355.0,250.0
2019,1013,73,baku,Azerbaijan,4,826,kvyat,5,KVY,toro_rosso,6,0,33,107681.0,,1.0,21013.0,21013.0,1.0,16,4.0,9,6,101681.0,-7.0,6.003,198.099,1,29.0,119.0
2019,1013,73,baku,Azerbaijan,1,830,max_verstappen,9,VER,red_bull,4,4,51,104794.0,5530435.0,1.0,20973.0,20973.0,51.0,4,64.0,3,4,101069.0,-7.0,6.003,306.153,1,1353.0,1490.0
2019,1013,73,baku,Azerbaijan,1,832,sainz,1,SAI,mclaren,9,7,51,105807.0,5596768.0,1.0,19755.0,19755.0,6.0,12,18.0,4,10,,-7.0,6.003,306.153,1,271.0,236.0
2019,1013,73,baku,Azerbaijan,1,840,stroll,211,STR,racing_point,13,9,51,106009.0,5616758.0,1.0,23099.0,23099.0,4.0,14,17.0,5,14,,-7.0,6.003,306.153,1,46.0,58.0
2019,1013,73,baku,Azerbaijan,11,841,giovinazzi,51,GIO,alfa,17,12,50,105969.0,,1.0,20776.0,20776.0,0.0,17,13.0,6,8,102424.0,-7.0,6.003,300.15,1,0.0,78.0
2019,1013,73,baku,Azerbaijan,7,842,gasly,9,GAS,red_bull,0,0,38,105712.0,,0.0,0.0,0.0,13.0,7,64.0,3,20,,-7.0,6.003,228.114,1,201.0,1162.0
2019,1013,73,baku,Azerbaijan,1,844,leclerc,6,LEC,ferrari,8,5,51,103009.0,5582049.0,2.0,40239.0,20119.5,47.0,5,99.0,2,9,,-7.0,6.003,306.153,1,281.0,1626.0
2019,1013,73,baku,Azerbaijan,1,846,norris,1,NOR,mclaren,7,8,51,105394.0,5613210.0,2.0,41899.0,20949.5,12.0,9,18.0,4,7,101886.0,-7.0,6.003,306.153,1,28.0,192.0
2019,1013,73,baku,Azerbaijan,12,847,russell,3,RUS,williams,16,15,49,107251.0,,2.0,41226.0,20613.0,0.0,19,0.0,10,17,,-7.0,6.003,294.147,1,0.0,14.0
2019,1013,73,baku,Azerbaijan,11,848,albon,5,ALB,toro_rosso,11,11,50,105754.0,,1.0,20720.0,20720.0,3.0,15,4.0,9,12,,-7.0,6.003,300.15,1,8.0,90.0
2019,1014,4,catalunya,Spain,1,1,hamilton,131,HAM,mercedes,2,1,66,78492.0,5750443.0,2.0,44776.0,22388.0,112.0,1,217.0,1,2,76040.0,109.0,4.657,307.362,0,2153.0,1740.0
2019,1014,4,catalunya,Spain,1,8,raikkonen,51,RAI,alfa,14,14,66,81382.0,5792246.0,2.0,44891.0,22445.5,13.0,9,13.0,7,14,,109.0,4.657,307.362,0,1207.0,91.0
2019,1014,4,catalunya,Spain,11,9,kubica,3,KUB,williams,17,18,65,83202.0,,2.0,44096.0,22048.0,0.0,20,0.0,10,20,,109.0,4.657,302.705,0,614.0,7.0
2019,1014,4,catalunya,Spain,1,20,vettel,6,VET,ferrari,3,4,66,79820.0,5759610.0,2.0,45389.0,22694.5,64.0,4,121.0,2,3,76272.0,109.0,4.657,307.362,0,1643.0,1176.0
2019,1014,4,catalunya,Spain,1,154,grosjean,210,GRO,haas,7,10,66,81057.0,5785084.0,2.0,45111.0,22555.5,1.0,17,15.0,6,7,76911.0,109.0,4.657,307.362,0,166.0,172.0
2019,1014,4,catalunya,Spain,1,807,hulkenberg,4,HUL,renault,0,13,66,81282.0,5789684.0,1.0,22193.0,22193.0,6.0,13,12.0,8,16,,109.0,4.657,307.362,0,351.0,206.0
2019,1014,4,catalunya,Spain,1,815,perez,211,PER,racing_point,15,15,66,81859.0,5797320.0,2.0,45677.0,22838.5,13.0,8,17.0,5,15,,109.0,4.657,307.362,0,319.0,75.0
2019,1014,4,catalunya,Spain,1,817,ricciardo,4,RIC,renault,13,12,66,80615.0,5787201.0,2.0,45081.0,22540.5,6.0,12,12.0,8,10,78106.0,109.0,4.657,307.362,0,784.0,96.0
2019,1014,4,catalunya,Spain,1,822,bottas,131,BOT,mercedes,1,2,66,78737.0,5754517.0,2.0,44052.0,22026.0,105.0,2,217.0,1,1,75406.0,109.0,4.657,307.362,0,1459.0,1302.0
2019,1014,4,catalunya,Spain,1,825,kevin_magnussen,210,MAG,haas,8,7,66,80770.0,5778602.0,2.0,45017.0,22508.5,14.0,7,15.0,6,8,76922.0,109.0,4.657,307.362,0,316.0,94.0
2019,1014,4,catalunya,Spain,1,826,kvyat,5,KVY,toro_rosso,9,9,66,80726.0,5783499.0,2.0,55870.0,27935.0,3.0,16,6.0,9,9,77573.0,109.0,4.657,307.362,0,28.0,63.0
2019,1014,4,catalunya,Spain,1,830,max_verstappen,9,VER,red_bull,4,3,66,79769.0,5758122.0,2.0,44957.0,22478.5,66.0,3,87.0,3,4,76357.0,109.0,4.657,307.362,0,1261.0,830.0
2019,1014,4,catalunya,Spain,1,832,sainz,1,SAI,mclaren,12,8,66,80859.0,5782785.0,2.0,43013.0,21506.5,10.0,11,22.0,4,13,,109.0,4.657,307.362,0,243.0,152.0
2019,1014,4,catalunya,Spain,4,840,stroll,211,STR,racing_point,16,0,44,83226.0,,1.0,23321.0,23321.0,4.0,14,17.0,5,17,,109.0,4.657,204.90800000000002,0,44.0,92.0
2019,1014,4,catalunya,Spain,1,841,giovinazzi,51,GIO,alfa,18,16,66,81833.0,5798134.0,2.0,45888.0,22944.0,0.0,18,13.0,7,18,,109.0,4.657,307.362,0,0.0,104.0
2019,1014,4,catalunya,Spain,1,842,gasly,9,GAS,red_bull,6,6,66,80536.0,5770019.0,2.0,44658.0,22329.0,21.0,6,87.0,3,6,76708.0,109.0,4.657,307.362,0,194.0,498.0
2019,1014,4,catalunya,Spain,1,844,leclerc,6,LEC,ferrari,5,5,66,80002.0,5763804.0,2.0,45284.0,22642.0,57.0,5,121.0,2,5,76588.0,109.0,4.657,307.362,0,317.0,726.0
2019,1014,4,catalunya,Spain,4,846,norris,1,NOR,mclaren,10,0,44,82561.0,,1.0,21579.0,21579.0,12.0,10,22.0,4,11,,109.0,4.657,204.90800000000002,0,40.0,112.0
2019,1014,4,catalunya,Spain,11,847,russell,3,RUS,williams,19,17,65,82382.0,,2.0,44288.0,22144.0,0.0,19,0.0,10,19,,109.0,4.657,302.705,0,0.0,0.0
2019,1014,4,catalunya,Spain,1,848,albon,5,ALB,toro_rosso,11,11,66,81028.0,5785888.0,2.0,60936.0,30468.0,3.0,15,6.0,9,12,,109.0,4.657,307.362,0,11.0,36.0
2019,1015,6,monaco,Monaco,1,1,hamilton,131,HAM,mercedes,1,1,78,76167.0,6208437.0,1.0,24266.0,24266.0,137.0,1,257.0,1,1,70166.0,7.0,3.337,260.286,1,1959.0,1515.0
2019,1015,6,monaco,Monaco,11,8,raikkonen,51,RAI,alfa,14,17,77,76436.0,,1.0,26299.0,26299.0,13.0,10,13.0,9,14,,7.0,3.337,256.949,1,1024.0,113.0
2019,1015,6,monaco,Monaco,11,9,kubica,3,KUB,williams,20,18,77,77388.0,,1.0,23946.0,23946.0,0.0,20,0.0,10,20,,7.0,3.337,256.949,1,500.0,0.0
2019,1015,6,monaco,Monaco,1,20,vettel,6,VET,ferrari,4,2,78,76277.0,6211039.0,1.0,24483.0,24483.0,82.0,3,139.0,2,4,70947.0,7.0,3.337,260.286,1,1461.0,843.0
2019,1015,6,monaco,Monaco,1,154,grosjean,210,GRO,haas,13,10,78,76746.0,6269471.0,1.0,24219.0,24219.0,2.0,17,16.0,6,13,,7.0,3.337,260.286,1,137.0,102.0
2019,1015,6,monaco,Monaco,11,807,hulkenberg,4,HUL,renault,11,13,77,76276.0,,1.0,25532.0,25532.0,6.0,15,14.0,8,11,,7.0,3.337,256.949,1,304.0,104.0
2019,1015,6,monaco,Monaco,11,815,perez,211,PER,racing_point,16,12,77,76613.0,,1.0,28463.0,28463.0,13.0,9,17.0,5,17,,7.0,3.337,256.949,1,279.0,107.0
2019,1015,6,monaco,Monaco,1,817,ricciardo,4,RIC,renault,6,9,78,75697.0,6269331.0,1.0,24269.0,24269.0,8.0,13,14.0,8,7,71218.0,7.0,3.337,260.286,1,646.0,112.0
2019,1015,6,monaco,Monaco,1,822,bottas,131,BOT,mercedes,2,3,78,75163.0,6211599.0,2.0,49806.0,24903.0,120.0,2,257.0,1,2,70252.0,7.0,3.337,260.286,1,1372.0,1728.0
2019,1015,6,monaco,Monaco,11,825,kevin_magnussen,210,MAG,haas,5,14,77,76992.0,,1.0,25419.0,25419.0,14.0,8,16.0,6,6,71109.0,7.0,3.337,256.949,1,277.0,110.0
2019,1015,6,monaco,Monaco,1,826,kvyat,5,KVY,toro_rosso,7,7,78,76288.0,6263011.0,1.0,24023.0,24023.0,9.0,12,16.0,7,8,71271.0,7.0,3.337,260.286,1,33.0,51.0
2019,1015,6,monaco,Monaco,1,830,max_verstappen,9,VER,red_bull,3,4,78,76229.0,6213974.0,1.0,24011.0,24011.0,78.0,4,110.0,3,3,70641.0,7.0,3.337,260.286,1,1166.0,593.0
2019,1015,6,monaco,Monaco,1,832,sainz,1,SAI,mclaren,9,6,78,75891.0,6261891.0,1.0,23795.0,23795.0,18.0,7,30.0,4,9,71417.0,7.0,3.337,260.286,1,222.0,142.0
2019,1015,6,monaco,Monaco,11,840,stroll,211,STR,racing_point,17,16,77,76379.0,,1.0,24591.0,24591.0,4.0,16,17.0,5,18,,7.0,3.337,256.949,1,42.0,122.0
2019,1015,6,monaco,Monaco,12,841,giovinazzi,51,GIO,alfa,18,19,76,76299.0,,1.0,35651.0,35651.0,0.0,18,13.0,9,15,,7.0,3.337,253.61200000000002,1,0.0,122.0
2019,1015,6,monaco,Monaco,1,842,gasly,9,GAS,red_bull,8,5,78,74279.0,6218383.0,2.0,48019.0,24009.5,32.0,6,110.0,3,5,71041.0,7.0,3.337,260.286,1,198.0,688.0
2019,1015,6,monaco,Monaco,4,844,leclerc,6,LEC,ferrari,15,0,16,79151.0,,2.0,51669.0,25834.5,57.0,5,139.0,2,16,,7.0,3.337,53.392,1,353.0,960.0
2019,1015,6,monaco,Monaco,1,846,norris,1,NOR,mclaren,12,11,78,76413.0,6275238.0,1.0,25026.0,25026.0,12.0,11,30.0,4,12,,7.0,3.337,260.286,1,52.0,172.0
2019,1015,6,monaco,Monaco,11,847,russell,3,RUS,williams,19,15,77,77038.0,,1.0,26165.0,26165.0,0.0,19,0.0,10,19,,7.0,3.337,256.949,1,0.0,0.0
2019,1015,6,monaco,Monaco,1,848,albon,5,ALB,toro_rosso,10,8,78,75607.0,6263637.0,1.0,25062.0,25062.0,7.0,14,16.0,7,10,71653.0,7.0,3.337,260.286,1,18.0,66.0
2019,1016,7,villeneuve,Canada,1,1,hamilton,131,HAM,mercedes,2,1,70,74813.0,5347084.0,1.0,23662.0,23662.0,162.0,1,295.0,1,2,70446.0,13.0,4.361,305.27,0,1775.0,1936.0
2019,1016,7,villeneuve,Canada,11,8,raikkonen,51,RAI,alfa,16,15,69,75442.0,,2.0,50008.0,25004.0,13.0,11,13.0,9,17,,13.0,4.361,300.909,0,816.0,125.0
2019,1016,7,villeneuve,Canada,13,9,kubica,3,KUB,williams,19,18,67,77285.0,,2.0,48329.0,24164.5,0.0,20,0.0,10,20,,13.0,4.361,292.187,0,386.0,0.0
2019,1016,7,villeneuve,Canada,1,20,vettel,6,VET,ferrari,1,2,70,74875.0,5350742.0,1.0,23782.0,23782.0,100.0,3,172.0,2,1,70240.0,13.0,4.361,305.27,0,1285.0,1084.0
2019,1016,7,villeneuve,Canada,11,154,grosjean,210,GRO,haas,14,14,69,76245.0,,1.0,24071.0,24071.0,2.0,17,16.0,8,15,,13.0,4.361,300.909,0,108.0,118.0
2019,1016,7,villeneuve,Canada,11,807,hulkenberg,4,HUL,renault,7,7,69,75995.0,,1.0,24030.0,24030.0,12.0,13,28.0,5,7,71324.0,13.0,4.361,300.909,0,255.0,134.0
2019,1016,7,villeneuve,Canada,11,815,perez,211,PER,racing_point,15,12,69,76314.0,,1.0,24076.0,24076.0,13.0,10,19.0,6,16,,13.0,4.361,300.909,0,235.0,138.0
2019,1016,7,villeneuve,Canada,11,817,ricciardo,4,RIC,renault,4,6,69,76075.0,,1.0,23927.0,23927.0,16.0,8,28.0,5,4,71071.0,13.0,4.361,300.909,0,516.0,156.0
2019,1016,7,villeneuve,Canada,1,822,bottas,131,BOT,mercedes,6,4,70,73078.0,5398127.0,2.0,47450.0,23725.0,133.0,2,295.0,1,6,71101.0,13.0,4.361,305.27,0,1288.0,2144.0
2019,1016,7,villeneuve,Canada,12,825,kevin_magnussen,210,MAG,haas,0,17,68,77309.0,,1.0,24381.0,24381.0,14.0,9,16.0,8,10,,13.0,4.361,296.548,0,238.0,126.0
2019,1016,7,villeneuve,Canada,11,826,kvyat,5,KVY,toro_rosso,10,10,69,76198.0,,1.0,23825.0,23825.0,10.0,14,17.0,7,12,,13.0,4.361,300.909,0,39.0,80.0
2019,1016,7,villeneuve,Canada,1,830,max_verstappen,9,VER,red_bull,9,5,70,74767.0,5404739.0,1.0,23426.0,23426.0,88.0,4,124.0,3,11,,13.0,4.361,305.27,0,1063.0,781.0
2019,1016,7,villeneuve,Canada,11,832,sainz,1,SAI,mclaren,11,11,69,76471.0,,1.0,24727.0,24727.0,18.0,7,30.0,4,9,73981.0,13.0,4.361,300.909,0,195.0,194.0
2019,1016,7,villeneuve,Canada,11,840,stroll,211,STR,racing_point,17,9,69,76043.0,,1.0,23727.0,23727.0,6.0,16,19.0,6,18,,13.0,4.361,300.909,0,42.0,154.0
2019,1016,7,villeneuve,Canada,11,841,giovinazzi,51,GIO,alfa,12,13,69,76365.0,,1.0,23884.0,23884.0,0.0,18,13.0,9,13,,13.0,4.361,300.909,0,0.0,128.0
2019,1016,7,villeneuve,Canada,11,842,gasly,9,GAS,red_bull,5,8,69,76157.0,,1.0,23485.0,23485.0,36.0,6,124.0,3,5,71079.0,13.0,4.361,300.909,0,206.0,874.0
2019,1016,7,villeneuve,Canada,1,844,leclerc,6,LEC,ferrari,3,3,70,74356.0,5351780.0,1.0,23732.0,23732.0,72.0,5,172.0,2,3,70920.0,13.0,4.361,305.27,0,404.0,1208.0
2019,1016,7,villeneuve,Canada,22,846,norris,1,NOR,mclaren,8,0,8,78023.0,,0.0,0.0,0.0,12.0,12,30.0,4,8,71863.0,13.0,4.361,34.888,0,64.0,216.0
2019,1016,7,villeneuve,Canada,12,847,russell,3,RUS,williams,18,16,68,77241.0,,1.0,23686.0,23686.0,0.0,19,0.0,10,19,,13.0,4.361,296.548,0,0.0,0.0
2019,1016,7,villeneuve,Canada,130,848,albon,5,ALB,toro_rosso,13,0,59,77151.0,,1.0,37950.0,37950.0,7.0,15,17.0,7,14,,13.0,4.361,257.299,0,25.0,94.0
2019,1017,34,ricard,France,1,1,hamilton,131,HAM,mercedes,1,1,53,92764.0,5071198.0,1.0,30186.0,30186.0,187.0,1,338.0,1,1,88319.0,432.0,5.842,309.626,0,1604.0,2352.0
2019,1017,34,ricard,France,11,8,raikkonen,51,RAI,alfa,12,7,52,94873.0,,1.0,29975.0,29975.0,19.0,8,19.0,7,12,,432.0,5.842,303.784,0,599.0,135.0
2019,1017,34,ricard,France,12,9,kubica,3,KUB,williams,18,18,51,96608.0,,1.0,29792.0,29792.0,0.0,20,0.0,10,20,,432.0,5.842,297.942,0,262.0,0.0
2019,1017,34,ricard,France,1,20,vettel,6,VET,ferrari,7,5,53,92740.0,5133994.0,2.0,60512.0,30256.0,111.0,3,198.0,2,7,89799.0,432.0,5.842,309.626,0,1102.0,1333.0
2019,1017,34,ricard,France,31,154,grosjean,210,GRO,haas,16,20,44,95691.0,,1.0,30837.0,30837.0,2.0,17,16.0,9,17,,432.0,5.842,257.048,0,79.0,134.0
2019,1017,34,ricard,France,11,807,hulkenberg,4,HUL,renault,13,8,52,94950.0,,1.0,30884.0,30884.0,16.0,10,32.0,5,13,,432.0,5.842,303.784,0,202.0,176.0
2019,1017,34,ricard,France,11,815,perez,211,PER,racing_point,14,12,52,95014.0,,1.0,37286.0,37286.0,13.0,13,19.0,6,14,,432.0,5.842,303.784,0,191.0,166.0
2019,1017,34,ricard,France,11,817,ricciardo,4,RIC,renault,8,11,52,95150.0,,1.0,31031.0,31031.0,16.0,9,32.0,5,8,89918.0,432.0,5.842,303.784,0,386.0,196.0
2019,1017,34,ricard,France,1,822,bottas,131,BOT,mercedes,2,2,53,93586.0,5089254.0,1.0,30412.0,30412.0,151.0,2,338.0,1,2,88605.0,432.0,5.842,309.626,0,1212.0,2560.0
2019,1017,34,ricard,France,11,825,kevin_magnussen,210,MAG,haas,15,17,52,95692.0,,1.0,30832.0,30832.0,14.0,11,16.0,9,15,,432.0,5.842,303.784,0,199.0,142.0
2019,1017,34,ricard,France,11,826,kvyat,5,KVY,toro_rosso,19,14,52,95225.0,,1.0,30233.0,30233.0,10.0,14,17.0,8,16,,432.0,5.842,303.784,0,45.0,107.0
2019,1017,34,ricard,France,1,830,max_verstappen,9,VER,red_bull,4,4,53,94162.0,5106103.0,1.0,30118.0,30118.0,100.0,4,137.0,3,4,89409.0,432.0,5.842,309.626,0,947.0,959.0
2019,1017,34,ricard,France,1,832,sainz,1,SAI,mclaren,6,6,53,94561.0,5166660.0,1.0,29920.0,29920.0,26.0,7,40.0,4,6,89522.0,432.0,5.842,309.626,0,176.0,248.0
2019,1017,34,ricard,France,11,840,stroll,211,STR,racing_point,17,13,52,94924.0,,1.0,30849.0,30849.0,6.0,16,19.0,6,18,,432.0,5.842,303.784,0,42.0,178.0
2019,1017,34,ricard,France,11,841,giovinazzi,51,GIO,alfa,10,16,52,95115.0,,2.0,62539.0,31269.5,0.0,18,19.0,7,10,93420.0,432.0,5.842,303.784,0,0.0,142.0
2019,1017,34,ricard,France,11,842,gasly,9,GAS,red_bull,9,10,52,95197.0,,1.0,30228.0,30228.0,37.0,6,137.0,3,9,90184.0,432.0,5.842,303.784,0,214.0,1044.0
2019,1017,34,ricard,France,1,844,leclerc,6,LEC,ferrari,3,3,53,93828.0,5090183.0,1.0,30203.0,30203.0,87.0,5,198.0,2,3,88965.0,432.0,5.842,309.626,0,464.0,1458.0
2019,1017,34,ricard,France,11,846,norris,1,NOR,mclaren,5,9,52,94754.0,,1.0,30576.0,30576.0,14.0,12,40.0,4,5,89418.0,432.0,5.842,303.784,0,78.0,280.0
2019,1017,34,ricard,France,12,847,russell,3,RUS,williams,20,19,51,95830.0,,2.0,69444.0,34722.0,0.0,19,0.0,10,19,,432.0,5.842,297.942,0,0.0,0.0
2019,1017,34,ricard,France,11,848,albon,5,ALB,toro_rosso,11,15,52,95029.0,,1.0,30279.0,30279.0,7.0,15,17.0,8,11,,432.0,5.842,303.784,0,32.0,120.0
2019,1018,70,red_bull_ring,Austria,1,1,hamilton,131,HAM,mercedes,4,5,71,68050.0,4944627.0,1.0,30067.0,30067.0,197.0,1,363.0,1,2,63262.0,678.0,4.318,306.578,0,1418.0,2750.0
2019,1018,70,red_bull_ring,Austria,11,8,raikkonen,51,RAI,alfa,6,9,70,69126.0,,1.0,21709.0,21709.0,21.0,9,22.0,6,7,64166.0,678.0,4.318,302.26,0,369.0,151.0
2019,1018,70,red_bull_ring,Austria,13,9,kubica,3,KUB,williams,17,20,68,70964.0,,1.0,21525.0,21525.0,0.0,20,0.0,10,20,,678.0,4.318,293.62399999999997,0,136.0,0.0
2019,1018,70,red_bull_ring,Austria,1,20,vettel,6,VET,ferrari,9,4,71,67676.0,4941432.0,2.0,47487.0,23743.5,123.0,4,228.0,2,10,,678.0,4.318,306.578,0,923.0,1587.0
2019,1018,70,red_bull_ring,Austria,11,154,grosjean,210,GRO,haas,11,16,70,68987.0,,1.0,22265.0,22265.0,2.0,17,16.0,9,11,,678.0,4.318,302.26,0,46.0,150.0
2019,1018,70,red_bull_ring,Austria,11,807,hulkenberg,4,HUL,renault,15,13,70,69248.0,,1.0,21985.0,21985.0,16.0,11,32.0,5,12,,678.0,4.318,302.26,0,149.0,216.0
2019,1018,70,red_bull_ring,Austria,11,815,perez,211,PER,racing_point,13,11,70,69061.0,,1.0,22330.0,22330.0,13.0,13,19.0,7,16,,678.0,4.318,302.26,0,146.0,180.0
2019,1018,70,red_bull_ring,Austria,11,817,ricciardo,4,RIC,renault,12,12,70,68019.0,,1.0,22305.0,22305.0,16.0,10,32.0,5,14,,678.0,4.318,302.26,0,244.0,236.0
2019,1018,70,red_bull_ring,Austria,1,822,bottas,131,BOT,mercedes,3,3,71,68565.0,4940782.0,1.0,22552.0,22552.0,166.0,2,363.0,1,4,63537.0,678.0,4.318,306.578,0,1141.0,2940.0
2019,1018,70,red_bull_ring,Austria,12,825,kevin_magnussen,210,MAG,haas,10,19,69,68903.0,,3.0,61776.0,20592.0,14.0,12,16.0,9,5,64072.0,678.0,4.318,297.94199999999995,0,158.0,158.0
2019,1018,70,red_bull_ring,Austria,11,826,kvyat,5,KVY,toro_rosso,16,17,70,69498.0,,1.0,25091.0,25091.0,10.0,14,17.0,8,18,,678.0,4.318,302.26,0,51.0,133.0
2019,1018,70,red_bull_ring,Austria,1,830,max_verstappen,9,VER,red_bull,2,1,71,67475.0,4921822.0,1.0,21110.0,21110.0,126.0,3,169.0,3,3,63439.0,678.0,4.318,306.578,0,839.0,1149.0
2019,1018,70,red_bull_ring,Austria,11,832,sainz,1,SAI,mclaren,19,8,70,68117.0,,1.0,21266.0,21266.0,30.0,7,52.0,4,15,,678.0,4.318,302.26,0,161.0,314.0
2019,1018,70,red_bull_ring,Austria,11,840,stroll,211,STR,racing_point,14,14,70,69288.0,,1.0,21982.0,21982.0,6.0,16,19.0,7,17,,678.0,4.318,302.26,0,42.0,182.0
2019,1018,70,red_bull_ring,Austria,11,841,giovinazzi,51,GIO,alfa,7,10,70,69051.0,,1.0,21672.0,21672.0,1.0,18,22.0,6,8,64179.0,678.0,4.318,302.26,0,1.0,160.0
2019,1018,70,red_bull_ring,Austria,11,842,gasly,9,GAS,red_bull,8,7,70,68790.0,,1.0,22239.0,22239.0,43.0,6,169.0,3,9,64199.0,678.0,4.318,302.26,0,228.0,1254.0
2019,1018,70,red_bull_ring,Austria,1,844,leclerc,6,LEC,ferrari,1,2,71,67994.0,4924546.0,1.0,21878.0,21878.0,105.0,5,228.0,2,1,63003.0,678.0,4.318,306.578,0,536.0,1716.0
2019,1018,70,red_bull_ring,Austria,11,846,norris,1,NOR,mclaren,5,6,70,68699.0,,1.0,21547.0,21547.0,22.0,8,52.0,4,6,64099.0,678.0,4.318,302.26,0,100.0,348.0
2019,1018,70,red_bull_ring,Austria,12,847,russell,3,RUS,williams,0,18,69,69926.0,,1.0,22772.0,22772.0,0.0,19,0.0,10,19,,678.0,4.318,297.94199999999995,0,0.0,0.0
2019,1018,70,red_bull_ring,Austria,11,848,albon,5,ALB,toro_rosso,18,15,70,68946.0,,1.0,21225.0,21225.0,7.0,15,17.0,8,13,,678.0,4.318,302.26,0,39.0,146.0
2019,1019,9,silverstone,UK,1,1,hamilton,131,HAM,mercedes,2,1,52,87369.0,4868452.0,1.0,28905.0,28905.0,223.0,1,407.0,1,2,85099.0,153.0,5.891,306.332,0,1233.0,3130.0
2019,1019,9,silverstone,UK,1,8,raikkonen,51,RAI,alfa,12,8,52,90034.0,4933992.0,1.0,28364.0,28364.0,25.0,8,26.0,6,12,,153.0,5.891,306.332,0,143.0,173.0
2019,1019,9,silverstone,UK,11,9,kubica,3,KUB,williams,20,15,51,91509.0,,1.0,28694.0,28694.0,0.0,20,0.0,10,20,,153.0,5.891,300.441,0,0.0,0.0
2019,1019,9,silverstone,UK,11,20,vettel,6,VET,ferrari,6,16,51,88733.0,,2.0,66489.0,33244.5,123.0,4,243.0,2,6,85787.0,153.0,5.891,300.441,0,726.0,1838.0
2019,1019,9,silverstone,UK,4,154,grosjean,210,GRO,haas,14,0,9,94350.0,,1.0,33562.0,33562.0,2.0,17,16.0,9,14,,153.0,5.891,53.019,0,11.0,159.0
2019,1019,9,silverstone,UK,1,807,hulkenberg,4,HUL,renault,10,10,52,89949.0,4941185.0,1.0,28926.0,28926.0,17.0,11,39.0,5,10,86386.0,153.0,5.891,306.332,0,97.0,263.0
2019,1019,9,silverstone,UK,11,815,perez,211,PER,racing_point,15,17,51,89456.0,,3.0,97043.0,32347.666666666668,13.0,13,19.0,7,15,,153.0,5.891,300.441,0,97.0,184.0
2019,1019,9,silverstone,UK,1,817,ricciardo,4,RIC,renault,7,7,52,89624.0,4922853.0,2.0,56797.0,28398.5,22.0,10,39.0,5,7,86182.0,153.0,5.891,306.332,0,96.0,290.0
2019,1019,9,silverstone,UK,1,822,bottas,131,BOT,mercedes,1,2,52,87406.0,4893380.0,2.0,56670.0,28335.0,184.0,2,407.0,1,1,85093.0,153.0,5.891,306.332,0,1078.0,3320.0
2019,1019,9,silverstone,UK,4,825,kevin_magnussen,210,MAG,haas,16,0,6,93425.0,,1.0,32767.0,32767.0,14.0,12,16.0,9,16,,153.0,5.891,35.346000000000004,0,116.0,160.0
2019,1019,9,silverstone,UK,1,826,kvyat,5,KVY,toro_rosso,17,9,52,89910.0,4935172.0,2.0,58188.0,29094.0,12.0,14,19.0,8,17,,153.0,5.891,306.332,0,58.0,159.0
2019,1019,9,silverstone,UK,1,830,max_verstappen,9,VER,red_bull,4,5,52,89272.0,4907910.0,2.0,55777.0,27888.5,136.0,3,191.0,3,4,85276.0,153.0,5.891,306.332,0,726.0,1358.0
2019,1019,9,silverstone,UK,1,832,sainz,1,SAI,mclaren,13,6,52,89757.0,4922091.0,1.0,27980.0,27980.0,38.0,7,60.0,4,13,,153.0,5.891,306.332,0,146.0,386.0
2019,1019,9,silverstone,UK,1,840,stroll,211,STR,racing_point,18,13,52,89390.0,4949538.0,2.0,59474.0,29737.0,6.0,16,19.0,7,18,,153.0,5.891,306.332,0,42.0,186.0
2019,1019,9,silverstone,UK,20,841,giovinazzi,51,GIO,alfa,11,0,18,92464.0,,0.0,0.0,0.0,1.0,18,26.0,6,11,,153.0,5.891,106.038,0,2.0,186.0
2019,1019,9,silverstone,UK,1,842,gasly,9,GAS,red_bull,5,4,52,89544.0,4903144.0,1.0,27905.0,27905.0,55.0,6,191.0,3,5,85590.0,153.0,5.891,306.332,0,254.0,1462.0
2019,1019,9,silverstone,UK,1,844,leclerc,6,LEC,ferrari,3,3,52,89313.0,4898569.0,2.0,56906.0,28453.0,120.0,5,243.0,2,3,85172.0,153.0,5.891,306.332,0,617.0,1960.0
2019,1019,9,silverstone,UK,1,846,norris,1,NOR,mclaren,8,11,52,89636.0,4942733.0,2.0,56194.0,28097.0,22.0,9,60.0,4,8,86224.0,153.0,5.891,306.332,0,122.0,424.0
2019,1019,9,silverstone,UK,11,847,russell,3,RUS,williams,19,14,51,91013.0,,1.0,30245.0,30245.0,0.0,19,0.0,10,19,,153.0,5.891,300.441,0,0.0,0.0
2019,1019,9,silverstone,UK,1,848,albon,5,ALB,toro_rosso,9,12,52,90872.0,4944069.0,1.0,28954.0,28954.0,7.0,15,19.0,8,9,86345.0,153.0,5.891,306.332,0,46.0,172.0
2019,1020,10,hockenheimring,Germany,1,1,hamilton,131,HAM,mercedes,1,9,64,78811.0,6290942.0,6.0,178866.0,29811.0,225.0,1,409.0,1,1,71767.0,103.0,4.575,292.8,0,1440.0,3472.0
2019,1020,10,hockenheimring,Germany,1,8,raikkonen,51,RAI,alfa,5,12,64,79563.0,6313489.0,4.0,91635.0,22908.75,25.0,9,26.0,9,5,72538.0,103.0,4.575,292.8,0,164.0,199.0
2019,1020,10,hockenheimring,Germany,1,9,kubica,3,KUB,williams,18,10,64,79062.0,6296262.0,5.0,104058.0,20811.6,1.0,19,1.0,10,19,,103.0,4.575,292.8,0,1.0,1.0
2019,1020,10,hockenheimring,Germany,1,20,vettel,6,VET,ferrari,20,2,64,76794.0,6278608.0,5.0,103762.0,20752.4,141.0,4,261.0,2,20,,103.0,4.575,292.8,0,855.0,2082.0
2019,1020,10,hockenheimring,Germany,1,154,grosjean,210,GRO,haas,6,7,64,77746.0,6288113.0,5.0,113323.0,22664.6,8.0,17,26.0,8,6,72851.0,103.0,4.575,292.8,0,19.0,170.0
2019,1020,10,hockenheimring,Germany,3,807,hulkenberg,4,HUL,renault,9,0,39,89576.0,,3.0,62874.0,20958.0,17.0,14,39.0,6,9,73126.0,103.0,4.575,178.425,0,108.0,315.0
2019,1020,10,hockenheimring,Germany,20,815,perez,211,PER,racing_point,8,0,1,,,0.0,0.0,0.0,13.0,16,31.0,7,8,73065.0,103.0,4.575,4.575,0,110.0,200.0
2019,1020,10,hockenheimring,Germany,43,817,ricciardo,4,RIC,renault,13,0,13,92654.0,,1.0,21224.0,21224.0,22.0,11,39.0,6,13,,103.0,4.575,59.475,0,118.0,340.0
2019,1020,10,hockenheimring,Germany,3,822,bottas,131,BOT,mercedes,3,0,56,78272.0,,4.0,84892.0,21223.0,184.0,2,409.0,1,3,72129.0,103.0,4.575,256.2,0,1236.0,3624.0
2019,1020,10,hockenheimring,Germany,1,825,kevin_magnussen,210,MAG,haas,12,8,64,77507.0,6290040.0,6.0,125009.0,20834.833333333332,18.0,13,26.0,8,12,,103.0,4.575,292.8,0,126.0,180.0
2019,1020,10,hockenheimring,Germany,1,826,kvyat,5,KVY,toro_rosso,14,3,64,77708.0,6279580.0,4.0,89559.0,22389.75,27.0,8,42.0,5,14,,103.0,4.575,292.8,0,84.0,198.0
2019,1020,10,hockenheimring,Germany,1,830,max_verstappen,9,VER,red_bull,2,1,64,76645.0,6271275.0,5.0,101859.0,20371.8,162.0,3,217.0,3,2,72113.0,103.0,4.575,292.8,0,873.0,1569.0
2019,1020,10,hockenheimring,Germany,1,832,sainz,1,SAI,mclaren,7,5,64,77841.0,6280858.0,3.0,64038.0,21346.0,48.0,7,70.0,4,7,72897.0,103.0,4.575,292.8,0,194.0,464.0
2019,1020,10,hockenheimring,Germany,1,840,stroll,211,STR,racing_point,15,4,64,77831.0,6280241.0,5.0,106542.0,21308.4,18.0,12,31.0,7,15,,103.0,4.575,292.8,0,58.0,214.0
2019,1020,10,hockenheimring,Germany,1,841,giovinazzi,51,GIO,alfa,11,13,64,79300.0,6315124.0,4.0,91577.0,22894.25,1.0,18,26.0,9,11,,103.0,4.575,292.8,0,3.0,212.0
2019,1020,10,hockenheimring,Germany,4,842,gasly,9,GAS,red_bull,4,14,61,77495.0,,4.0,90106.0,22526.5,55.0,6,217.0,3,4,72522.0,103.0,4.575,279.075,0,309.0,1676.0
2019,1020,10,hockenheimring,Germany,3,844,leclerc,6,LEC,ferrari,10,0,27,87697.0,,3.0,62780.0,20926.666666666668,120.0,5,261.0,2,10,,103.0,4.575,123.525,0,727.0,2204.0
2019,1020,10,hockenheimring,Germany,75,846,norris,1,NOR,mclaren,19,0,25,91081.0,,2.0,41644.0,20822.0,22.0,10,70.0,4,16,,103.0,4.575,114.375,0,144.0,504.0
2019,1020,10,hockenheimring,Germany,1,847,russell,3,RUS,williams,17,11,64,77485.0,6297679.0,5.0,104429.0,20885.8,0.0,20,1.0,10,18,,103.0,4.575,292.8,0,0.0,2.0
2019,1020,10,hockenheimring,Germany,1,848,albon,5,ALB,toro_rosso,16,6,64,77850.0,6281327.0,4.0,83740.0,20935.0,15.0,15,42.0,5,17,,103.0,4.575,292.8,0,61.0,224.0
2019,1021,11,hungaroring,Hungary,1,1,hamilton,131,HAM,mercedes,3,1,70,78528.0,5703796.0,2.0,44270.0,22135.0,250.0,1,438.0,1,3,74769.0,264.0,4.381,306.67,0,1647.0,3767.0
2019,1021,11,hungaroring,Hungary,11,8,raikkonen,51,RAI,alfa,10,7,69,80880.0,,1.0,22205.0,22205.0,31.0,8,32.0,7,10,76041.0,264.0,4.381,302.289,0,185.0,231.0
2019,1021,11,hungaroring,Hungary,13,9,kubica,3,KUB,williams,19,19,67,83436.0,,1.0,21754.0,21754.0,1.0,19,1.0,10,20,,264.0,4.381,293.52700000000004,0,2.0,3.0
2019,1021,11,hungaroring,Hungary,1,20,vettel,6,VET,ferrari,5,3,70,79786.0,5765229.0,1.0,24819.0,24819.0,156.0,4,288.0,2,5,75071.0,264.0,4.381,306.67,0,989.0,2320.0
2019,1021,11,hungaroring,Hungary,34,154,grosjean,210,GRO,haas,9,0,49,82809.0,,1.0,22035.0,22035.0,8.0,17,26.0,9,9,76013.0,264.0,4.381,214.669,0,27.0,190.0
2019,1021,11,hungaroring,Hungary,11,807,hulkenberg,4,HUL,renault,11,12,69,81650.0,,1.0,21734.0,21734.0,17.0,14,39.0,6,11,,264.0,4.381,302.289,0,119.0,351.0
2019,1021,11,hungaroring,Hungary,11,815,perez,211,PER,racing_point,16,11,69,81734.0,,1.0,21901.0,21901.0,13.0,16,31.0,8,17,,264.0,4.381,302.289,0,122.0,226.0
2019,1021,11,hungaroring,Hungary,11,817,ricciardo,4,RIC,renault,20,14,69,80839.0,,1.0,22498.0,22498.0,22.0,11,39.0,6,18,,264.0,4.381,302.289,0,140.0,362.0
2019,1021,11,hungaroring,Hungary,11,822,bottas,131,BOT,mercedes,2,8,69,79331.0,,2.0,55072.0,27536.0,188.0,2,438.0,1,2,74590.0,264.0,4.381,302.289,0,1380.0,3910.0
2019,1021,11,hungaroring,Hungary,11,825,kevin_magnussen,210,MAG,haas,14,13,69,81008.0,,1.0,21618.0,21618.0,18.0,13,26.0,9,15,,264.0,4.381,302.289,0,136.0,200.0
2019,1021,11,hungaroring,Hungary,12,826,kvyat,5,KVY,toro_rosso,13,15,68,81932.0,,1.0,23002.0,23002.0,27.0,9,43.0,5,13,,264.0,4.381,297.908,0,110.0,250.0
2019,1021,11,hungaroring,Hungary,1,830,max_verstappen,9,VER,red_bull,1,2,70,77103.0,5721592.0,2.0,42869.0,21434.5,181.0,3,244.0,3,1,74572.0,264.0,4.381,306.67,0,1027.0,1796.0
2019,1021,11,hungaroring,Hungary,11,832,sainz,1,SAI,mclaren,8,5,69,81002.0,,1.0,21832.0,21832.0,58.0,7,82.0,4,8,75852.0,264.0,4.381,302.289,0,252.0,556.0
2019,1021,11,hungaroring,Hungary,12,840,stroll,211,STR,racing_point,18,17,68,80603.0,,2.0,43648.0,21824.0,18.0,12,31.0,8,19,,264.0,4.381,297.908,0,74.0,238.0
2019,1021,11,hungaroring,Hungary,12,841,giovinazzi,51,GIO,alfa,17,18,68,83134.0,,1.0,23218.0,23218.0,1.0,18,32.0,7,14,,264.0,4.381,297.908,0,4.0,250.0
2019,1021,11,hungaroring,Hungary,11,842,gasly,9,GAS,red_bull,6,6,69,81045.0,,1.0,22104.0,22104.0,63.0,6,244.0,3,6,75450.0,264.0,4.381,302.289,0,368.0,1916.0
2019,1021,11,hungaroring,Hungary,1,844,leclerc,6,LEC,ferrari,4,4,70,80493.0,5769046.0,1.0,21575.0,21575.0,132.0,5,288.0,2,4,75043.0,264.0,4.381,306.67,0,833.0,2436.0
2019,1021,11,hungaroring,Hungary,11,846,norris,1,NOR,mclaren,7,9,69,81188.0,,1.0,26066.0,26066.0,24.0,10,82.0,4,7,75800.0,264.0,4.381,302.289,0,160.0,608.0
2019,1021,11,hungaroring,Hungary,12,847,russell,3,RUS,williams,15,16,68,82386.0,,1.0,21333.0,21333.0,0.0,20,1.0,10,16,,264.0,4.381,297.908,0,0.0,4.0
2019,1021,11,hungaroring,Hungary,11,848,albon,5,ALB,toro_rosso,12,10,69,80621.0,,1.0,23676.0,23676.0,16.0,15,43.0,5,12,,264.0,4.381,302.289,0,75.0,276.0
2019,1022,13,spa,Belgium,1,1,hamilton,131,HAM,mercedes,3,2,44,106580.0,5026691.0,1.0,23497.0,23497.0,268.0,1,471.0,1,3,103282.0,401.0,7.004,308.176,0,1847.0,4043.0
2019,1022,13,spa,Belgium,11,8,raikkonen,51,RAI,alfa,6,16,43,108753.0,,3.0,90942.0,30314.0,31.0,9,32.0,8,8,104557.0,401.0,7.004,301.17199999999997,0,204.0,263.0
2019,1022,13,spa,Belgium,11,9,kubica,3,KUB,williams,0,17,43,109220.0,,1.0,24247.0,24247.0,1.0,19,1.0,10,20,,401.0,7.004,301.17199999999997,0,3.0,5.0
2019,1022,13,spa,Belgium,1,20,vettel,6,VET,ferrari,2,4,44,106409.0,5052132.0,2.0,45649.0,22824.5,169.0,4,326.0,2,2,103267.0,401.0,7.004,308.176,0,1121.0,2564.0
2019,1022,13,spa,Belgium,11,154,grosjean,210,GRO,haas,9,13,43,109274.0,,1.0,22912.0,22912.0,8.0,17,26.0,9,11,,401.0,7.004,301.17199999999997,0,35.0,210.0
2019,1022,13,spa,Belgium,1,807,hulkenberg,4,HUL,renault,12,8,44,108349.0,5132349.0,2.0,46475.0,23237.5,21.0,14,43.0,6,7,104542.0,401.0,7.004,308.176,0,134.0,373.0
2019,1022,13,spa,Belgium,1,815,perez,211,PER,racing_point,7,6,44,108781.0,5110158.0,1.0,23133.0,23133.0,21.0,13,40.0,7,9,104706.0,401.0,7.004,308.176,0,138.0,259.0
2019,1022,13,spa,Belgium,11,817,ricciardo,4,RIC,renault,10,14,43,110451.0,,1.0,27620.0,27620.0,22.0,12,43.0,6,6,104257.0,401.0,7.004,301.17199999999997,0,156.0,384.0
2019,1022,13,spa,Belgium,1,822,bottas,131,BOT,mercedes,4,3,44,106465.0,5038295.0,1.0,22579.0,22579.0,203.0,2,471.0,1,4,103415.0,401.0,7.004,308.176,0,1521.0,4176.0
2019,1022,13,spa,Belgium,11,825,kevin_magnussen,210,MAG,haas,8,12,43,108677.0,,1.0,22584.0,22584.0,18.0,16,26.0,9,10,105086.0,401.0,7.004,301.17199999999997,0,146.0,220.0
2019,1022,13,spa,Belgium,1,826,kvyat,5,KVY,toro_rosso,19,7,44,108143.0,5115367.0,1.0,22834.0,22834.0,33.0,8,51.0,5,18,,401.0,7.004,308.176,0,142.0,310.0
2019,1022,13,spa,Belgium,3,830,max_verstappen,9,VER,red_bull,5,0,0,,,0.0,0.0,0.0,181.0,3,254.0,3,5,103690.0,401.0,7.004,0.0,0,1169.0,2033.0
2019,1022,13,spa,Belgium,75,832,sainz,1,SAI,mclaren,15,0,1,,,1.0,59291.0,59291.0,58.0,7,82.0,4,17,,401.0,7.004,7.004,0,310.0,650.0
2019,1022,13,spa,Belgium,1,840,stroll,211,STR,racing_point,16,10,44,108357.0,5135548.0,2.0,48024.0,24012.0,19.0,15,40.0,7,13,,401.0,7.004,308.176,0,91.0,280.0
2019,1022,13,spa,Belgium,3,841,giovinazzi,51,GIO,alfa,18,18,42,107560.0,,1.0,23044.0,23044.0,1.0,18,32.0,8,15,,401.0,7.004,294.168,0,5.0,276.0
2019,1022,13,spa,Belgium,1,842,gasly,5,GAS,toro_rosso,13,9,44,109700.0,5134878.0,1.0,22772.0,22772.0,65.0,6,51.0,5,16,,401.0,7.004,308.176,0,420.0,344.0
2019,1022,13,spa,Belgium,1,844,leclerc,6,LEC,ferrari,1,1,44,106664.0,5025710.0,1.0,22449.0,22449.0,157.0,5,326.0,2,1,102519.0,401.0,7.004,308.176,0,954.0,2692.0
2019,1022,13,spa,Belgium,5,846,norris,1,NOR,mclaren,11,11,43,108321.0,,1.0,23182.0,23182.0,24.0,11,82.0,4,12,,401.0,7.004,301.17199999999997,0,176.0,692.0
2019,1022,13,spa,Belgium,11,847,russell,3,RUS,williams,14,15,43,108860.0,,1.0,22442.0,22442.0,0.0,20,1.0,10,19,,401.0,7.004,301.17199999999997,0,0.0,6.0
2019,1022,13,spa,Belgium,1,848,albon,9,ALB,red_bull,17,5,44,107507.0,5107035.0,1.0,22506.0,22506.0,26.0,10,254.0,3,14,,401.0,7.004,308.176,0,98.0,2150.0
2019,1023,14,monza,Italy,1,1,hamilton,131,HAM,mercedes,2,3,53,81779.0,4561864.0,2.0,47643.0,23821.5,284.0,1,505.0,1,2,79346.0,162.0,5.793,307.029,0,2045.0,4318.0
2019,1023,14,monza,Italy,11,8,raikkonen,51,RAI,alfa,0,15,52,84419.0,,2.0,56961.0,28480.5,31.0,12,34.0,8,10,,162.0,5.793,301.236,0,222.0,288.0
2019,1023,14,monza,Italy,12,9,kubica,3,KUB,williams,15,17,51,84989.0,,2.0,55702.0,27851.0,1.0,19,1.0,10,19,,162.0,5.793,295.443,0,4.0,7.0
2019,1023,14,monza,Italy,11,20,vettel,6,VET,ferrari,4,13,52,82799.0,,3.0,88670.0,29556.666666666668,169.0,5,351.0,2,4,79457.0,162.0,5.793,301.236,0,1238.0,2815.0
2019,1023,14,monza,Italy,11,154,grosjean,210,GRO,haas,13,16,52,84985.0,,2.0,51602.0,25801.0,8.0,17,26.0,9,16,,162.0,5.793,301.236,0,43.0,230.0
2019,1023,14,monza,Italy,1,807,hulkenberg,4,HUL,renault,6,5,53,83641.0,4584830.0,1.0,24092.0,24092.0,31.0,11,65.0,5,6,80049.0,162.0,5.793,307.029,0,159.0,417.0
2019,1023,14,monza,Italy,1,815,perez,211,PER,racing_point,18,7,53,83770.0,4600467.0,1.0,25340.0,25340.0,27.0,13,46.0,7,17,,162.0,5.793,307.029,0,152.0,307.0
2019,1023,14,monza,Italy,1,817,ricciardo,4,RIC,renault,5,4,53,83466.0,4572180.0,1.0,24320.0,24320.0,34.0,8,65.0,5,5,79839.0,162.0,5.793,307.029,0,184.0,450.0
2019,1023,14,monza,Italy,1,822,bottas,131,BOT,mercedes,3,2,53,82859.0,4527500.0,1.0,23700.0,23700.0,221.0,2,505.0,1,3,79354.0,162.0,5.793,307.029,0,1655.0,4460.0
2019,1023,14,monza,Italy,9,825,kevin_magnussen,210,MAG,haas,11,0,43,84443.0,,2.0,49378.0,24689.0,18.0,16,26.0,9,12,,162.0,5.793,249.09900000000002,0,156.0,240.0
2019,1023,14,monza,Italy,5,826,kvyat,5,KVY,toro_rosso,12,0,29,85772.0,,1.0,24479.0,24479.0,33.0,10,51.0,6,13,,162.0,5.793,167.997,0,174.0,378.0
2019,1023,14,monza,Italy,1,830,max_verstappen,9,VER,red_bull,19,8,53,83143.0,4601157.0,2.0,55514.0,27757.0,185.0,3,266.0,3,20,,162.0,5.793,307.029,0,1303.0,2247.0
2019,1023,14,monza,Italy,36,832,sainz,1,SAI,mclaren,7,0,27,85637.0,,1.0,27010.0,27010.0,58.0,7,83.0,4,7,80455.0,162.0,5.793,156.411,0,362.0,723.0
2019,1023,14,monza,Italy,11,840,stroll,211,STR,racing_point,9,12,52,84165.0,,2.0,43257.0,21628.5,19.0,15,46.0,7,9,,162.0,5.793,301.236,0,106.0,334.0
2019,1023,14,monza,Italy,11,841,giovinazzi,51,GIO,alfa,10,9,52,84503.0,,1.0,25698.0,25698.0,3.0,18,34.0,8,11,,162.0,5.793,301.236,0,8.0,300.0
2019,1023,14,monza,Italy,11,842,gasly,5,GAS,toro_rosso,17,11,52,83885.0,,1.0,24363.0,24363.0,65.0,6,51.0,6,15,,162.0,5.793,301.236,0,472.0,412.0
2019,1023,14,monza,Italy,1,844,leclerc,6,LEC,ferrari,1,1,53,83009.0,4526665.0,1.0,23833.0,23833.0,182.0,4,351.0,2,1,79307.0,162.0,5.793,307.029,0,1089.0,2938.0
2019,1023,14,monza,Italy,11,846,norris,1,NOR,mclaren,16,10,52,84044.0,,1.0,24311.0,24311.0,25.0,14,83.0,4,14,,162.0,5.793,301.236,0,189.0,754.0
2019,1023,14,monza,Italy,11,847,russell,3,RUS,williams,14,14,52,84842.0,,1.0,24198.0,24198.0,0.0,20,1.0,10,18,,162.0,5.793,301.236,0,0.0,8.0
2019,1023,14,monza,Italy,1,848,albon,9,ALB,red_bull,8,6,53,83364.0,4585980.0,1.0,29830.0,29830.0,34.0,9,266.0,3,8,,162.0,5.793,307.029,0,129.0,2344.0
2019,1024,15,marina_bay,Singapore,1,1,hamilton,131,HAM,mercedes,2,4,61,104914.0,7118275.0,1.0,28930.0,28930.0,296.0,1,527.0,1,2,96408.0,18.0,5.063,308.84299999999996,1,2229.0,4580.0
2019,1024,15,marina_bay,Singapore,4,8,raikkonen,51,RAI,alfa,12,0,49,107062.0,,1.0,29992.0,29992.0,31.0,13,35.0,8,13,,18.0,5.063,248.087,1,240.0,309.0
2019,1024,15,marina_bay,Singapore,1,9,kubica,3,KUB,williams,19,16,61,106793.0,7160691.0,2.0,59354.0,29677.0,1.0,19,1.0,10,19,,18.0,5.063,308.84299999999996,1,5.0,9.0
2019,1024,15,marina_bay,Singapore,1,20,vettel,6,VET,ferrari,3,1,61,104802.0,7113667.0,1.0,29384.0,29384.0,194.0,5,394.0,2,3,96437.0,18.0,5.063,308.84299999999996,1,1368.0,3089.0
2019,1024,15,marina_bay,Singapore,1,154,grosjean,210,GRO,haas,17,11,61,106274.0,7149103.0,2.0,73032.0,36516.0,8.0,17,26.0,9,17,,18.0,5.063,308.84299999999996,1,50.0,250.0
2019,1024,15,marina_bay,Singapore,1,807,hulkenberg,4,HUL,renault,8,9,61,105765.0,7130385.0,2.0,58715.0,29357.5,33.0,11,67.0,5,8,98264.0,18.0,5.063,308.84299999999996,1,186.0,478.0
2019,1024,15,marina_bay,Singapore,5,815,perez,211,PER,racing_point,15,0,42,106683.0,,1.0,29082.0,29082.0,27.0,14,46.0,7,10,,18.0,5.063,212.646,1,166.0,361.0
2019,1024,15,marina_bay,Singapore,1,817,ricciardo,4,RIC,renault,20,14,61,105915.0,7151327.0,1.0,30756.0,30756.0,34.0,9,67.0,5,20,,18.0,5.063,308.84299999999996,1,212.0,506.0
2019,1024,15,marina_bay,Singapore,1,822,bottas,131,BOT,mercedes,5,5,61,103534.0,7119786.0,1.0,29234.0,29234.0,231.0,2,527.0,1,5,97146.0,18.0,5.063,308.84299999999996,1,1781.0,4700.0
2019,1024,15,marina_bay,Singapore,1,825,kevin_magnussen,210,MAG,haas,13,17,61,102301.0,7200189.0,2.0,60319.0,30159.5,18.0,16,26.0,9,14,,18.0,5.063,308.84299999999996,1,160.0,260.0
2019,1024,15,marina_bay,Singapore,1,826,kvyat,5,KVY,toro_rosso,14,15,61,104371.0,7151845.0,2.0,63510.0,31755.0,33.0,10,55.0,6,15,,18.0,5.063,308.84299999999996,1,204.0,448.0
2019,1024,15,marina_bay,Singapore,1,830,max_verstappen,9,VER,red_bull,4,3,61,105176.0,7117488.0,1.0,28846.0,28846.0,200.0,4,289.0,3,4,96813.0,18.0,5.063,308.84299999999996,1,1437.0,2442.0
2019,1024,15,marina_bay,Singapore,1,832,sainz,1,SAI,mclaren,7,12,61,105969.0,7149641.0,1.0,30623.0,30623.0,58.0,7,89.0,4,7,97818.0,18.0,5.063,308.84299999999996,1,410.0,783.0
2019,1024,15,marina_bay,Singapore,1,840,stroll,211,STR,racing_point,16,13,61,104896.0,7150086.0,3.0,98130.0,32710.0,19.0,15,46.0,7,16,,18.0,5.063,308.84299999999996,1,121.0,388.0
2019,1024,15,marina_bay,Singapore,1,841,giovinazzi,51,GIO,alfa,10,10,61,105630.0,7141522.0,2.0,58030.0,29015.0,4.0,18,35.0,8,11,,18.0,5.063,308.84299999999996,1,12.0,318.0
2019,1024,15,marina_bay,Singapore,1,842,gasly,5,GAS,toro_rosso,11,8,61,105769.0,7129214.0,1.0,32482.0,32482.0,69.0,6,55.0,6,12,,18.0,5.063,308.84299999999996,1,520.0,484.0
2019,1024,15,marina_bay,Singapore,1,844,leclerc,6,LEC,ferrari,1,2,61,104723.0,7116308.0,1.0,29168.0,29168.0,200.0,3,394.0,2,1,96217.0,18.0,5.063,308.84299999999996,1,1232.0,3240.0
2019,1024,15,marina_bay,Singapore,1,846,norris,1,NOR,mclaren,9,7,61,105716.0,7128436.0,1.0,30397.0,30397.0,31.0,12,89.0,4,9,98329.0,18.0,5.063,308.84299999999996,1,208.0,812.0
2019,1024,15,marina_bay,Singapore,4,847,russell,3,RUS,williams,18,0,34,108285.0,,1.0,38752.0,38752.0,0.0,20,1.0,10,18,,18.0,5.063,172.142,1,0.0,10.0
2019,1024,15,marina_bay,Singapore,1,848,albon,9,ALB,red_bull,6,6,61,105260.0,7125330.0,1.0,28606.0,28606.0,42.0,8,289.0,3,6,97411.0,18.0,5.063,308.84299999999996,1,168.0,2540.0
2019,1025,71,sochi,Russia,1,1,hamilton,131,HAM,mercedes,2,1,53,95761.0,5618992.0,1.0,29751.0,29751.0,322.0,1,571.0,1,2,92030.0,2.0,5.848,309.944,0,2414.0,4862.0
2019,1025,71,sochi,Russia,1,8,raikkonen,51,RAI,alfa,15,13,53,98589.0,5687902.0,2.0,61550.0,30775.0,31.0,14,35.0,8,16,,2.0,5.848,309.944,0,258.0,327.0
2019,1025,71,sochi,Russia,23,9,kubica,3,KUB,williams,18,0,28,102327.0,,2.0,60764.0,30382.0,1.0,19,1.0,10,18,,2.0,5.848,163.744,0,6.0,10.0
2019,1025,71,sochi,Russia,75,20,vettel,6,VET,ferrari,3,0,26,98245.0,,1.0,29860.0,29860.0,194.0,5,409.0,2,3,92053.0,2.0,5.848,152.048,0,1480.0,3388.0
2019,1025,71,sochi,Russia,4,154,grosjean,210,GRO,haas,8,0,0,,,0.0,0.0,0.0,8.0,17,28.0,9,9,93517.0,2.0,5.848,0.0,0,56.0,262.0
2019,1025,71,sochi,Russia,1,807,hulkenberg,4,HUL,renault,6,10,53,98519.0,5678833.0,2.0,64050.0,32025.0,34.0,11,68.0,5,7,93289.0,2.0,5.848,309.944,0,214.0,535.0
2019,1025,71,sochi,Russia,1,815,perez,211,PER,racing_point,11,7,53,98043.0,5667720.0,1.0,30271.0,30271.0,33.0,13,52.0,7,12,,2.0,5.848,309.944,0,186.0,409.0
2019,1025,71,sochi,Russia,4,817,ricciardo,4,RIC,renault,10,0,24,101284.0,,1.0,36031.0,36031.0,34.0,10,68.0,5,10,93661.0,2.0,5.848,140.352,0,238.0,564.0
2019,1025,71,sochi,Russia,1,822,bottas,131,BOT,mercedes,4,2,53,96316.0,5622821.0,1.0,29436.0,29436.0,249.0,2,571.0,1,5,92632.0,2.0,5.848,309.944,0,1910.0,5024.0
2019,1025,71,sochi,Russia,1,825,kevin_magnussen,210,MAG,haas,13,9,53,98130.0,5677771.0,1.0,30509.0,30509.0,20.0,15,28.0,9,14,,2.0,5.848,309.944,0,166.0,264.0
2019,1025,71,sochi,Russia,1,826,kvyat,5,KVY,toro_rosso,19,12,53,98228.0,5681488.0,2.0,60324.0,30162.0,33.0,12,55.0,6,20,,2.0,5.848,309.944,0,228.0,497.0
2019,1025,71,sochi,Russia,1,830,max_verstappen,9,VER,red_bull,9,4,53,96937.0,5633202.0,1.0,29978.0,29978.0,212.0,4,311.0,3,4,92310.0,2.0,5.848,309.944,0,1571.0,2634.0
2019,1025,71,sochi,Russia,1,832,sainz,1,SAI,mclaren,5,6,53,98020.0,5664881.0,1.0,30103.0,30103.0,66.0,7,101.0,4,6,93222.0,2.0,5.848,309.944,0,458.0,843.0
2019,1025,71,sochi,Russia,1,840,stroll,211,STR,racing_point,14,11,53,98611.0,5679813.0,1.0,30168.0,30168.0,19.0,16,52.0,7,15,,2.0,5.848,309.944,0,136.0,430.0
2019,1025,71,sochi,Russia,1,841,giovinazzi,51,GIO,alfa,12,15,53,98696.0,5692338.0,2.0,68420.0,34210.0,4.0,18,35.0,8,13,,2.0,5.848,309.944,0,16.0,336.0
2019,1025,71,sochi,Russia,1,842,gasly,5,GAS,toro_rosso,16,14,53,98606.0,5689068.0,1.0,29935.0,29935.0,69.0,6,55.0,6,11,,2.0,5.848,309.944,0,557.0,510.0
2019,1025,71,sochi,Russia,1,844,leclerc,6,LEC,ferrari,1,3,53,96193.0,5624204.0,2.0,58949.0,29474.5,215.0,3,409.0,2,1,91628.0,2.0,5.848,309.944,0,1390.0,3536.0
2019,1025,71,sochi,Russia,1,846,norris,1,NOR,mclaren,7,8,53,98301.0,5676741.0,1.0,29290.0,29290.0,35.0,9,101.0,4,8,93301.0,2.0,5.848,309.944,0,231.0,874.0
2019,1025,71,sochi,Russia,23,847,russell,3,RUS,williams,17,0,27,101705.0,,1.0,29857.0,29857.0,0.0,20,1.0,10,17,,2.0,5.848,157.896,0,0.0,10.0
2019,1025,71,sochi,Russia,1,848,albon,9,ALB,red_bull,0,5,53,96762.0,5657340.0,1.0,29854.0,29854.0,52.0,8,311.0,3,19,,2.0,5.848,309.944,0,213.0,2728.0
2019,1026,22,suzuka,Japan,1,1,hamilton,131,HAM,mercedes,4,3,52,90983.0,4920613.0,2.0,47173.0,23586.5,338.0,1,612.0,1,4,87302.0,45.0,5.807,301.964,0,2590.0,5198.0
2019,1026,22,suzuka,Japan,11,8,raikkonen,51,RAI,alfa,13,12,51,93190.0,,2.0,47632.0,23816.0,31.0,14,35.0,8,13,,45.0,5.807,296.15700000000004,0,276.0,339.0
2019,1026,22,suzuka,Japan,12,9,kubica,3,KUB,williams,0,17,50,96332.0,,2.0,49704.0,24852.0,1.0,19,1.0,10,20,,45.0,5.807,290.35,0,7.0,10.0
2019,1026,22,suzuka,Japan,1,20,vettel,6,VET,ferrari,1,2,52,92122.0,4920098.0,2.0,47245.0,23622.5,212.0,5,435.0,2,1,87064.0,45.0,5.807,301.964,0,1592.0,3683.0
2019,1026,22,suzuka,Japan,11,154,grosjean,210,GRO,haas,10,13,51,94988.0,,1.0,23478.0,23478.0,8.0,17,28.0,9,10,89341.0,45.0,5.807,296.15700000000004,0,62.0,266.0
2019,1026,22,suzuka,Japan,2,807,hulkenberg,4,HUL,renault,15,0,51,94921.0,,1.0,24132.0,24132.0,34.0,13,68.0,5,15,,45.0,5.807,296.15700000000004,0,236.0,593.0
2019,1026,22,suzuka,Japan,11,815,perez,211,PER,racing_point,17,8,51,92621.0,,2.0,46181.0,23090.5,37.0,9,58.0,7,17,,45.0,5.807,296.15700000000004,0,210.0,457.0
2019,1026,22,suzuka,Japan,2,817,ricciardo,4,RIC,renault,16,0,51,93481.0,,1.0,23292.0,23292.0,34.0,12,68.0,5,16,,45.0,5.807,296.15700000000004,0,256.0,622.0
2019,1026,22,suzuka,Japan,1,822,bottas,131,BOT,mercedes,3,1,52,91862.0,4906755.0,2.0,46157.0,23078.5,274.0,2,612.0,1,3,87293.0,45.0,5.807,301.964,0,2051.0,5372.0
2019,1026,22,suzuka,Japan,11,825,kevin_magnussen,210,MAG,haas,19,15,51,91732.0,,2.0,48129.0,24064.5,20.0,16,28.0,9,19,,45.0,5.807,296.15700000000004,0,172.0,268.0
2019,1026,22,suzuka,Japan,11,826,kvyat,5,KVY,toro_rosso,14,10,51,93239.0,,1.0,23293.0,23293.0,34.0,11,62.0,6,14,,45.0,5.807,296.15700000000004,0,252.0,529.0
2019,1026,22,suzuka,Japan,23,830,max_verstappen,9,VER,red_bull,5,0,14,97249.0,,0.0,0.0,0.0,212.0,4,323.0,3,5,87851.0,45.0,5.807,81.298,0,1695.0,2807.0
2019,1026,22,suzuka,Japan,1,832,sainz,1,SAI,mclaren,7,5,52,93563.0,4975856.0,1.0,23476.0,23476.0,76.0,6,111.0,4,7,88304.0,45.0,5.807,301.964,0,516.0,903.0
2019,1026,22,suzuka,Japan,11,840,stroll,211,STR,racing_point,12,9,51,94713.0,,1.0,23292.0,23292.0,21.0,15,58.0,7,12,,45.0,5.807,296.15700000000004,0,151.0,484.0
2019,1026,22,suzuka,Japan,11,841,giovinazzi,51,GIO,alfa,11,14,51,92369.0,,2.0,46763.0,23381.5,4.0,18,35.0,8,11,,45.0,5.807,296.15700000000004,0,20.0,342.0
2019,1026,22,suzuka,Japan,11,842,gasly,5,GAS,toro_rosso,9,7,51,95321.0,,1.0,23180.0,23180.0,75.0,7,62.0,6,9,88836.0,45.0,5.807,296.15700000000004,0,596.0,548.0
2019,1026,22,suzuka,Japan,11,844,leclerc,6,LEC,ferrari,2,6,51,91611.0,,3.0,77362.0,25787.333333333332,223.0,3,435.0,2,2,87253.0,45.0,5.807,296.15700000000004,0,1541.0,3830.0
2019,1026,22,suzuka,Japan,11,846,norris,1,NOR,mclaren,8,11,51,94116.0,,2.0,49296.0,24648.0,35.0,10,111.0,4,8,88464.0,45.0,5.807,296.15700000000004,0,254.0,932.0
2019,1026,22,suzuka,Japan,12,847,russell,3,RUS,williams,18,16,50,95458.0,,1.0,23792.0,23792.0,0.0,20,1.0,10,18,,45.0,5.807,290.35,0,0.0,10.0
2019,1026,22,suzuka,Japan,1,848,albon,9,ALB,red_bull,6,4,52,92775.0,4966292.0,2.0,46655.0,23327.5,64.0,8,323.0,3,6,87851.0,45.0,5.807,301.964,0,270.0,2886.0
2019,1027,32,rodriguez,Mexico,1,1,hamilton,131,HAM,mercedes,3,1,71,79461.0,5808904.0,1.0,22269.0,22269.0,363.0,1,652.0,1,4,75262.0,2227.0,4.304,305.584,0,2766.0,5553.0
2019,1027,32,rodriguez,Mexico,25,8,raikkonen,51,RAI,alfa,14,0,58,80082.0,,2.0,45717.0,22858.5,31.0,14,35.0,8,14,,2227.0,4.304,249.632,0,288.0,345.0
2019,1027,32,rodriguez,Mexico,12,9,kubica,3,KUB,williams,20,18,69,80696.0,,2.0,47176.0,23588.0,1.0,19,1.0,10,20,,2227.0,4.304,296.976,0,8.0,10.0
2019,1027,32,rodriguez,Mexico,1,20,vettel,6,VET,ferrari,2,2,71,79381.0,5810670.0,1.0,21862.0,21862.0,230.0,4,466.0,2,3,75170.0,2227.0,4.304,305.584,0,1711.0,3970.0
2019,1027,32,rodriguez,Mexico,12,154,grosjean,210,GRO,haas,18,17,69,81581.0,,1.0,24128.0,24128.0,8.0,17,28.0,9,18,,2227.0,4.304,296.976,0,68.0,270.0
2019,1027,32,rodriguez,Mexico,11,807,hulkenberg,4,HUL,renault,12,10,70,80791.0,,1.0,22484.0,22484.0,35.0,11,73.0,5,12,,2227.0,4.304,301.28000000000003,0,255.0,652.0
2019,1027,32,rodriguez,Mexico,1,815,perez,211,PER,racing_point,11,7,71,80485.0,5882723.0,1.0,22357.0,22357.0,43.0,9,64.0,7,11,,2227.0,4.304,305.584,0,240.0,508.0
2019,1027,32,rodriguez,Mexico,1,817,ricciardo,4,RIC,renault,13,8,71,80146.0,5883828.0,1.0,22345.0,22345.0,38.0,10,73.0,5,13,,2227.0,4.304,305.584,0,278.0,682.0
2019,1027,32,rodriguez,Mexico,1,822,bottas,131,BOT,mercedes,6,3,71,79494.0,5812457.0,1.0,22179.0,22179.0,289.0,2,652.0,1,6,75338.0,2227.0,4.304,305.584,0,2189.0,5734.0
2019,1027,32,rodriguez,Mexico,12,825,kevin_magnussen,210,MAG,haas,17,15,69,81682.0,,1.0,23084.0,23084.0,20.0,16,28.0,9,17,,2227.0,4.304,296.976,0,178.0,272.0
2019,1027,32,rodriguez,Mexico,11,826,kvyat,5,KVY,toro_rosso,9,11,70,79905.0,,2.0,44523.0,22261.5,34.0,13,64.0,6,9,76469.0,2227.0,4.304,301.28000000000003,0,276.0,561.0
2019,1027,32,rodriguez,Mexico,1,830,max_verstappen,9,VER,red_bull,4,6,71,80406.0,5877711.0,1.0,24493.0,24493.0,220.0,5,341.0,3,1,74758.0,2227.0,4.304,305.584,0,1815.0,2973.0
2019,1027,32,rodriguez,Mexico,11,832,sainz,1,SAI,mclaren,7,13,70,80311.0,,2.0,44420.0,22210.0,76.0,7,111.0,4,7,76014.0,2227.0,4.304,301.28000000000003,0,566.0,961.0
2019,1027,32,rodriguez,Mexico,11,840,stroll,211,STR,racing_point,16,12,70,80922.0,,1.0,22745.0,22745.0,21.0,15,64.0,7,16,,2227.0,4.304,301.28000000000003,0,166.0,532.0
2019,1027,32,rodriguez,Mexico,11,841,giovinazzi,51,GIO,alfa,15,14,70,81014.0,,1.0,43411.0,43411.0,4.0,18,35.0,8,15,,2227.0,4.304,301.28000000000003,0,24.0,348.0
2019,1027,32,rodriguez,Mexico,11,842,gasly,5,GAS,toro_rosso,10,9,70,79530.0,,2.0,45307.0,22653.5,77.0,6,64.0,6,10,76586.0,2227.0,4.304,301.28000000000003,0,636.0,574.0
2019,1027,32,rodriguez,Mexico,1,844,leclerc,6,LEC,ferrari,1,4,71,79232.0,5815272.0,2.0,47788.0,23894.0,236.0,3,466.0,2,2,75024.0,2227.0,4.304,305.584,0,1690.0,4110.0
2019,1027,32,rodriguez,Mexico,54,846,norris,1,NOR,mclaren,8,0,48,81643.0,,0.0,0.0,0.0,35.0,12,111.0,4,8,76322.0,2227.0,4.304,206.592,0,275.0,990.0
2019,1027,32,rodriguez,Mexico,12,847,russell,3,RUS,williams,19,16,69,81286.0,,1.0,22887.0,22887.0,0.0,20,1.0,10,19,,2227.0,4.304,296.976,0,0.0,10.0
2019,1027,32,rodriguez,Mexico,1,848,albon,9,ALB,red_bull,5,5,71,79325.0,5830303.0,2.0,44195.0,22097.5,74.0,8,341.0,3,5,75336.0,2227.0,4.304,305.584,0,337.0,3060.0
2019,1028,69,americas,USA,1,1,hamilton,131,HAM,mercedes,5,2,56,98446.0,5639801.0,1.0,23943.0,23943.0,381.0,1,695.0,1,5,92321.0,161.0,5.513,308.728,0,2950.0,5924.0
2019,1028,69,americas,USA,11,8,raikkonen,51,RAI,alfa,17,11,55,99608.0,,2.0,49230.0,24615.0,31.0,14,35.0,8,17,,161.0,5.513,303.215,0,298.0,349.0
2019,1028,69,americas,USA,44,9,kubica,3,KUB,williams,19,0,31,103830.0,,1.0,24164.0,24164.0,1.0,19,1.0,10,20,,161.0,5.513,170.903,0,9.0,10.0
2019,1028,69,americas,USA,22,20,vettel,6,VET,ferrari,2,0,7,102165.0,,0.0,0.0,0.0,230.0,5,479.0,2,2,92041.0,161.0,5.513,38.591,0,1818.0,4238.0
2019,1028,69,americas,USA,11,154,grosjean,210,GRO,haas,15,15,55,101270.0,,1.0,24583.0,24583.0,8.0,17,28.0,9,15,,161.0,5.513,303.215,0,74.0,274.0
2019,1028,69,americas,USA,11,807,hulkenberg,4,HUL,renault,11,9,55,98437.0,,2.0,47929.0,23964.5,37.0,12,83.0,5,11,,161.0,5.513,303.215,0,276.0,700.0
2019,1028,69,americas,USA,11,815,perez,211,PER,racing_point,0,10,55,100165.0,,1.0,24207.0,24207.0,44.0,10,65.0,6,19,,161.0,5.513,303.215,0,271.0,551.0
2019,1028,69,americas,USA,1,817,ricciardo,4,RIC,renault,9,6,56,100564.0,5726019.0,1.0,23751.0,23751.0,46.0,9,83.0,5,9,93488.0,161.0,5.513,308.728,0,308.0,718.0
2019,1028,69,americas,USA,1,822,bottas,131,BOT,mercedes,1,1,56,96957.0,5635653.0,2.0,47970.0,23985.0,314.0,2,695.0,1,1,92029.0,161.0,5.513,308.728,0,2337.0,6114.0
2019,1028,69,americas,USA,23,825,kevin_magnussen,210,MAG,haas,12,18,52,100347.0,,2.0,49660.0,24830.0,20.0,16,28.0,9,12,,161.0,5.513,286.676,0,184.0,276.0
2019,1028,69,americas,USA,11,826,kvyat,5,KVY,toro_rosso,13,12,55,98969.0,,2.0,51277.0,25638.5,34.0,13,64.0,7,13,,161.0,5.513,303.215,0,300.0,587.0
2019,1028,69,americas,USA,1,830,max_verstappen,9,VER,red_bull,3,3,56,98214.0,5640655.0,2.0,47160.0,23580.0,235.0,4,366.0,3,3,92096.0,161.0,5.513,308.728,0,1924.0,3160.0
2019,1028,69,americas,USA,11,832,sainz,1,SAI,mclaren,7,8,55,100844.0,,1.0,24784.0,24784.0,80.0,7,121.0,4,7,92847.0,161.0,5.513,303.215,0,616.0,1028.0
2019,1028,69,americas,USA,11,840,stroll,211,STR,racing_point,14,13,55,100380.0,,2.0,49762.0,24881.0,21.0,15,65.0,6,14,,161.0,5.513,303.215,0,181.0,570.0
2019,1028,69,americas,USA,11,841,giovinazzi,51,GIO,alfa,16,14,55,99964.0,,2.0,49436.0,24718.0,4.0,18,35.0,8,16,,161.0,5.513,303.215,0,27.0,350.0
2019,1028,69,americas,USA,22,842,gasly,5,GAS,toro_rosso,10,16,54,100850.0,,2.0,48455.0,24227.5,77.0,8,64.0,7,10,93601.0,161.0,5.513,297.702,0,670.0,600.0
2019,1028,69,americas,USA,1,844,leclerc,6,LEC,ferrari,4,4,56,96169.0,5687892.0,2.0,53001.0,26500.5,249.0,3,479.0,2,4,92137.0,161.0,5.513,308.728,0,1834.0,4366.0
2019,1028,69,americas,USA,1,846,norris,1,NOR,mclaren,8,7,56,98074.0,5726417.0,2.0,50454.0,25227.0,41.0,11,121.0,4,8,93175.0,161.0,5.513,308.728,0,294.0,1066.0
2019,1028,69,americas,USA,12,847,russell,3,RUS,williams,18,17,54,101239.0,,2.0,52450.0,26225.0,0.0,20,1.0,10,18,,161.0,5.513,297.702,0,0.0,10.0
2019,1028,69,americas,USA,1,848,albon,9,ALB,red_bull,6,5,56,98029.0,5713691.0,3.0,81018.0,27006.0,84.0,6,366.0,3,6,92548.0,161.0,5.513,308.728,0,414.0,3260.0
2019,1029,18,interlagos,Brazil,1,1,hamilton,131,HAM,mercedes,3,7,71,71082.0,5605817.0,3.0,69030.0,23010.0,387.0,1,701.0,1,3,67699.0,785.0,4.309,305.939,0,3114.0,6288.0
2019,1029,18,interlagos,Brazil,1,8,raikkonen,51,RAI,alfa,8,4,71,73135.0,5604130.0,2.0,47304.0,23652.0,43.0,12,57.0,8,9,68984.0,785.0,4.309,305.939,0,316.0,372.0
2019,1029,18,interlagos,Brazil,11,9,kubica,3,KUB,williams,19,16,70,74553.0,,4.0,101160.0,25290.0,1.0,19,1.0,10,19,,785.0,4.309,301.63,0,10.0,10.0
2019,1029,18,interlagos,Brazil,4,20,vettel,6,VET,ferrari,2,17,65,71384.0,,2.0,46177.0,23088.5,230.0,5,479.0,2,2,67631.0,785.0,4.309,280.08500000000004,0,1925.0,4451.0
2019,1029,18,interlagos,Brazil,1,154,grosjean,210,GRO,haas,7,13,71,73619.0,5608925.0,2.0,47247.0,23623.5,8.0,18,28.0,9,8,68854.0,785.0,4.309,305.939,0,80.0,278.0
2019,1029,18,interlagos,Brazil,1,807,hulkenberg,4,HUL,renault,13,15,71,72934.0,5612737.0,3.0,69687.0,23229.0,37.0,13,91.0,5,14,,785.0,4.309,305.939,0,296.0,742.0
2019,1029,18,interlagos,Brazil,1,815,perez,211,PER,racing_point,15,9,71,72840.0,5606207.0,2.0,46221.0,23110.5,46.0,10,67.0,7,15,,785.0,4.309,305.939,0,304.0,591.0
2019,1029,18,interlagos,Brazil,1,817,ricciardo,4,RIC,renault,11,6,71,72733.0,5605219.0,2.0,60251.0,30125.5,54.0,9,91.0,5,12,,785.0,4.309,305.939,0,340.0,766.0
2019,1029,18,interlagos,Brazil,131,822,bottas,131,BOT,mercedes,4,0,51,70698.0,,2.0,46358.0,23179.0,314.0,2,701.0,1,5,67874.0,785.0,4.309,219.75900000000001,0,2467.0,6462.0
2019,1029,18,interlagos,Brazil,1,825,kevin_magnussen,210,MAG,haas,9,11,71,73262.0,5607410.0,2.0,47370.0,23685.0,20.0,16,28.0,9,10,69037.0,785.0,4.309,305.939,0,190.0,280.0
2019,1029,18,interlagos,Brazil,1,826,kvyat,5,KVY,toro_rosso,16,10,71,72385.0,5606609.0,2.0,46137.0,23068.5,35.0,14,83.0,6,16,,785.0,4.309,305.939,0,323.0,628.0
2019,1029,18,interlagos,Brazil,1,830,max_verstappen,9,VER,red_bull,1,1,71,70862.0,5594678.0,3.0,68068.0,22689.333333333332,260.0,3,391.0,3,1,67508.0,785.0,4.309,305.939,0,2048.0,3362.0
2019,1029,18,interlagos,Brazil,1,832,sainz,1,SAI,mclaren,20,3,71,73158.0,5603574.0,1.0,22770.0,22770.0,95.0,7,140.0,4,20,,785.0,4.309,305.939,0,673.0,1117.0
2019,1029,18,interlagos,Brazil,22,840,stroll,211,STR,racing_point,17,19,65,72603.0,,2.0,48187.0,24093.5,21.0,15,67.0,7,17,,785.0,4.309,280.08500000000004,0,196.0,612.0
2019,1029,18,interlagos,Brazil,1,841,giovinazzi,51,GIO,alfa,12,5,71,73020.0,5604879.0,2.0,46679.0,23339.5,14.0,17,57.0,8,13,,785.0,4.309,305.939,0,40.0,394.0
2019,1029,18,interlagos,Brazil,1,842,gasly,5,GAS,toro_rosso,6,2,71,72425.0,5600755.0,2.0,46506.0,23253.0,95.0,6,83.0,6,7,68837.0,785.0,4.309,305.939,0,710.0,656.0
2019,1029,18,interlagos,Brazil,4,844,leclerc,6,LEC,ferrari,14,18,65,71423.0,,2.0,46008.0,23004.0,249.0,4,479.0,2,4,67728.0,785.0,4.309,280.08500000000004,0,1963.0,4536.0
2019,1029,18,interlagos,Brazil,1,846,norris,1,NOR,mclaren,10,8,71,72328.0,5605882.0,2.0,46736.0,23368.0,45.0,11,140.0,4,11,,785.0,4.309,305.939,0,317.0,1168.0
2019,1029,18,interlagos,Brazil,1,847,russell,3,RUS,williams,18,12,71,73752.0,5608277.0,3.0,68140.0,22713.333333333332,0.0,20,1.0,10,18,,785.0,4.309,305.939,0,0.0,10.0
2019,1029,18,interlagos,Brazil,1,848,albon,9,ALB,red_bull,5,14,71,71087.0,5609605.0,2.0,46144.0,23072.0,84.0,8,391.0,3,6,67935.0,785.0,4.309,305.939,0,491.0,3464.0
2019,1030,24,yas_marina,UAE,1,1,hamilton,131,HAM,mercedes,1,1,55,99283.0,5645715.0,1.0,22178.0,22178.0,413.0,1,739.0,1,1,94779.0,3.0,5.554,305.47,0,3302.0,6630.0
2019,1030,24,yas_marina,UAE,11,8,raikkonen,51,RAI,alfa,17,13,54,103142.0,,1.0,22410.0,22410.0,43.0,12,57.0,8,18,,3.0,5.554,299.916,0,334.0,416.0
2019,1030,24,yas_marina,UAE,12,9,kubica,3,KUB,williams,19,19,53,104500.0,,1.0,21688.0,21688.0,1.0,19,1.0,10,20,,3.0,5.554,294.362,0,10.0,10.0
2019,1030,24,yas_marina,UAE,1,20,vettel,6,VET,ferrari,4,5,55,100128.0,5710072.0,2.0,47629.0,23814.5,240.0,5,504.0,2,5,95339.0,3.0,5.554,305.47,0,2024.0,4631.0
2019,1030,24,yas_marina,UAE,11,154,grosjean,210,GRO,haas,15,15,54,103666.0,,1.0,21968.0,21968.0,8.0,18,28.0,9,16,,3.0,5.554,299.916,0,80.0,280.0
2019,1030,24,yas_marina,UAE,11,807,hulkenberg,4,HUL,renault,9,12,54,103274.0,,1.0,21578.0,21578.0,37.0,14,91.0,5,10,96710.0,3.0,5.554,299.916,0,316.0,789.0
2019,1030,24,yas_marina,UAE,11,815,perez,211,PER,racing_point,10,7,54,102639.0,,1.0,22230.0,22230.0,52.0,10,73.0,7,11,,3.0,5.554,299.916,0,343.0,633.0
2019,1030,24,yas_marina,UAE,11,817,ricciardo,4,RIC,renault,7,11,54,101190.0,,2.0,43528.0,21764.0,54.0,9,91.0,5,8,96456.0,3.0,5.554,299.916,0,372.0,812.0
2019,1030,24,yas_marina,UAE,1,822,bottas,131,BOT,mercedes,20,4,55,99715.0,5690094.0,1.0,21145.0,21145.0,326.0,2,739.0,1,2,94973.0,3.0,5.554,305.47,0,2609.0,6798.0
2019,1030,24,yas_marina,UAE,11,825,kevin_magnussen,210,MAG,haas,14,14,54,103790.0,,1.0,21531.0,21531.0,20.0,16,28.0,9,15,,3.0,5.554,299.916,0,192.0,280.0
2019,1030,24,yas_marina,UAE,11,826,kvyat,5,KVY,toro_rosso,13,9,54,102222.0,,1.0,21496.0,21496.0,37.0,13,85.0,6,14,,3.0,5.554,299.916,0,333.0,686.0
2019,1030,24,yas_marina,UAE,1,830,max_verstappen,9,VER,red_bull,2,2,55,101119.0,5662487.0,1.0,21023.0,21023.0,278.0,3,417.0,3,3,95139.0,3.0,5.554,305.47,0,2164.0,3570.0
2019,1030,24,yas_marina,UAE,11,832,sainz,1,SAI,mclaren,8,10,54,101294.0,,2.0,43394.0,21697.0,96.0,6,145.0,4,9,96459.0,3.0,5.554,299.916,0,721.0,1212.0
2019,1030,24,yas_marina,UAE,23,840,stroll,211,STR,racing_point,12,0,45,103326.0,,2.0,50620.0,25310.0,21.0,15,73.0,7,13,,3.0,5.554,249.93,0,199.0,654.0
2019,1030,24,yas_marina,UAE,11,841,giovinazzi,51,GIO,alfa,16,16,54,103256.0,,2.0,44165.0,22082.5,14.0,17,57.0,8,17,,3.0,5.554,299.916,0,53.0,438.0
2019,1030,24,yas_marina,UAE,12,842,gasly,5,GAS,toro_rosso,11,18,53,102414.0,,0.0,0.0,0.0,95.0,7,85.0,6,12,,3.0,5.554,294.362,0,750.0,716.0
2019,1030,24,yas_marina,UAE,1,844,leclerc,6,LEC,ferrari,3,3,55,100442.0,5689150.0,2.0,42971.0,21485.5,264.0,4,504.0,2,4,95219.0,3.0,5.554,305.47,0,2107.0,4726.0
2019,1030,24,yas_marina,UAE,11,846,norris,1,NOR,mclaren,6,8,54,103026.0,,1.0,22974.0,22974.0,49.0,11,145.0,4,7,96436.0,3.0,5.554,299.916,0,344.0,1256.0
2019,1030,24,yas_marina,UAE,11,847,russell,3,RUS,williams,18,17,54,103074.0,,1.0,22272.0,22272.0,0.0,20,1.0,10,19,,3.0,5.554,299.916,0,0.0,10.0
2019,1030,24,yas_marina,UAE,1,848,albon,9,ALB,red_bull,5,6,55,102219.0,5714920.0,1.0,22028.0,22028.0,92.0,8,417.0,3,6,95682.0,3.0,5.554,305.47,0,568.0,3676.0
2020,1031,70,red_bull_ring,Austria,1,1,hamilton,131,HAM,mercedes,5,4,71,67712.0,5461428.0,2.0,38215.0,19107.5,12.0,4,37.0,1,2,62951.0,678.0,4.318,306.578,0,3064.0,6223.0
2020,1031,70,red_bull_ring,Austria,36,8,raikkonen,51,RAI,alfa,19,0,53,69031.0,,2.0,44798.0,22399.0,0.0,14,2.0,7,19,,678.0,4.318,228.85399999999998,0,303.0,405.0
2020,1031,70,red_bull_ring,Austria,1,20,vettel,6,VET,ferrari,11,10,71,68623.0,5480284.0,3.0,64299.0,21433.0,1.0,10,19.0,3,11,,678.0,4.318,306.578,0,1869.0,4310.0
2020,1031,70,red_bull_ring,Austria,23,154,grosjean,210,GRO,haas,15,0,49,70228.0,,1.0,23280.0,23280.0,0.0,16,0.0,10,15,,678.0,4.318,211.582,0,72.0,252.0
2020,1031,70,red_bull_ring,Austria,1,815,perez,211,PER,racing_point,6,6,71,68305.0,5470831.0,2.0,38929.0,19464.5,8.0,6,8.0,4,6,63868.0,678.0,4.318,306.578,0,338.0,604.0
2020,1031,70,red_bull_ring,Austria,25,817,ricciardo,4,RIC,renault,10,0,17,70610.0,,0.0,0.0,0.0,0.0,19,4.0,6,10,64239.0,678.0,4.318,73.40599999999999,0,350.0,748.0
2020,1031,70,red_bull_ring,Austria,1,822,bottas,131,BOT,mercedes,1,1,71,67657.0,5455739.0,2.0,38344.0,19172.0,25.0,1,37.0,1,1,62939.0,678.0,4.318,306.578,0,2446.0,5648.0
2020,1031,70,red_bull_ring,Austria,23,825,kevin_magnussen,210,MAG,haas,16,0,24,70720.0,,0.0,0.0,0.0,0.0,17,0.0,10,16,,678.0,4.318,103.63199999999999,0,174.0,224.0
2020,1031,70,red_bull_ring,Austria,22,826,kvyat,213,KVY,alphatauri,13,12,69,69135.0,,3.0,64047.0,21349.0,0.0,12,6.0,5,13,,678.0,4.318,297.94199999999995,0,306.0,6.0
2020,1031,70,red_bull_ring,Austria,40,830,max_verstappen,9,VER,red_bull,2,0,11,69351.0,,0.0,0.0,0.0,0.0,20,0.0,9,3,63477.0,678.0,4.318,47.498,0,1983.0,3353.0
2020,1031,70,red_bull_ring,Austria,1,832,sainz,1,SAI,mclaren,8,5,71,67974.0,5464642.0,3.0,65696.0,21898.666666666668,10.0,5,26.0,2,8,63971.0,678.0,4.318,306.578,0,673.0,1171.0
2020,1031,70,red_bull_ring,Austria,1,839,ocon,4,OCO,renault,14,8,71,68932.0,5473195.0,2.0,41309.0,20654.5,4.0,8,4.0,6,14,,678.0,4.318,306.578,0,423.0,684.0
2020,1031,70,red_bull_ring,Austria,5,840,stroll,211,STR,racing_point,9,0,20,70326.0,,0.0,0.0,0.0,0.0,18,8.0,4,9,64029.0,678.0,4.318,86.35999999999999,0,181.0,554.0
2020,1031,70,red_bull_ring,Austria,1,841,giovinazzi,51,GIO,alfa,18,9,71,68796.0,5476885.0,3.0,66137.0,22045.666666666668,2.0,9,2.0,7,18,,678.0,4.318,306.578,0,54.0,372.0
2020,1031,70,red_bull_ring,Austria,1,842,gasly,213,GAS,alphatauri,12,7,71,69025.0,5472421.0,2.0,42377.0,21188.5,6.0,7,6.0,5,12,,678.0,4.318,306.578,0,693.0,12.0
2020,1031,70,red_bull_ring,Austria,1,844,leclerc,6,LEC,ferrari,7,2,71,67901.0,5458439.0,3.0,63476.0,21158.666666666668,18.0,2,19.0,3,7,63923.0,678.0,4.318,306.578,0,1993.0,3894.0
2020,1031,70,red_bull_ring,Austria,1,846,norris,1,NOR,mclaren,3,3,71,67475.0,5461230.0,3.0,63721.0,21240.333333333332,16.0,3,26.0,2,4,63626.0,678.0,4.318,306.578,0,336.0,1086.0
2020,1031,70,red_bull_ring,Austria,32,847,russell,3,RUS,williams,17,0,49,69317.0,,1.0,21417.0,21417.0,0.0,15,0.0,8,17,,678.0,4.318,211.582,0,0.0,9.0
2020,1031,70,red_bull_ring,Austria,40,848,albon,9,ALB,red_bull,4,13,67,68432.0,,3.0,60156.0,20052.0,0.0,13,0.0,9,5,63868.0,678.0,4.318,289.306,0,552.0,3030.0
2020,1031,70,red_bull_ring,Austria,1,849,latifi,3,LAT,williams,20,11,71,69662.0,5487389.0,3.0,63464.0,21154.666666666668,0.0,11,0.0,8,20,,678.0,4.318,306.578,0,0.0,8.0
2020,1032,70,red_bull_ring,Austria,1,1,hamilton,131,HAM,mercedes,1,1,71,66719.0,4970683.0,1.0,21729.0,21729.0,37.0,2,80.0,1,1,79273.0,678.0,4.318,306.578,0,2833.0,5076.0
2020,1032,70,red_bull_ring,Austria,11,8,raikkonen,51,RAI,alfa,16,11,70,68382.0,,1.0,21459.0,21459.0,0.0,17,2.0,8,16,,678.0,4.318,302.26,0,272.0,339.0
2020,1032,70,red_bull_ring,Austria,130,20,vettel,6,VET,ferrari,10,0,1,,,0.0,0.0,0.0,1.0,15,19.0,5,10,81651.0,678.0,4.318,4.318,0,1701.0,3447.0
2020,1032,70,red_bull_ring,Austria,11,154,grosjean,210,GRO,haas,0,13,70,68047.0,,1.0,22444.0,22444.0,0.0,19,0.0,10,20,,678.0,4.318,302.26,0,64.0,196.0
2020,1032,70,red_bull_ring,Austria,1,815,perez,211,PER,racing_point,17,6,71,67188.0,5033070.0,1.0,22761.0,22761.0,16.0,5,22.0,4,17,,678.0,4.318,306.578,0,333.0,512.0
2020,1032,70,red_bull_ring,Austria,1,817,ricciardo,4,RIC,renault,8,8,71,67832.0,5033274.0,1.0,21603.0,21603.0,4.0,12,8.0,6,9,81192.0,678.0,4.318,306.578,0,332.0,619.0
2020,1032,70,red_bull_ring,Austria,1,822,bottas,131,BOT,mercedes,4,2,71,67534.0,4984402.0,1.0,21376.0,21376.0,43.0,1,80.0,1,4,80701.0,678.0,4.318,306.578,0,2286.0,4504.0
2020,1032,70,red_bull_ring,Austria,11,825,kevin_magnussen,210,MAG,haas,15,12,70,68009.0,,1.0,21977.0,21977.0,0.0,18,0.0,10,15,,678.0,4.318,302.26,0,156.0,168.0
2020,1032,70,red_bull_ring,Austria,11,826,kvyat,213,KVY,alphatauri,13,10,70,68378.0,,1.0,22197.0,22197.0,1.0,14,7.0,7,14,,678.0,4.318,302.26,0,274.0,19.0
2020,1032,70,red_bull_ring,Austria,1,830,max_verstappen,9,VER,red_bull,2,3,71,66145.0,5004381.0,2.0,42028.0,21014.0,15.0,6,27.0,3,2,80489.0,678.0,4.318,306.578,0,1817.0,2716.0
2020,1032,70,red_bull_ring,Austria,11,832,sainz,1,SAI,mclaren,3,9,70,65619.0,,2.0,47856.0,23928.0,13.0,7,39.0,2,3,80671.0,678.0,4.318,302.26,0,628.0,1014.0
2020,1032,70,red_bull_ring,Austria,25,839,ocon,4,OCO,renault,5,0,25,69321.0,,0.0,0.0,0.0,4.0,11,8.0,6,5,80922.0,678.0,4.318,107.94999999999999,0,390.0,554.0
2020,1032,70,red_bull_ring,Austria,1,840,stroll,211,STR,racing_point,12,7,71,67833.0,5033136.0,1.0,22118.0,22118.0,6.0,10,22.0,4,13,,678.0,4.318,306.578,0,168.0,470.0
2020,1032,70,red_bull_ring,Austria,11,841,giovinazzi,51,GIO,alfa,19,14,70,68512.0,,1.0,21667.0,21667.0,2.0,13,2.0,8,19,,678.0,4.318,302.26,0,55.0,306.0
2020,1032,70,red_bull_ring,Austria,11,842,gasly,213,GAS,alphatauri,7,15,70,67827.0,,2.0,44230.0,22115.0,6.0,9,7.0,7,8,81028.0,678.0,4.318,302.26,0,634.0,26.0
2020,1032,70,red_bull_ring,Austria,130,844,leclerc,6,LEC,ferrari,14,0,4,95379.0,,1.0,39715.0,39715.0,18.0,4,19.0,5,11,,678.0,4.318,17.272,0,1854.0,3000.0
2020,1032,70,red_bull_ring,Austria,1,846,norris,1,NOR,mclaren,9,5,71,67193.0,5032153.0,1.0,22406.0,22406.0,26.0,3,39.0,2,6,80925.0,678.0,4.318,306.578,0,338.0,942.0
2020,1032,70,red_bull_ring,Austria,12,847,russell,3,RUS,williams,11,16,69,68601.0,,1.0,21697.0,21697.0,0.0,20,0.0,9,12,,678.0,4.318,297.94199999999995,0,0.0,7.0
2020,1032,70,red_bull_ring,Austria,1,848,albon,9,ALB,red_bull,6,4,71,67299.0,5015083.0,1.0,21505.0,21505.0,12.0,8,27.0,3,7,81011.0,678.0,4.318,306.578,0,538.0,2402.0
2020,1032,70,red_bull_ring,Austria,12,849,latifi,3,LAT,williams,18,17,69,68806.0,,1.0,22745.0,22745.0,0.0,16,0.0,9,18,,678.0,4.318,297.94199999999995,0,0.0,6.0
2020,1033,11,hungaroring,Hungary,1,1,hamilton,131,HAM,mercedes,1,1,70,76627.0,5772473.0,3.0,67010.0,22336.666666666668,63.0,1,121.0,1,1,73447.0,264.0,4.381,306.67,0,2612.0,3930.0
2020,1033,11,hungaroring,Hungary,11,8,raikkonen,51,RAI,alfa,20,15,69,80889.0,,2.0,49427.0,24713.5,0.0,17,2.0,8,20,,264.0,4.381,302.289,0,241.0,273.0
2020,1033,11,hungaroring,Hungary,11,20,vettel,6,VET,ferrari,5,6,69,80363.0,,2.0,50166.0,25083.0,9.0,10,27.0,5,5,74774.0,264.0,4.381,302.289,0,1541.0,2548.0
2020,1033,11,hungaroring,Hungary,11,154,grosjean,210,GRO,haas,0,16,69,80232.0,,1.0,22591.0,22591.0,0.0,19,1.0,9,18,,264.0,4.381,302.289,0,56.0,141.0
2020,1033,11,hungaroring,Hungary,11,815,perez,211,PER,racing_point,4,7,69,80090.0,,2.0,45314.0,22657.0,22.0,6,40.0,4,4,74545.0,264.0,4.381,302.289,0,328.0,445.0
2020,1033,11,hungaroring,Hungary,11,817,ricciardo,4,RIC,renault,11,8,69,79532.0,,2.0,43993.0,21996.5,8.0,11,12.0,6,11,,264.0,4.381,302.289,0,306.0,483.0
2020,1033,11,hungaroring,Hungary,1,822,bottas,131,BOT,mercedes,2,3,70,77665.0,5781925.0,3.0,65122.0,21707.333333333332,58.0,2,121.0,1,2,73554.0,264.0,4.381,306.67,0,2123.0,3356.0
2020,1033,11,hungaroring,Hungary,11,825,kevin_magnussen,210,MAG,haas,0,10,69,79457.0,,1.0,23621.0,23621.0,1.0,16,1.0,9,16,,264.0,4.381,302.289,0,139.0,114.0
2020,1033,11,hungaroring,Hungary,11,826,kvyat,213,KVY,alphatauri,17,12,69,80946.0,,2.0,46253.0,23126.5,1.0,15,7.0,7,17,,264.0,4.381,302.289,0,242.0,33.0
2020,1033,11,hungaroring,Hungary,1,830,max_verstappen,9,VER,red_bull,7,2,70,79184.0,5781175.0,2.0,42797.0,21398.5,33.0,3,55.0,2,7,74849.0,264.0,4.381,306.67,0,1665.0,2091.0
2020,1033,11,hungaroring,Hungary,11,832,sainz,1,SAI,mclaren,9,9,69,80477.0,,2.0,49569.0,24784.5,15.0,9,41.0,3,9,75027.0,264.0,4.381,302.289,0,585.0,862.0
2020,1033,11,hungaroring,Hungary,11,839,ocon,4,OCO,renault,14,14,69,80261.0,,2.0,46141.0,23070.5,4.0,13,12.0,6,14,,264.0,4.381,302.289,0,349.0,412.0
2020,1033,11,hungaroring,Hungary,1,840,stroll,211,STR,racing_point,3,4,70,78973.0,5830052.0,3.0,67672.0,22557.333333333332,18.0,8,40.0,4,3,74377.0,264.0,4.381,306.67,0,167.0,420.0
2020,1033,11,hungaroring,Hungary,11,841,giovinazzi,51,GIO,alfa,19,17,69,80096.0,,3.0,67196.0,22398.666666666668,2.0,14,2.0,8,19,,264.0,4.381,302.289,0,54.0,240.0
2020,1033,11,hungaroring,Hungary,5,842,gasly,213,GAS,alphatauri,10,0,15,83939.0,,1.0,22740.0,22740.0,6.0,12,7.0,7,10,,264.0,4.381,65.715,0,575.0,40.0
2020,1033,11,hungaroring,Hungary,11,844,leclerc,6,LEC,ferrari,6,11,69,80821.0,,2.0,44830.0,22415.0,18.0,7,27.0,5,6,74817.0,264.0,4.381,302.289,0,1690.0,2096.0
2020,1033,11,hungaroring,Hungary,11,846,norris,1,NOR,mclaren,8,13,69,79945.0,,2.0,45754.0,22877.0,26.0,4,41.0,3,8,74966.0,264.0,4.381,302.289,0,339.0,782.0
2020,1033,11,hungaroring,Hungary,11,847,russell,3,RUS,williams,12,18,69,79984.0,,3.0,64599.0,21533.0,0.0,20,0.0,10,12,,264.0,4.381,302.289,0,0.0,5.0
2020,1033,11,hungaroring,Hungary,1,848,albon,9,ALB,red_bull,13,5,70,79440.0,5850789.0,2.0,45220.0,22610.0,22.0,5,55.0,2,13,,264.0,4.381,306.67,0,526.0,1780.0
2020,1033,11,hungaroring,Hungary,15,849,latifi,3,LAT,williams,15,19,65,81198.0,,5.0,133867.0,26773.4,0.0,18,0.0,10,15,,264.0,4.381,284.765,0,0.0,4.0
2020,1034,9,silverstone,UK,1,1,hamilton,131,HAM,mercedes,1,1,52,89238.0,5281283.0,1.0,28805.0,28805.0,88.0,1,146.0,1,1,84303.0,153.0,5.891,306.332,0,2404.0,2801.0
2020,1034,9,silverstone,UK,11,8,raikkonen,51,RAI,alfa,16,17,51,89973.0,,2.0,80675.0,40337.5,0.0,18,2.0,8,18,,153.0,5.891,300.441,0,210.0,185.0
2020,1034,9,silverstone,UK,1,20,vettel,6,VET,ferrari,10,10,52,90537.0,5323140.0,1.0,29439.0,29439.0,10.0,13,43.0,4,10,86339.0,153.0,5.891,306.332,0,1357.0,1660.0
2020,1034,9,silverstone,UK,1,154,grosjean,210,GRO,haas,17,16,52,89782.0,5336333.0,1.0,33816.0,33816.0,0.0,20,1.0,9,19,,153.0,5.891,306.332,0,48.0,87.0
2020,1034,9,silverstone,UK,131,807,hulkenberg,211,HUL,racing_point,13,0,0,,,0.0,0.0,0.0,0.0,21,42.0,5,13,,153.0,5.891,0.0,0,299.0,395.0
2020,1034,9,silverstone,UK,1,817,ricciardo,4,RIC,renault,8,4,52,89482.0,5300933.0,1.0,29559.0,29559.0,20.0,9,32.0,6,8,86009.0,153.0,5.891,306.332,0,292.0,353.0
2020,1034,9,silverstone,UK,1,822,bottas,131,BOT,mercedes,2,11,52,89265.0,5323450.0,2.0,64173.0,32086.5,58.0,2,146.0,1,2,84616.0,153.0,5.891,306.332,0,1950.0,2246.0
2020,1034,9,silverstone,UK,4,825,kevin_magnussen,210,MAG,haas,14,0,1,,,0.0,0.0,0.0,1.0,16,1.0,9,16,,153.0,5.891,5.891,0,122.0,60.0
2020,1034,9,silverstone,UK,3,826,kvyat,213,KVY,alphatauri,19,0,11,92443.0,,0.0,0.0,0.0,1.0,15,13.0,7,14,,153.0,5.891,64.801,0,210.0,53.0
2020,1034,9,silverstone,UK,1,830,max_verstappen,9,VER,red_bull,3,2,52,87097.0,5287139.0,2.0,56481.0,28240.5,52.0,3,78.0,2,3,85325.0,153.0,5.891,306.332,0,1517.0,1467.0
2020,1034,9,silverstone,UK,1,832,sainz,1,SAI,mclaren,7,13,52,89948.0,5334653.0,2.0,64765.0,32382.5,15.0,10,51.0,3,7,85965.0,153.0,5.891,306.332,0,542.0,693.0
2020,1034,9,silverstone,UK,1,839,ocon,4,OCO,renault,9,6,52,89491.0,5308220.0,1.0,30768.0,30768.0,12.0,11,32.0,6,9,86209.0,153.0,5.891,306.332,0,316.0,294.0
2020,1034,9,silverstone,UK,1,840,stroll,211,STR,racing_point,6,9,52,90475.0,5318594.0,1.0,28716.0,28716.0,20.0,8,42.0,5,6,85839.0,153.0,5.891,306.332,0,168.0,370.0
2020,1034,9,silverstone,UK,1,841,giovinazzi,51,GIO,alfa,15,14,52,90977.0,5335488.0,1.0,28355.0,28355.0,2.0,14,2.0,8,17,,153.0,5.891,306.332,0,52.0,130.0
2020,1034,9,silverstone,UK,1,842,gasly,213,GAS,alphatauri,11,7,52,89603.0,5312471.0,1.0,29414.0,29414.0,12.0,12,13.0,7,11,,153.0,5.891,306.332,0,518.0,66.0
2020,1034,9,silverstone,UK,1,844,leclerc,6,LEC,ferrari,4,3,52,89813.0,5299757.0,1.0,29520.0,29520.0,33.0,5,43.0,4,4,85427.0,153.0,5.891,306.332,0,1523.0,1224.0
2020,1034,9,silverstone,UK,1,846,norris,1,NOR,mclaren,5,5,52,90058.0,5303560.0,1.0,30289.0,30289.0,36.0,4,51.0,3,5,85782.0,153.0,5.891,306.332,0,344.0,604.0
2020,1034,9,silverstone,UK,1,847,russell,3,RUS,williams,20,12,52,90862.0,5333287.0,1.0,29302.0,29302.0,0.0,19,0.0,10,15,,153.0,5.891,306.332,0,0.0,3.0
2020,1034,9,silverstone,UK,1,848,albon,9,ALB,red_bull,12,8,52,88689.0,5313953.0,2.0,62142.0,31071.0,26.0,6,78.0,2,12,,153.0,5.891,306.332,0,510.0,1154.0
2020,1034,9,silverstone,UK,1,849,latifi,3,LAT,williams,18,15,52,90501.0,5335832.0,1.0,31371.0,31371.0,0.0,17,0.0,10,20,,153.0,5.891,306.332,0,0.0,2.0
2020,1035,9,silverstone,UK,1,1,hamilton,131,HAM,mercedes,2,2,52,88451.0,4793319.0,2.0,57808.0,28904.0,107.0,1,180.0,1,2,85217.0,153.0,5.891,306.332,0,2189.0,1687.0
2020,1035,9,silverstone,UK,11,8,raikkonen,51,RAI,alfa,20,15,51,91756.0,,1.0,29296.0,29296.0,0.0,18,2.0,8,20,,153.0,5.891,300.441,0,179.0,75.0
2020,1035,9,silverstone,UK,1,20,vettel,6,VET,ferrari,11,12,52,90785.0,4855363.0,2.0,56519.0,28259.5,10.0,13,55.0,3,12,,153.0,5.891,306.332,0,1173.0,775.0
2020,1035,9,silverstone,UK,11,154,grosjean,210,GRO,haas,13,16,51,90793.0,,2.0,59180.0,29590.0,0.0,21,1.0,9,14,,153.0,5.891,300.441,0,40.0,33.0
2020,1035,9,silverstone,UK,1,807,hulkenberg,211,HUL,racing_point,3,7,52,90087.0,4837944.0,3.0,86103.0,28701.0,6.0,14,41.0,5,3,86082.0,153.0,5.891,306.332,0,284.0,338.0
2020,1035,9,silverstone,UK,11,817,ricciardo,4,RIC,renault,5,14,51,91168.0,,3.0,84811.0,28270.333333333332,20.0,9,36.0,6,5,86297.0,153.0,5.891,300.441,0,278.0,239.0
2020,1035,9,silverstone,UK,1,822,bottas,131,BOT,mercedes,1,3,52,89765.0,4801224.0,2.0,56596.0,28298.0,73.0,3,180.0,1,1,85154.0,153.0,5.891,306.332,0,1774.0,1128.0
2020,1035,9,silverstone,UK,31,825,kevin_magnussen,210,MAG,haas,17,0,43,91830.0,,2.0,58323.0,29161.5,1.0,17,1.0,9,17,,153.0,5.891,253.313,0,103.0,6.0
2020,1035,9,silverstone,UK,1,826,kvyat,213,KVY,alphatauri,16,10,52,90738.0,4851662.0,2.0,56401.0,28200.5,2.0,16,14.0,7,16,,153.0,5.891,306.332,0,179.0,80.0
2020,1035,9,silverstone,UK,1,830,max_verstappen,9,VER,red_bull,4,1,52,89465.0,4781993.0,2.0,58101.0,29050.5,77.0,2,113.0,2,4,86176.0,153.0,5.891,306.332,0,1382.0,850.0
2020,1035,9,silverstone,UK,1,832,sainz,1,SAI,mclaren,12,13,52,90556.0,4856063.0,2.0,64636.0,32318.0,15.0,11,53.0,4,13,,153.0,5.891,306.332,0,491.0,512.0
2020,1035,9,silverstone,UK,1,839,ocon,4,OCO,renault,14,8,52,90575.0,4846766.0,1.0,28093.0,28093.0,16.0,10,36.0,6,11,,153.0,5.891,306.332,0,285.0,184.0
2020,1035,9,silverstone,UK,1,840,stroll,211,STR,racing_point,6,6,52,90877.0,4824531.0,2.0,56209.0,28104.5,28.0,7,41.0,5,6,86428.0,153.0,5.891,306.332,0,177.0,306.0
2020,1035,9,silverstone,UK,11,841,giovinazzi,51,GIO,alfa,19,17,51,91826.0,,2.0,55585.0,27792.5,2.0,15,2.0,8,19,,153.0,5.891,300.441,0,50.0,20.0
2020,1035,9,silverstone,UK,1,842,gasly,213,GAS,alphatauri,7,11,52,90092.0,4852635.0,2.0,56662.0,28331.0,12.0,12,14.0,7,7,86534.0,153.0,5.891,306.332,0,461.0,94.0
2020,1035,9,silverstone,UK,1,844,leclerc,6,LEC,ferrari,8,4,52,90552.0,4811282.0,1.0,29419.0,29419.0,45.0,4,55.0,3,8,86614.0,153.0,5.891,306.332,0,1353.0,326.0
2020,1035,9,silverstone,UK,1,846,norris,1,NOR,mclaren,10,9,52,90698.0,4847537.0,2.0,56823.0,28411.5,38.0,5,53.0,4,10,86778.0,153.0,5.891,306.332,0,347.0,420.0
2020,1035,9,silverstone,UK,11,847,russell,3,RUS,williams,15,18,51,91408.0,,3.0,85414.0,28471.333333333332,0.0,20,0.0,10,15,,153.0,5.891,300.441,0,0.0,1.0
2020,1035,9,silverstone,UK,1,848,albon,9,ALB,red_bull,9,5,52,89477.0,4821139.0,2.0,56275.0,28137.5,36.0,6,113.0,2,9,86669.0,153.0,5.891,306.332,0,494.0,546.0
2020,1035,9,silverstone,UK,11,849,latifi,3,LAT,williams,18,19,51,89950.0,,3.0,85831.0,28610.333333333332,0.0,19,0.0,10,18,,153.0,5.891,300.441,0,0.0,0.0
2020,1036,4,catalunya,Spain,1,1,hamilton,131,HAM,mercedes,1,1,66,79822.0,5505279.0,2.0,45230.0,22615.0,132.0,1,221.0,1,1,75584.0,109.0,4.657,307.362,0,1983.0,1312.0
2020,1036,4,catalunya,Spain,11,8,raikkonen,51,RAI,alfa,14,14,65,81888.0,,2.0,44511.0,22255.5,0.0,18,2.0,8,14,,109.0,4.657,302.705,0,148.0,20.0
2020,1036,4,catalunya,Spain,11,20,vettel,6,VET,ferrari,11,7,65,82707.0,,1.0,21820.0,21820.0,16.0,11,61.0,5,11,,109.0,4.657,302.705,0,977.0,368.0
2020,1036,4,catalunya,Spain,12,154,grosjean,210,GRO,haas,17,19,64,80409.0,,2.0,47222.0,23611.0,0.0,21,1.0,9,17,,109.0,4.657,298.048,0,32.0,7.0
2020,1036,4,catalunya,Spain,11,815,perez,211,PER,racing_point,4,5,65,82515.0,,1.0,22641.0,22641.0,32.0,8,63.0,3,4,76482.0,109.0,4.657,302.705,0,333.0,361.0
2020,1036,4,catalunya,Spain,11,817,ricciardo,4,RIC,renault,13,11,65,82464.0,,1.0,21837.0,21837.0,20.0,10,36.0,6,13,,109.0,4.657,302.705,0,264.0,216.0
2020,1036,4,catalunya,Spain,1,822,bottas,131,BOT,mercedes,2,3,66,78183.0,5550031.0,3.0,67060.0,22353.333333333332,89.0,3,221.0,1,2,75643.0,109.0,4.657,307.362,0,1589.0,1496.0
2020,1036,4,catalunya,Spain,11,825,kevin_magnussen,210,MAG,haas,16,15,65,83474.0,,1.0,24148.0,24148.0,1.0,17,1.0,9,16,,109.0,4.657,302.705,0,84.0,8.0
2020,1036,4,catalunya,Spain,11,826,kvyat,213,KVY,alphatauri,12,12,65,82336.0,,2.0,45115.0,22557.5,2.0,16,16.0,7,12,,109.0,4.657,302.705,0,147.0,104.0
2020,1036,4,catalunya,Spain,1,830,max_verstappen,9,VER,red_bull,3,2,66,81477.0,5529456.0,2.0,43133.0,21566.5,95.0,2,135.0,2,3,76292.0,109.0,4.657,307.362,0,1265.0,681.0
2020,1036,4,catalunya,Spain,11,832,sainz,1,SAI,mclaren,7,6,65,81771.0,,2.0,44244.0,22122.0,23.0,9,62.0,4,7,77044.0,109.0,4.657,302.705,0,438.0,456.0
2020,1036,4,catalunya,Spain,11,839,ocon,4,OCO,renault,15,13,65,82174.0,,1.0,22366.0,22366.0,16.0,12,36.0,6,15,,109.0,4.657,302.705,0,252.0,248.0
2020,1036,4,catalunya,Spain,11,840,stroll,211,STR,racing_point,5,4,65,82024.0,,2.0,44739.0,22369.5,40.0,5,63.0,3,5,76589.0,109.0,4.657,302.705,0,196.0,416.0
2020,1036,4,catalunya,Spain,11,841,giovinazzi,51,GIO,alfa,20,16,65,81801.0,,2.0,44037.0,22018.5,2.0,15,2.0,8,20,,109.0,4.657,302.705,0,48.0,20.0
2020,1036,4,catalunya,Spain,11,842,gasly,213,GAS,alphatauri,10,9,65,82543.0,,2.0,44635.0,22317.5,14.0,13,16.0,7,10,77136.0,109.0,4.657,302.705,0,400.0,114.0
2020,1036,4,catalunya,Spain,40,844,leclerc,6,LEC,ferrari,9,0,38,83968.0,,1.0,22274.0,22274.0,45.0,4,61.0,5,9,77087.0,109.0,4.657,176.966,0,1175.0,410.0
2020,1036,4,catalunya,Spain,11,846,norris,1,NOR,mclaren,8,10,65,82392.0,,2.0,43860.0,21930.0,39.0,7,62.0,4,8,77084.0,109.0,4.657,302.705,0,351.0,492.0
2020,1036,4,catalunya,Spain,11,847,russell,3,RUS,williams,18,17,65,82503.0,,2.0,44597.0,22298.5,0.0,20,0.0,10,18,,109.0,4.657,302.705,0,0.0,0.0
2020,1036,4,catalunya,Spain,11,848,albon,9,ALB,red_bull,6,8,65,82194.0,,2.0,43467.0,21733.5,40.0,6,135.0,2,6,77029.0,109.0,4.657,302.705,0,470.0,816.0
2020,1036,4,catalunya,Spain,12,849,latifi,3,LAT,williams,19,18,64,82030.0,,2.0,44797.0,22398.5,0.0,19,0.0,10,19,,109.0,4.657,298.048,0,0.0,0.0
2020,1037,13,spa,Belgium,1,1,hamilton,131,HAM,mercedes,1,1,44,107758.0,5048761.0,1.0,23298.0,23298.0,157.0,1,264.0,1,1,101252.0,401.0,7.004,308.176,0,1777.0,1680.0
2020,1037,13,spa,Belgium,1,8,raikkonen,51,RAI,alfa,16,12,44,109822.0,5120265.0,1.0,22960.0,22960.0,0.0,18,2.0,8,16,,401.0,7.004,308.176,0,117.0,20.0
2020,1037,13,spa,Belgium,1,20,vettel,6,VET,ferrari,14,13,44,109958.0,5121655.0,1.0,22982.0,22982.0,16.0,13,61.0,5,14,,401.0,7.004,308.176,0,763.0,452.0
2020,1037,13,spa,Belgium,1,154,grosjean,210,GRO,haas,17,15,44,110018.0,5125554.0,1.0,23636.0,23636.0,0.0,21,1.0,9,17,,401.0,7.004,308.176,0,24.0,9.0
2020,1037,13,spa,Belgium,1,815,perez,211,PER,racing_point,8,10,44,108389.0,5101940.0,1.0,23175.0,23175.0,33.0,9,66.0,4,8,102532.0,401.0,7.004,308.176,0,333.0,460.0
2020,1037,13,spa,Belgium,1,817,ricciardo,4,RIC,renault,4,4,44,107483.0,5067638.0,1.0,23586.0,23586.0,33.0,8,59.0,6,4,102061.0,401.0,7.004,308.176,0,259.0,299.0
2020,1037,13,spa,Belgium,1,822,bottas,131,BOT,mercedes,2,2,44,107983.0,5057209.0,1.0,25548.0,25548.0,107.0,3,264.0,1,2,101763.0,401.0,7.004,308.176,0,1407.0,1864.0
2020,1037,13,spa,Belgium,1,825,kevin_magnussen,210,MAG,haas,20,17,44,108083.0,5134301.0,2.0,50495.0,25247.5,1.0,17,1.0,9,20,,401.0,7.004,308.176,0,65.0,10.0
2020,1037,13,spa,Belgium,1,826,kvyat,213,KVY,alphatauri,11,11,44,109832.0,5118961.0,1.0,23769.0,23769.0,2.0,16,20.0,7,11,,401.0,7.004,308.176,0,115.0,127.0
2020,1037,13,spa,Belgium,1,830,max_verstappen,9,VER,red_bull,3,3,44,108305.0,5064216.0,1.0,23314.0,23314.0,110.0,2,158.0,2,3,101778.0,401.0,7.004,308.176,0,1155.0,947.0
2020,1037,13,spa,Belgium,43,832,sainz,1,SAI,mclaren,7,0,0,,,0.0,0.0,0.0,23.0,11,68.0,3,7,102438.0,401.0,7.004,0.0,0,385.0,521.0
2020,1037,13,spa,Belgium,1,839,ocon,4,OCO,renault,6,5,44,108540.0,5089411.0,1.0,24305.0,24305.0,26.0,10,59.0,6,6,102396.0,401.0,7.004,308.176,0,229.0,350.0
2020,1037,13,spa,Belgium,1,840,stroll,211,STR,racing_point,9,9,44,109136.0,5101364.0,1.0,23689.0,23689.0,42.0,7,66.0,4,9,102603.0,401.0,7.004,308.176,0,217.0,504.0
2020,1037,13,spa,Belgium,3,841,giovinazzi,51,GIO,alfa,18,0,9,111793.0,,0.0,0.0,0.0,2.0,15,2.0,8,18,,401.0,7.004,63.035999999999994,0,46.0,20.0
2020,1037,13,spa,Belgium,1,842,gasly,213,GAS,alphatauri,12,8,44,107839.0,5096132.0,1.0,22681.0,22681.0,18.0,12,20.0,7,12,,401.0,7.004,308.176,0,341.0,140.0
2020,1037,13,spa,Belgium,1,844,leclerc,6,LEC,ferrari,13,14,44,107840.0,5123681.0,2.0,55778.0,27889.0,45.0,5,61.0,5,13,,401.0,7.004,308.176,0,984.0,494.0
2020,1037,13,spa,Belgium,1,846,norris,1,NOR,mclaren,10,7,44,108552.0,5092535.0,1.0,23046.0,23046.0,45.0,6,68.0,3,10,102657.0,401.0,7.004,308.176,0,361.0,550.0
2020,1037,13,spa,Belgium,138,847,russell,3,RUS,williams,15,0,9,111754.0,,0.0,0.0,0.0,0.0,20,0.0,10,15,,401.0,7.004,63.035999999999994,0,0.0,0.0
2020,1037,13,spa,Belgium,1,848,albon,9,ALB,red_bull,5,6,44,108736.0,5091473.0,1.0,22738.0,22738.0,48.0,4,158.0,2,5,102264.0,401.0,7.004,308.176,0,444.0,1078.0
2020,1037,13,spa,Belgium,1,849,latifi,3,LAT,williams,19,16,44,108048.0,5126556.0,2.0,47009.0,23504.5,0.0,19,0.0,10,19,,401.0,7.004,308.176,0,0.0,0.0
2020,1038,14,monza,Italy,1,1,hamilton,131,HAM,mercedes,1,7,53,82746.0,6443301.0,3.0,1573178.0,524392.6666666666,164.0,1,281.0,1,1,78887.0,162.0,5.793,307.029,0,1560.0,2024.0
2020,1038,14,monza,Italy,1,8,raikkonen,51,RAI,alfa,14,13,53,84835.0,6462368.0,2.0,1545439.0,772719.5,0.0,19,2.0,8,14,,162.0,5.793,307.029,0,86.0,20.0
2020,1038,14,monza,Italy,23,20,vettel,6,VET,ferrari,17,0,6,87107.0,,0.0,0.0,0.0,16.0,13,61.0,6,17,,162.0,5.793,34.758,0,549.0,528.0
2020,1038,14,monza,Italy,1,154,grosjean,210,GRO,haas,16,12,53,84785.0,6461220.0,2.0,1556124.0,778062.0,0.0,20,1.0,9,16,,162.0,5.793,307.029,0,16.0,10.0
2020,1038,14,monza,Italy,1,815,perez,211,PER,racing_point,4,10,53,84336.0,6449280.0,2.0,1551682.0,775841.0,34.0,11,82.0,4,4,79720.0,162.0,5.793,307.029,0,330.0,546.0
2020,1038,14,monza,Italy,1,817,ricciardo,4,RIC,renault,7,6,53,83898.0,6434447.0,2.0,1549135.0,774567.5,41.0,10,71.0,5,7,79864.0,162.0,5.793,307.029,0,254.0,409.0
2020,1038,14,monza,Italy,1,822,bottas,131,BOT,mercedes,2,5,53,83961.0,6433164.0,2.0,1546674.0,773337.0,117.0,2,281.0,1,2,78956.0,162.0,5.793,307.029,0,1210.0,2184.0
2020,1038,14,monza,Italy,131,825,kevin_magnussen,210,MAG,haas,15,0,17,85787.0,,1.0,40078.0,40078.0,1.0,17,1.0,9,15,,162.0,5.793,98.48100000000001,0,46.0,10.0
2020,1038,14,monza,Italy,1,826,kvyat,213,KVY,alphatauri,11,9,53,84479.0,6448264.0,2.0,1550059.0,775029.5,4.0,15,47.0,7,11,,162.0,5.793,307.029,0,85.0,180.0
2020,1038,14,monza,Italy,131,830,max_verstappen,9,VER,red_bull,5,0,30,85539.0,,2.0,1548945.0,774472.5,110.0,3,158.0,2,5,79795.0,162.0,5.793,173.79,0,1030.0,1181.0
2020,1038,14,monza,Italy,1,832,sainz,1,SAI,mclaren,3,2,53,83882.0,6426471.0,2.0,1546767.0,773383.5,41.0,9,98.0,3,3,79695.0,162.0,5.793,307.029,0,346.0,607.0
2020,1038,14,monza,Italy,1,839,ocon,4,OCO,renault,12,8,53,84490.0,6444747.0,2.0,1548513.0,774256.5,30.0,12,71.0,5,12,,162.0,5.793,307.029,0,210.0,468.0
2020,1038,14,monza,Italy,1,840,stroll,211,STR,racing_point,8,3,53,83897.0,6429414.0,1.0,1517308.0,1517308.0,57.0,4,82.0,4,8,80049.0,162.0,5.793,307.029,0,253.0,588.0
2020,1038,14,monza,Italy,1,841,giovinazzi,51,GIO,alfa,18,16,53,84856.0,6481255.0,3.0,1577303.0,525767.6666666666,2.0,16,2.0,8,18,,162.0,5.793,307.029,0,44.0,20.0
2020,1038,14,monza,Italy,1,842,gasly,213,GAS,alphatauri,10,1,53,84037.0,6426056.0,2.0,1543975.0,771987.5,43.0,8,47.0,7,10,80177.0,162.0,5.793,307.029,0,307.0,220.0
2020,1038,14,monza,Italy,3,844,leclerc,6,LEC,ferrari,13,0,23,86026.0,,1.0,24344.0,24344.0,45.0,7,61.0,6,13,,162.0,5.793,133.239,0,780.0,562.0
2020,1038,14,monza,Italy,1,846,norris,1,NOR,mclaren,6,4,53,84232.0,6432056.0,2.0,1546621.0,773310.5,57.0,5,98.0,3,6,79820.0,162.0,5.793,307.029,0,377.0,664.0
2020,1038,14,monza,Italy,1,847,russell,3,RUS,williams,19,14,53,84421.0,6462649.0,2.0,1553187.0,776593.5,0.0,21,0.0,10,19,,162.0,5.793,307.029,0,0.0,0.0
2020,1038,14,monza,Italy,1,848,albon,9,ALB,red_bull,9,15,53,84926.0,6463589.0,2.0,1557908.0,778954.0,48.0,6,158.0,2,9,80090.0,162.0,5.793,307.029,0,408.0,1284.0
2020,1038,14,monza,Italy,1,849,latifi,3,LAT,williams,20,11,53,84999.0,6458932.0,2.0,1549465.0,774732.5,0.0,18,0.0,10,20,,162.0,5.793,307.029,0,0.0,0.0
2020,1039,76,mugello,Italy,1,1,hamilton,131,HAM,mercedes,1,1,59,78833.0,8375060.0,5.0,2800388.0,560077.6,190.0,1,325.0,1,1,75144.0,255.0,5.245,309.455,0,1363.0,2363.0
2020,1039,76,mugello,Italy,1,8,raikkonen,51,RAI,alfa,13,9,59,81164.0,8404830.0,6.0,2741369.0,456894.8333333333,2.0,16,4.0,8,13,,255.0,5.245,309.455,0,45.0,22.0
2020,1039,76,mugello,Italy,1,20,vettel,6,VET,ferrari,14,10,59,81202.0,8405043.0,6.0,2812686.0,468781.0,17.0,13,66.0,6,14,,255.0,5.245,309.455,0,336.0,585.0
2020,1039,76,mugello,Italy,1,154,grosjean,210,GRO,haas,15,12,59,82263.0,8417096.0,5.0,2705017.0,541003.4,0.0,21,1.0,9,15,,255.0,5.245,309.455,0,8.0,10.0
2020,1039,76,mugello,Italy,1,815,perez,211,PER,racing_point,7,5,59,80632.0,8390710.0,5.0,2804880.0,560976.0,44.0,9,92.0,4,6,76311.0,255.0,5.245,309.455,0,331.0,638.0
2020,1039,76,mugello,Italy,1,817,ricciardo,4,RIC,renault,8,4,59,80426.0,8385477.0,5.0,2804005.0,560801.0,53.0,7,83.0,5,8,76543.0,255.0,5.245,309.455,0,253.0,519.0
2020,1039,76,mugello,Italy,1,822,bottas,131,BOT,mercedes,2,2,59,79432.0,8379940.0,5.0,2802282.0,560456.4,135.0,2,325.0,1,2,75203.0,255.0,5.245,309.455,0,1031.0,2542.0
2020,1039,76,mugello,Italy,4,825,kevin_magnussen,210,MAG,haas,20,0,5,133812.0,,0.0,0.0,0.0,1.0,18,1.0,9,20,,255.0,5.245,26.225,0,27.0,10.0
2020,1039,76,mugello,Italy,1,826,kvyat,213,KVY,alphatauri,12,7,59,81458.0,8396816.0,5.0,2799562.0,559912.4,10.0,14,53.0,7,12,,255.0,5.245,309.455,0,60.0,260.0
2020,1039,76,mugello,Italy,4,830,max_verstappen,9,VER,red_bull,3,0,0,,,0.0,0.0,0.0,110.0,3,173.0,2,3,75509.0,255.0,5.245,0.0,0,880.0,1379.0
2020,1039,76,mugello,Italy,4,832,sainz,1,SAI,mclaren,9,0,5,134103.0,,0.0,0.0,0.0,41.0,11,106.0,3,9,77870.0,255.0,5.245,26.225,0,292.0,719.0
2020,1039,76,mugello,Italy,23,839,ocon,4,OCO,renault,10,0,7,131793.0,,1.0,17455.0,17455.0,30.0,12,83.0,5,10,,255.0,5.245,36.715,0,191.0,570.0
2020,1039,76,mugello,Italy,29,840,stroll,211,STR,racing_point,6,0,42,82068.0,,3.0,1480049.0,493349.6666666667,57.0,6,92.0,4,7,76356.0,255.0,5.245,220.29,0,289.0,688.0
2020,1039,76,mugello,Italy,4,841,giovinazzi,51,GIO,alfa,17,0,5,133809.0,,0.0,0.0,0.0,2.0,17,4.0,8,17,,255.0,5.245,26.225,0,32.0,24.0
2020,1039,76,mugello,Italy,4,842,gasly,213,GAS,alphatauri,16,0,0,,,0.0,0.0,0.0,43.0,10,53.0,7,16,,255.0,5.245,0.0,0,255.0,300.0
2020,1039,76,mugello,Italy,1,844,leclerc,6,LEC,ferrari,5,8,59,81229.0,8403405.0,5.0,2786368.0,557273.6,49.0,8,66.0,6,5,76270.0,255.0,5.245,309.455,0,580.0,608.0
2020,1039,76,mugello,Italy,1,846,norris,1,NOR,mclaren,11,6,59,81198.0,8393943.0,5.0,2805287.0,561057.4,65.0,4,106.0,3,11,,255.0,5.245,309.455,0,397.0,774.0
2020,1039,76,mugello,Italy,1,847,russell,3,RUS,williams,18,11,59,81645.0,8407464.0,5.0,2781685.0,556337.0,0.0,20,0.0,10,18,,255.0,5.245,309.455,0,0.0,0.0
2020,1039,76,mugello,Italy,1,848,albon,9,ALB,red_bull,4,3,59,80039.0,8383124.0,5.0,2803954.0,560790.8,63.0,5,173.0,2,4,75954.0,255.0,5.245,309.455,0,387.0,1474.0
2020,1039,76,mugello,Italy,4,849,latifi,3,LAT,williams,19,0,6,131365.0,,0.0,0.0,0.0,0.0,19,0.0,10,19,,255.0,5.245,31.47,0,0.0,0.0
2020,1040,71,sochi,Russia,1,1,hamilton,131,HAM,mercedes,1,3,53,98075.0,5663093.0,1.0,41352.0,41352.0,205.0,1,366.0,1,1,91304.0,2.0,5.848,309.944,0,1155.0,2728.0
2020,1040,71,sochi,Russia,11,8,raikkonen,51,RAI,alfa,19,14,52,98858.0,,1.0,33317.0,33317.0,2.0,16,4.0,8,20,,2.0,5.848,304.096,0,4.0,26.0
2020,1040,71,sochi,Russia,11,20,vettel,6,VET,ferrari,14,13,52,99588.0,,1.0,29395.0,29395.0,17.0,13,74.0,6,15,,2.0,5.848,304.096,0,113.0,627.0
2020,1040,71,sochi,Russia,11,154,grosjean,210,GRO,haas,16,17,52,99614.0,,2.0,60042.0,30021.0,0.0,21,1.0,9,16,,2.0,5.848,304.096,0,0.0,10.0
2020,1040,71,sochi,Russia,1,815,perez,211,PER,racing_point,4,4,53,98141.0,5670922.0,1.0,29602.0,29602.0,56.0,9,104.0,4,4,92317.0,2.0,5.848,309.944,0,343.0,751.0
2020,1040,71,sochi,Russia,1,817,ricciardo,4,RIC,renault,5,5,53,97886.0,5692429.0,1.0,30112.0,30112.0,63.0,6,99.0,5,5,92364.0,2.0,5.848,309.944,0,262.0,633.0
2020,1040,71,sochi,Russia,1,822,bottas,131,BOT,mercedes,3,1,53,97030.0,5640364.0,1.0,29750.0,29750.0,161.0,2,366.0,1,3,91956.0,2.0,5.848,309.944,0,866.0,2914.0
2020,1040,71,sochi,Russia,11,825,kevin_magnussen,210,MAG,haas,18,12,52,100380.0,,1.0,30188.0,30188.0,1.0,18,1.0,9,18,,2.0,5.848,304.096,0,8.0,10.0
2020,1040,71,sochi,Russia,1,826,kvyat,213,KVY,alphatauri,11,8,53,99133.0,5709104.0,1.0,29662.0,29662.0,14.0,14,59.0,7,12,,2.0,5.848,309.944,0,37.0,345.0
2020,1040,71,sochi,Russia,1,830,max_verstappen,9,VER,red_bull,2,2,53,97332.0,5648093.0,1.0,28748.0,28748.0,128.0,3,192.0,2,2,91867.0,2.0,5.848,309.944,0,730.0,1553.0
2020,1040,71,sochi,Russia,3,832,sainz,1,SAI,mclaren,6,0,0,,,0.0,0.0,0.0,41.0,11,106.0,3,6,92550.0,2.0,5.848,0.0,0,237.0,827.0
2020,1040,71,sochi,Russia,1,839,ocon,4,OCO,renault,7,7,53,99216.0,5708370.0,1.0,30068.0,30068.0,36.0,12,99.0,5,7,92624.0,2.0,5.848,309.944,0,178.0,696.0
2020,1040,71,sochi,Russia,4,840,stroll,211,STR,racing_point,12,0,0,,,0.0,0.0,0.0,57.0,8,104.0,4,13,,2.0,5.848,0.0,0,325.0,814.0
2020,1040,71,sochi,Russia,11,841,giovinazzi,51,GIO,alfa,17,11,52,99766.0,,1.0,29767.0,29767.0,2.0,17,4.0,8,17,,2.0,5.848,304.096,0,20.0,28.0
2020,1040,71,sochi,Russia,1,842,gasly,213,GAS,alphatauri,9,9,53,97231.0,5730130.0,2.0,59179.0,29589.5,45.0,10,59.0,7,9,93000.0,2.0,5.848,309.944,0,205.0,390.0
2020,1040,71,sochi,Russia,1,844,leclerc,6,LEC,ferrari,10,6,53,99053.0,5702550.0,1.0,30261.0,30261.0,57.0,7,74.0,6,11,,2.0,5.848,309.944,0,373.0,646.0
2020,1040,71,sochi,Russia,11,846,norris,1,NOR,mclaren,8,15,52,97377.0,,2.0,68476.0,34238.0,65.0,4,106.0,3,8,92847.0,2.0,5.848,304.096,0,413.0,880.0
2020,1040,71,sochi,Russia,11,847,russell,3,RUS,williams,13,18,52,97352.0,,3.0,89273.0,29757.666666666668,0.0,20,0.0,10,14,,2.0,5.848,304.096,0,0.0,0.0
2020,1040,71,sochi,Russia,1,848,albon,9,ALB,red_bull,15,10,53,98377.0,5738224.0,2.0,60322.0,30161.0,64.0,5,192.0,2,10,93008.0,2.0,5.848,309.944,0,359.0,1632.0
2020,1040,71,sochi,Russia,11,849,latifi,3,LAT,williams,20,16,52,101044.0,,1.0,29862.0,29862.0,0.0,19,0.0,10,19,,2.0,5.848,304.096,0,0.0,0.0
2020,1041,20,nurburgring,Germany,1,1,hamilton,131,HAM,mercedes,2,1,60,88145.0,5749641.0,2.0,47163.0,23581.5,230.0,1,391.0,1,2,85525.0,578.0,5.148,308.88,0,1373.0,3084.0
2020,1041,20,nurburgring,Germany,1,8,raikkonen,51,RAI,alfa,19,12,60,90512.0,5791117.0,2.0,55881.0,27940.5,2.0,17,5.0,8,19,,578.0,5.148,308.88,0,6.0,31.0
2020,1041,20,nurburgring,Germany,1,20,vettel,6,VET,ferrari,11,11,60,90408.0,5790451.0,2.0,46982.0,23491.0,17.0,13,80.0,6,11,,578.0,5.148,308.88,0,129.0,665.0
2020,1041,20,nurburgring,Germany,1,154,grosjean,210,GRO,haas,16,9,60,91562.0,5788722.0,1.0,23635.0,23635.0,2.0,18,3.0,9,16,,578.0,5.148,308.88,0,2.0,12.0
2020,1041,20,nurburgring,Germany,1,807,hulkenberg,211,HUL,racing_point,20,8,60,90733.0,5782237.0,2.0,45386.0,22693.0,10.0,15,120.0,3,20,,578.0,5.148,308.88,0,263.0,871.0
2020,1041,20,nurburgring,Germany,1,815,perez,211,PER,racing_point,9,4,60,89700.0,5765711.0,2.0,45492.0,22746.0,68.0,5,120.0,3,9,86704.0,578.0,5.148,308.88,0,365.0,928.0
2020,1041,20,nurburgring,Germany,1,817,ricciardo,4,RIC,renault,6,3,60,89584.0,5764254.0,2.0,44689.0,22344.5,78.0,4,114.0,5,6,86223.0,578.0,5.148,308.88,0,340.0,774.0
2020,1041,20,nurburgring,Germany,131,822,bottas,131,BOT,mercedes,1,0,18,91884.0,,1.0,22625.0,22625.0,161.0,2,391.0,1,1,85269.0,578.0,5.148,92.66399999999999,0,1002.0,3254.0
2020,1041,20,nurburgring,Germany,1,825,kevin_magnussen,210,MAG,haas,15,13,60,90456.0,5799226.0,2.0,46130.0,23065.0,1.0,19,3.0,9,15,,578.0,5.148,308.88,0,9.0,14.0
2020,1041,20,nurburgring,Germany,1,826,kvyat,213,KVY,alphatauri,13,15,60,92214.0,5805229.0,2.0,53353.0,26676.5,14.0,14,67.0,7,13,,578.0,5.148,308.88,0,51.0,441.0
2020,1041,20,nurburgring,Germany,1,830,max_verstappen,9,VER,red_bull,3,2,60,88139.0,5754111.0,2.0,44674.0,22337.0,147.0,3,211.0,2,3,85562.0,578.0,5.148,308.88,0,877.0,1708.0
2020,1041,20,nurburgring,Germany,1,832,sainz,1,SAI,mclaren,10,5,60,90129.0,5771546.0,2.0,45144.0,22572.0,51.0,11,116.0,4,10,86709.0,578.0,5.148,308.88,0,278.0,934.0
2020,1041,20,nurburgring,Germany,6,839,ocon,4,OCO,renault,7,0,22,93189.0,,0.0,0.0,0.0,36.0,12,114.0,5,7,86242.0,578.0,5.148,113.256,0,210.0,852.0
2020,1041,20,nurburgring,Germany,1,841,giovinazzi,51,GIO,alfa,14,10,60,90909.0,5789676.0,2.0,45254.0,22627.0,3.0,16,5.0,8,14,,578.0,5.148,308.88,0,21.0,34.0
2020,1041,20,nurburgring,Germany,1,842,gasly,213,GAS,alphatauri,12,6,60,90110.0,5772407.0,2.0,45542.0,22771.0,53.0,10,67.0,7,12,,578.0,5.148,308.88,0,252.0,492.0
2020,1041,20,nurburgring,Germany,1,844,leclerc,6,LEC,ferrari,4,7,60,90712.0,5780455.0,2.0,45671.0,22835.5,63.0,8,80.0,6,4,86035.0,578.0,5.148,308.88,0,418.0,684.0
2020,1041,20,nurburgring,Germany,131,846,norris,1,NOR,mclaren,8,0,42,92328.0,,1.0,21991.0,21991.0,65.0,6,116.0,4,8,86458.0,578.0,5.148,216.21599999999998,0,462.0,988.0
2020,1041,20,nurburgring,Germany,4,847,russell,3,RUS,williams,17,0,12,94526.0,,1.0,22496.0,22496.0,0.0,21,0.0,10,17,,578.0,5.148,61.775999999999996,0,0.0,0.0
2020,1041,20,nurburgring,Germany,21,848,albon,9,ALB,red_bull,5,0,23,92330.0,,1.0,23562.0,23562.0,64.0,7,211.0,2,5,86047.0,578.0,5.148,118.404,0,423.0,1784.0
2020,1041,20,nurburgring,Germany,1,849,latifi,3,LAT,williams,18,14,60,91377.0,5804090.0,2.0,48800.0,24400.0,0.0,20,0.0,10,18,,578.0,5.148,308.88,0,0.0,0.0
2020,1042,75,portimao,Portugal,1,1,hamilton,131,HAM,mercedes,1,1,66,78750.0,5396828.0,1.0,27162.0,27162.0,256.0,1,435.0,1,1,76652.0,108.0,4.653,307.09799999999996,0,1592.0,3425.0
2020,1042,75,portimao,Portugal,11,8,raikkonen,51,RAI,alfa,16,11,65,81058.0,,1.0,29061.0,29061.0,2.0,17,5.0,8,16,,108.0,4.653,302.445,0,8.0,37.0
2020,1042,75,portimao,Portugal,11,20,vettel,6,VET,ferrari,15,10,65,80731.0,,1.0,26666.0,26666.0,18.0,13,93.0,6,15,,108.0,4.653,302.445,0,146.0,716.0
2020,1042,75,portimao,Portugal,11,154,grosjean,210,GRO,haas,18,17,65,81664.0,,1.0,26985.0,26985.0,2.0,18,3.0,9,18,,108.0,4.653,302.445,0,4.0,16.0
2020,1042,75,portimao,Portugal,11,815,perez,211,PER,racing_point,5,7,65,80802.0,,2.0,52812.0,26406.0,74.0,6,126.0,3,5,77223.0,108.0,4.653,302.445,0,387.0,988.0
2020,1042,75,portimao,Portugal,11,817,ricciardo,4,RIC,renault,10,9,65,80906.0,,1.0,26999.0,26999.0,80.0,4,120.0,5,10,,108.0,4.653,302.445,0,416.0,913.0
2020,1042,75,portimao,Portugal,1,822,bottas,131,BOT,mercedes,2,2,66,79345.0,5422420.0,1.0,26512.0,26512.0,179.0,2,435.0,1,2,76754.0,108.0,4.653,307.09799999999996,0,1138.0,3596.0
2020,1042,75,portimao,Portugal,11,825,kevin_magnussen,210,MAG,haas,19,16,65,81460.0,,1.0,27300.0,27300.0,1.0,19,3.0,9,19,,108.0,4.653,302.445,0,10.0,18.0
2020,1042,75,portimao,Portugal,12,826,kvyat,213,KVY,alphatauri,13,19,64,80449.0,,2.0,60154.0,30077.0,14.0,14,77.0,7,13,,108.0,4.653,297.792,0,64.0,549.0
2020,1042,75,portimao,Portugal,1,830,max_verstappen,9,VER,red_bull,3,3,66,79854.0,5431336.0,1.0,26394.0,26394.0,162.0,3,226.0,2,3,76904.0,108.0,4.653,307.09799999999996,0,1024.0,1852.0
2020,1042,75,portimao,Portugal,11,832,sainz,1,SAI,mclaren,7,6,65,80268.0,,1.0,27299.0,27299.0,59.0,10,124.0,4,7,77520.0,108.0,4.653,302.445,0,324.0,1044.0
2020,1042,75,portimao,Portugal,11,839,ocon,4,OCO,renault,11,8,65,80859.0,,1.0,28535.0,28535.0,40.0,12,120.0,5,11,,108.0,4.653,302.445,0,246.0,974.0
2020,1042,75,portimao,Portugal,130,840,stroll,211,STR,racing_point,12,0,51,81694.0,,2.0,73797.0,36898.5,57.0,11,126.0,3,12,,108.0,4.653,237.30299999999997,0,382.0,1048.0
2020,1042,75,portimao,Portugal,11,841,giovinazzi,51,GIO,alfa,17,15,65,81893.0,,1.0,26473.0,26473.0,3.0,16,5.0,8,17,,108.0,4.653,302.445,0,22.0,40.0
2020,1042,75,portimao,Portugal,11,842,gasly,213,GAS,alphatauri,9,5,65,80551.0,,1.0,27204.0,27204.0,63.0,9,77.0,7,9,77803.0,108.0,4.653,302.445,0,309.0,606.0
2020,1042,75,portimao,Portugal,1,844,leclerc,6,LEC,ferrari,4,4,66,80408.0,5462140.0,1.0,26940.0,26940.0,75.0,5,93.0,6,4,77090.0,108.0,4.653,307.09799999999996,0,475.0,748.0
2020,1042,75,portimao,Portugal,11,846,norris,1,NOR,mclaren,8,13,65,79360.0,,2.0,62557.0,31278.5,65.0,7,124.0,4,8,77525.0,108.0,4.653,302.445,0,501.0,1100.0
2020,1042,75,portimao,Portugal,11,847,russell,3,RUS,williams,14,14,65,80882.0,,1.0,32991.0,32991.0,0.0,21,0.0,10,14,,108.0,4.653,302.445,0,0.0,0.0
2020,1042,75,portimao,Portugal,11,848,albon,9,ALB,red_bull,6,12,65,79890.0,,2.0,52169.0,26084.5,64.0,8,226.0,2,6,77437.0,108.0,4.653,302.445,0,475.0,1920.0
2020,1042,75,portimao,Portugal,12,849,latifi,3,LAT,williams,20,18,64,81859.0,,1.0,26739.0,26739.0,0.0,20,0.0,10,20,,108.0,4.653,297.792,0,0.0,0.0
2020,1043,21,imola,Italy,1,1,hamilton,131,HAM,mercedes,2,1,63,75484.0,5312430.0,2.0,61307.0,30653.5,282.0,1,479.0,1,2,73706.0,37.0,4.909,309.267,0,1811.0,3794.0
2020,1043,21,imola,Italy,1,8,raikkonen,51,RAI,alfa,18,9,63,78088.0,5334654.0,1.0,29863.0,29863.0,4.0,16,8.0,8,18,,37.0,4.909,309.267,0,12.0,46.0
2020,1043,21,imola,Italy,1,20,vettel,6,VET,ferrari,14,12,63,77767.0,5340883.0,2.0,70431.0,35215.5,18.0,14,103.0,6,14,,37.0,4.909,309.267,0,155.0,790.0
2020,1043,21,imola,Italy,1,154,grosjean,210,GRO,haas,16,14,63,78822.0,5345365.0,2.0,61621.0,30810.5,2.0,18,3.0,9,16,,37.0,4.909,309.267,0,6.0,20.0
2020,1043,21,imola,Italy,1,815,perez,211,PER,racing_point,11,6,63,78084.0,5332082.0,2.0,60540.0,30270.0,82.0,6,134.0,5,11,,37.0,4.909,309.267,0,461.0,1100.0
2020,1043,21,imola,Italy,1,817,ricciardo,4,RIC,renault,5,3,63,77552.0,5326750.0,1.0,30204.0,30204.0,95.0,4,135.0,3,5,74520.0,37.0,4.909,309.267,0,503.0,1038.0
2020,1043,21,imola,Italy,1,822,bottas,131,BOT,mercedes,1,2,63,75902.0,5318213.0,2.0,59729.0,29864.5,197.0,2,479.0,1,1,73609.0,37.0,4.909,309.267,0,1277.0,3992.0
2020,1043,21,imola,Italy,139,825,kevin_magnussen,210,MAG,haas,17,0,47,79273.0,,1.0,30708.0,30708.0,1.0,19,3.0,9,17,,37.0,4.909,230.72299999999998,0,10.0,22.0
2020,1043,21,imola,Italy,1,826,kvyat,213,KVY,alphatauri,8,4,63,77666.0,5327571.0,2.0,60086.0,30043.0,26.0,13,89.0,7,8,74696.0,37.0,4.909,309.267,0,89.0,648.0
2020,1043,21,imola,Italy,29,830,max_verstappen,9,VER,red_bull,3,0,50,77637.0,,1.0,29427.0,29427.0,162.0,3,226.0,2,3,74176.0,37.0,4.909,245.45,0,1153.0,1988.0
2020,1043,21,imola,Italy,1,832,sainz,1,SAI,mclaren,10,7,63,78118.0,5332660.0,2.0,60564.0,30282.0,65.0,8,134.0,4,10,74911.0,37.0,4.909,309.267,0,374.0,1136.0
2020,1043,21,imola,Italy,6,839,ocon,4,OCO,renault,12,0,27,79606.0,,1.0,30559.0,30559.0,40.0,12,135.0,3,12,,37.0,4.909,132.543,0,282.0,1102.0
2020,1043,21,imola,Italy,1,840,stroll,211,STR,racing_point,15,13,63,78360.0,5341593.0,3.0,103385.0,34461.666666666664,57.0,11,134.0,5,15,,37.0,4.909,309.267,0,433.0,1152.0
2020,1043,21,imola,Italy,1,841,giovinazzi,51,GIO,alfa,20,10,63,78794.0,5338828.0,1.0,29745.0,29745.0,4.0,17,8.0,8,20,,37.0,4.909,309.267,0,24.0,52.0
2020,1043,21,imola,Italy,34,842,gasly,213,GAS,alphatauri,4,0,8,80403.0,,0.0,0.0,0.0,63.0,10,89.0,7,4,74502.0,37.0,4.909,39.272,0,366.0,690.0
2020,1043,21,imola,Italy,1,844,leclerc,6,LEC,ferrari,7,5,63,78173.0,5331541.0,1.0,30243.0,30243.0,85.0,5,103.0,6,7,74616.0,37.0,4.909,309.267,0,542.0,832.0
2020,1043,21,imola,Italy,1,846,norris,1,NOR,mclaren,9,8,63,78069.0,5333561.0,2.0,59886.0,29943.0,69.0,7,134.0,4,9,74814.0,37.0,4.909,309.267,0,544.0,1172.0
2020,1043,21,imola,Italy,3,847,russell,3,RUS,williams,13,0,51,78811.0,,1.0,29707.0,29707.0,0.0,21,0.0,10,13,,37.0,4.909,250.35899999999998,0,0.0,0.0
2020,1043,21,imola,Italy,1,848,albon,9,ALB,red_bull,6,15,63,76177.0,5369714.0,2.0,59322.0,29661.0,64.0,9,226.0,2,6,74572.0,37.0,4.909,309.267,0,517.0,2056.0
2020,1043,21,imola,Italy,1,849,latifi,3,LAT,williams,19,11,63,78719.0,5339565.0,1.0,29892.0,29892.0,0.0,20,0.0,10,19,,37.0,4.909,309.267,0,0.0,0.0
2020,1044,5,istanbul,Turkey,1,1,hamilton,131,HAM,mercedes,6,1,58,99413.0,6139313.0,1.0,23860.0,23860.0,307.0,1,504.0,1,6,112560.0,130.0,5.338,309.604,0,2030.0,4171.0
2020,1044,5,istanbul,Turkey,11,8,raikkonen,51,RAI,alfa,8,15,57,99743.0,,3.0,85301.0,28433.666666666668,4.0,16,8.0,8,8,112745.0,130.0,5.338,304.266,0,16.0,56.0
2020,1044,5,istanbul,Turkey,1,20,vettel,6,VET,ferrari,11,3,58,99662.0,6171273.0,2.0,49423.0,24711.5,33.0,13,130.0,6,12,,130.0,5.338,309.604,0,178.0,896.0
2020,1044,5,istanbul,Turkey,130,154,grosjean,210,GRO,haas,17,0,49,103281.0,,2.0,58108.0,29054.0,2.0,18,3.0,9,19,,130.0,5.338,261.562,0,8.0,24.0
2020,1044,5,istanbul,Turkey,1,815,perez,211,PER,racing_point,3,2,58,100392.0,6170946.0,1.0,25163.0,25163.0,100.0,4,154.0,3,3,109321.0,130.0,5.338,309.604,0,545.0,1214.0
2020,1044,5,istanbul,Turkey,1,817,ricciardo,4,RIC,renault,5,10,58,100677.0,6234773.0,2.0,46678.0,23339.0,96.0,6,136.0,5,5,111595.0,130.0,5.338,309.604,0,579.0,1155.0
2020,1044,5,istanbul,Turkey,11,822,bottas,131,BOT,mercedes,9,14,57,98193.0,,2.0,46251.0,23125.5,197.0,2,504.0,1,9,113258.0,130.0,5.338,304.266,0,1416.0,4350.0
2020,1044,5,istanbul,Turkey,54,825,kevin_magnussen,210,MAG,haas,13,17,55,100948.0,,2.0,178516.0,89258.0,1.0,19,3.0,9,16,,130.0,5.338,293.59000000000003,0,10.0,26.0
2020,1044,5,istanbul,Turkey,11,826,kvyat,213,KVY,alphatauri,16,12,57,101019.0,,1.0,23417.0,23417.0,26.0,14,89.0,7,17,,130.0,5.338,304.266,0,114.0,726.0
2020,1044,5,istanbul,Turkey,1,830,max_verstappen,9,VER,red_bull,2,6,58,98431.0,6184186.0,3.0,69561.0,23187.0,170.0,3,240.0,2,2,108055.0,130.0,5.338,309.604,0,1271.0,2123.0
2020,1044,5,istanbul,Turkey,1,832,sainz,1,SAI,mclaren,15,5,58,98754.0,6173676.0,2.0,47447.0,23723.5,75.0,7,149.0,4,13,,130.0,5.338,309.604,0,434.0,1215.0
2020,1044,5,istanbul,Turkey,11,839,ocon,4,OCO,renault,7,11,57,101006.0,,2.0,49194.0,24597.0,40.0,12,136.0,5,7,112622.0,130.0,5.338,304.266,0,310.0,1208.0
2020,1044,5,istanbul,Turkey,1,840,stroll,211,STR,racing_point,1,9,58,99921.0,6211666.0,2.0,47380.0,23690.0,59.0,11,154.0,3,1,107765.0,130.0,5.338,309.604,0,474.0,1276.0
2020,1044,5,istanbul,Turkey,6,841,giovinazzi,51,GIO,alfa,10,0,11,111122.0,,1.0,25432.0,25432.0,4.0,17,8.0,8,10,117226.0,130.0,5.338,58.718,0,26.0,60.0
2020,1044,5,istanbul,Turkey,11,842,gasly,213,GAS,alphatauri,19,13,57,99586.0,,2.0,46957.0,23478.5,63.0,10,89.0,7,15,,130.0,5.338,304.266,0,417.0,762.0
2020,1044,5,istanbul,Turkey,1,844,leclerc,6,LEC,ferrari,12,4,58,99961.0,6173171.0,2.0,47962.0,23981.0,97.0,5,130.0,6,14,,130.0,5.338,309.604,0,606.0,960.0
2020,1044,5,istanbul,Turkey,1,846,norris,1,NOR,mclaren,14,8,58,96806.0,6200572.0,2.0,46370.0,23185.0,74.0,8,149.0,4,11,,130.0,5.338,309.604,0,582.0,1258.0
2020,1044,5,istanbul,Turkey,11,847,russell,3,RUS,williams,0,16,57,100814.0,,2.0,45580.0,22790.0,0.0,21,0.0,10,18,,130.0,5.338,304.266,0,0.0,0.0
2020,1044,5,istanbul,Turkey,1,848,albon,9,ALB,red_bull,4,7,58,99099.0,6185797.0,2.0,45092.0,22546.0,70.0,9,240.0,2,4,110448.0,130.0,5.338,309.604,0,561.0,2190.0
2020,1044,5,istanbul,Turkey,130,849,latifi,3,LAT,williams,0,0,39,103495.0,,2.0,61337.0,30668.5,0.0,20,0.0,10,20,,130.0,5.338,208.18200000000002,0,0.0,0.0
2020,1045,3,bahrain,Bahrain,1,1,hamilton,131,HAM,mercedes,1,1,57,92864.0,10787515.0,3.0,1212385.0,404128.3333333333,332.0,1,533.0,1,1,87264.0,7.0,5.412,308.484,0,2255.0,4517.0
2020,1045,3,bahrain,Bahrain,11,8,raikkonen,51,RAI,alfa,17,15,56,93573.0,,3.0,1219087.0,406362.3333333333,4.0,16,8.0,8,17,,7.0,5.412,303.072,0,20.0,64.0
2020,1045,3,bahrain,Bahrain,11,20,vettel,6,VET,ferrari,11,13,56,93861.0,,3.0,1207260.0,402420.0,33.0,13,131.0,6,11,,7.0,5.412,303.072,0,201.0,1017.0
2020,1045,3,bahrain,Bahrain,4,154,grosjean,210,GRO,haas,19,0,0,,,0.0,0.0,0.0,2.0,18,3.0,9,19,,7.0,5.412,0.0,0,10.0,28.0
2020,1045,3,bahrain,Bahrain,5,815,perez,211,PER,racing_point,5,18,53,93629.0,,3.0,1212348.0,404116.0,100.0,5,154.0,4,5,88322.0,7.0,5.412,286.836,0,623.0,1326.0
2020,1045,3,bahrain,Bahrain,1,817,ricciardo,4,RIC,renault,6,7,57,92827.0,10806883.0,3.0,1209156.0,403052.0,102.0,4,144.0,5,6,88417.0,7.0,5.412,308.484,0,661.0,1253.0
2020,1045,3,bahrain,Bahrain,1,822,bottas,131,BOT,mercedes,2,8,57,93352.0,10807195.0,4.0,1233550.0,308387.5,201.0,2,533.0,1,2,87553.0,7.0,5.412,308.484,0,1544.0,4684.0
2020,1045,3,bahrain,Bahrain,11,825,kevin_magnussen,210,MAG,haas,18,17,56,95241.0,,4.0,1247004.0,311751.0,1.0,19,3.0,9,18,,7.0,5.412,303.072,0,10.0,30.0
2020,1045,3,bahrain,Bahrain,11,826,kvyat,213,KVY,alphatauri,10,11,56,94141.0,,3.0,1224466.0,408155.3333333333,26.0,14,97.0,7,10,88618.0,7.0,5.412,303.072,0,138.0,800.0
2020,1045,3,bahrain,Bahrain,1,830,max_verstappen,9,VER,red_bull,3,2,57,92014.0,10788769.0,4.0,1240007.0,310001.75,189.0,3,274.0,2,3,87678.0,7.0,5.412,308.484,0,1383.0,2272.0
2020,1045,3,bahrain,Bahrain,1,832,sainz,1,SAI,mclaren,15,5,57,93411.0,10799302.0,3.0,1207304.0,402434.6666666667,85.0,8,171.0,3,15,,7.0,5.412,308.484,0,504.0,1323.0
2020,1045,3,bahrain,Bahrain,1,839,ocon,4,OCO,renault,7,9,57,94354.0,10810318.0,3.0,1210276.0,403425.3333333333,42.0,12,144.0,5,7,88419.0,7.0,5.412,308.484,0,336.0,1298.0
2020,1045,3,bahrain,Bahrain,4,840,stroll,211,STR,racing_point,13,0,2,,,1.0,1154123.0,1154123.0,59.0,11,154.0,4,13,,7.0,5.412,10.824,0,513.0,1376.0
2020,1045,3,bahrain,Bahrain,11,841,giovinazzi,51,GIO,alfa,16,16,56,94536.0,,3.0,1203887.0,401295.6666666667,4.0,17,8.0,8,16,,7.0,5.412,303.072,0,28.0,68.0
2020,1045,3,bahrain,Bahrain,1,842,gasly,213,GAS,alphatauri,8,6,57,94817.0,10799457.0,2.0,1184867.0,592433.5,71.0,10,97.0,7,8,88448.0,7.0,5.412,308.484,0,476.0,838.0
2020,1045,3,bahrain,Bahrain,11,844,leclerc,6,LEC,ferrari,12,10,56,93625.0,,3.0,1204309.0,401436.3333333333,98.0,6,131.0,6,12,,7.0,5.412,303.072,0,659.0,1074.0
2020,1045,3,bahrain,Bahrain,1,846,norris,1,NOR,mclaren,9,4,57,93588.0,10798852.0,3.0,1203243.0,401081.0,86.0,7,171.0,3,9,88542.0,7.0,5.412,308.484,0,630.0,1388.0
2020,1045,3,bahrain,Bahrain,11,847,russell,3,RUS,williams,14,12,56,95042.0,,3.0,1214472.0,404824.0,0.0,21,0.0,10,14,,7.0,5.412,303.072,0,0.0,0.0
2020,1045,3,bahrain,Bahrain,1,848,albon,9,ALB,red_bull,4,3,57,93684.0,10795520.0,3.0,1209627.0,403209.0,85.0,9,274.0,2,4,88274.0,7.0,5.412,308.484,0,610.0,2354.0
2020,1045,3,bahrain,Bahrain,11,849,latifi,3,LAT,williams,20,14,56,94591.0,,3.0,1206267.0,402089.0,0.0,20,0.0,10,20,,7.0,5.412,303.072,0,0.0,0.0
2020,1046,3,bahrain,Bahrain,1,8,raikkonen,51,RAI,alfa,18,14,87,57375.0,5501267.0,3.0,77605.0,25868.333333333332,4.0,16,8.0,8,19,,7.0,5.412,470.844,0,24.0,71.0
2020,1046,3,bahrain,Bahrain,1,20,vettel,6,VET,ferrari,13,12,87,56905.0,5497725.0,3.0,79105.0,26368.333333333332,33.0,13,131.0,6,13,,7.0,5.412,470.844,0,218.0,1125.0
2020,1046,3,bahrain,Bahrain,1,815,perez,211,PER,racing_point,5,1,87,56789.0,5475114.0,2.0,48721.0,24360.5,125.0,4,194.0,3,5,53790.0,7.0,5.412,470.844,0,716.0,1450.0
2020,1046,3,bahrain,Bahrain,1,817,ricciardo,4,RIC,renault,7,5,87,56979.0,5488444.0,2.0,49169.0,24584.5,112.0,5,172.0,5,7,53957.0,7.0,5.412,470.844,0,753.0,1356.0
2020,1046,3,bahrain,Bahrain,1,822,bottas,131,BOT,mercedes,1,8,87,56563.0,5490503.0,2.0,77426.0,38713.0,205.0,2,540.0,1,1,53377.0,7.0,5.412,470.844,0,1660.0,4833.0
2020,1046,3,bahrain,Bahrain,1,825,kevin_magnussen,210,MAG,haas,15,15,87,57516.0,5507484.0,2.0,50940.0,25470.0,1.0,20,3.0,9,16,,7.0,5.412,470.844,0,10.0,30.0
2020,1046,3,bahrain,Bahrain,1,826,kvyat,213,KVY,alphatauri,6,7,87,57001.0,5489648.0,2.0,48333.0,24166.5,32.0,14,103.0,7,6,53906.0,7.0,5.412,470.844,0,168.0,874.0
2020,1046,3,bahrain,Bahrain,3,830,max_verstappen,9,VER,red_bull,3,0,0,,,0.0,0.0,0.0,189.0,3,282.0,2,3,53433.0,7.0,5.412,0.0,0,1477.0,2425.0
2020,1046,3,bahrain,Bahrain,1,832,sainz,1,SAI,mclaren,8,4,87,57165.0,5487694.0,2.0,49015.0,24507.5,97.0,7,184.0,4,8,54010.0,7.0,5.412,470.844,0,578.0,1456.0
2020,1046,3,bahrain,Bahrain,1,839,ocon,4,OCO,renault,11,2,87,57350.0,5485632.0,1.0,24414.0,24414.0,60.0,12,172.0,5,11,,7.0,5.412,470.844,0,380.0,1414.0
2020,1046,3,bahrain,Bahrain,1,840,stroll,211,STR,racing_point,10,3,87,57388.0,5486983.0,1.0,24684.0,24684.0,74.0,10,194.0,3,10,54200.0,7.0,5.412,470.844,0,559.0,1524.0
2020,1046,3,bahrain,Bahrain,1,841,giovinazzi,51,GIO,alfa,14,13,87,56887.0,5499225.0,2.0,49361.0,24680.5,4.0,17,8.0,8,14,,7.0,5.412,470.844,0,30.0,74.0
2020,1046,3,bahrain,Bahrain,1,842,gasly,213,GAS,alphatauri,9,11,87,57220.0,5495641.0,2.0,49654.0,24827.0,71.0,11,103.0,7,9,54154.0,7.0,5.412,470.844,0,533.0,910.0
2020,1046,3,bahrain,Bahrain,4,844,leclerc,6,LEC,ferrari,4,0,0,,,0.0,0.0,0.0,98.0,6,131.0,6,4,53613.0,7.0,5.412,0.0,0,712.0,1176.0
2020,1046,3,bahrain,Bahrain,1,846,norris,1,NOR,mclaren,19,10,87,57270.0,5494655.0,2.0,49130.0,24565.0,87.0,9,184.0,4,15,,7.0,5.412,470.844,0,678.0,1524.0
2020,1046,3,bahrain,Bahrain,1,847,russell,131,RUS,mercedes,2,9,87,55404.0,5493670.0,4.0,102432.0,25608.0,3.0,18,540.0,1,2,53403.0,7.0,5.412,470.844,0,3.0,4982.0
2020,1046,3,bahrain,Bahrain,1,848,albon,9,ALB,red_bull,12,6,87,57056.0,5488956.0,2.0,47519.0,23759.5,93.0,8,282.0,2,12,,7.0,5.412,470.844,0,663.0,2496.0
2020,1046,3,bahrain,Bahrain,5,849,latifi,3,LAT,williams,16,0,52,58206.0,,1.0,24297.0,24297.0,0.0,21,0.0,10,17,,7.0,5.412,281.424,0,0.0,0.0
2020,1046,3,bahrain,Bahrain,1,850,pietro_fittipaldi,210,FIT,haas,20,17,87,57742.0,5511972.0,3.0,79854.0,26618.0,0.0,23,3.0,9,20,,7.0,5.412,470.844,0,0.0,30.0
2020,1046,3,bahrain,Bahrain,1,851,aitken,3,AIT,williams,17,16,87,57392.0,5508788.0,3.0,90579.0,30193.0,0.0,22,0.0,10,18,,7.0,5.412,470.844,0,0.0,0.0
2020,1047,24,yas_marina,UAE,1,1,hamilton,131,HAM,mercedes,3,3,55,101420.0,5807060.0,1.0,22406.0,22406.0,347.0,1,573.0,1,3,95332.0,3.0,5.554,305.47,0,2470.0,5120.0
2020,1047,24,yas_marina,UAE,11,8,raikkonen,51,RAI,alfa,15,12,54,102148.0,,1.0,22012.0,22012.0,4.0,16,8.0,8,16,,3.0,5.554,299.916,0,28.0,77.0
2020,1047,24,yas_marina,UAE,11,20,vettel,6,VET,ferrari,13,14,54,101475.0,,1.0,22040.0,22040.0,33.0,13,131.0,6,13,,3.0,5.554,299.916,0,235.0,1214.0
2020,1047,24,yas_marina,UAE,7,815,perez,211,PER,racing_point,19,0,8,103263.0,,0.0,0.0,0.0,125.0,4,195.0,4,15,,3.0,5.554,44.432,0,808.0,1593.0
2020,1047,24,yas_marina,UAE,1,817,ricciardo,4,RIC,renault,11,7,55,100926.0,5862393.0,1.0,22123.0,22123.0,119.0,5,181.0,5,12,,3.0,5.554,305.47,0,839.0,1475.0
2020,1047,24,yas_marina,UAE,1,822,bottas,131,BOT,mercedes,2,2,55,101131.0,5804621.0,1.0,21587.0,21587.0,223.0,2,573.0,1,2,95271.0,3.0,5.554,305.47,0,1776.0,5258.0
2020,1047,24,yas_marina,UAE,11,825,kevin_magnussen,210,MAG,haas,20,18,54,101999.0,,2.0,45812.0,22906.0,1.0,20,3.0,9,17,,3.0,5.554,299.916,0,10.0,30.0
2020,1047,24,yas_marina,UAE,11,826,kvyat,213,KVY,alphatauri,7,11,54,102704.0,,1.0,25724.0,25724.0,32.0,14,107.0,7,7,95963.0,3.0,5.554,299.916,0,198.0,940.0
2020,1047,24,yas_marina,UAE,1,830,max_verstappen,9,VER,red_bull,1,1,55,100958.0,5788645.0,1.0,21289.0,21289.0,214.0,3,319.0,2,1,95246.0,3.0,5.554,305.47,0,1581.0,2589.0
2020,1047,24,yas_marina,UAE,1,832,sainz,1,SAI,mclaren,6,6,55,101947.0,5854307.0,1.0,22140.0,22140.0,105.0,6,202.0,3,6,95815.0,3.0,5.554,305.47,0,660.0,1602.0
2020,1047,24,yas_marina,UAE,1,839,ocon,4,OCO,renault,10,9,55,102894.0,5799996.0,1.0,21615.0,21615.0,62.0,12,181.0,5,11,,3.0,5.554,305.47,0,416.0,1536.0
2020,1047,24,yas_marina,UAE,1,840,stroll,211,STR,racing_point,8,10,55,101866.0,5790314.0,1.0,22036.0,22036.0,75.0,11,195.0,4,8,96046.0,3.0,5.554,305.47,0,594.0,1662.0
2020,1047,24,yas_marina,UAE,11,841,giovinazzi,51,GIO,alfa,14,16,54,101675.0,,1.0,21480.0,21480.0,4.0,17,8.0,8,14,,3.0,5.554,299.916,0,32.0,80.0
2020,1047,24,yas_marina,UAE,1,842,gasly,213,GAS,alphatauri,9,8,55,102474.0,5878363.0,1.0,22000.0,22000.0,75.0,10,107.0,7,10,96242.0,3.0,5.554,305.47,0,590.0,970.0
2020,1047,24,yas_marina,UAE,11,844,leclerc,6,LEC,ferrari,12,13,54,101908.0,,1.0,22178.0,22178.0,98.0,8,131.0,6,9,96065.0,3.0,5.554,299.916,0,765.0,1252.0
2020,1047,24,yas_marina,UAE,1,846,norris,1,NOR,mclaren,4,5,55,101964.0,5849374.0,1.0,21840.0,21840.0,97.0,9,202.0,3,4,95497.0,3.0,5.554,305.47,0,730.0,1680.0
2020,1047,24,yas_marina,UAE,11,847,russell,3,RUS,williams,16,15,54,103328.0,,1.0,22085.0,22085.0,3.0,18,0.0,10,18,,3.0,5.554,299.916,0,6.0,0.0
2020,1047,24,yas_marina,UAE,1,848,albon,9,ALB,red_bull,5,4,55,101227.0,5808632.0,1.0,21508.0,21508.0,105.0,7,319.0,2,5,95571.0,3.0,5.554,305.47,0,720.0,2682.0
2020,1047,24,yas_marina,UAE,11,849,latifi,3,LAT,williams,18,17,54,102497.0,,2.0,43741.0,21870.5,0.0,21,0.0,10,20,,3.0,5.554,299.916,0,0.0,0.0
2020,1047,24,yas_marina,UAE,12,850,pietro_fittipaldi,210,FIT,haas,17,19,53,101707.0,,3.0,78047.0,26015.666666666668,0.0,23,3.0,9,19,,3.0,5.554,294.362,0,0.0,30.0
2021,1051,78,losail,Qatar,1,1,hamilton,131,HAM,mercedes,1,1,57,85084.0,5068471.0,2.0,50616.0,25308.0,343.5,2,546.5,1,1,80827.0,12.0,5.38,306.65999999999997,0,2656.5,5325.5
2021,1051,78,losail,Qatar,1,4,alonso,214,ALO,alpine,3,3,57,86682.0,5127928.0,1.0,25991.0,25991.0,77.0,10,137.0,5,5,81670.0,12.0,5.38,306.65999999999997,0,515.0,137.0
2021,1051,78,losail,Qatar,11,8,raikkonen,51,RAI,alfa,16,14,56,86358.0,,2.0,51807.0,25903.5,10.0,16,11.0,9,16,,12.0,5.38,301.28,0,38.0,83.0
2021,1051,78,losail,Qatar,11,20,vettel,117,VET,aston_martin,10,10,56,86434.0,,1.0,25726.0,25726.0,43.0,12,77.0,7,10,82785.0,12.0,5.38,301.28,0,262.0,77.0
2021,1051,78,losail,Qatar,1,815,perez,9,PER,red_bull,11,4,57,85613.0,5130777.0,2.0,50839.0,25419.5,190.0,4,541.5,2,11,,12.0,5.38,306.65999999999997,0,964.0,2997.5
2021,1051,78,losail,Qatar,11,817,ricciardo,1,RIC,mclaren,14,12,56,87198.0,,1.0,25562.0,25562.0,105.0,8,258.0,4,14,,12.0,5.38,301.28,0,903.0,1804.0
2021,1051,78,losail,Qatar,137,822,bottas,131,BOT,mercedes,6,0,48,87246.0,,1.0,36341.0,36341.0,203.0,3,546.5,1,3,81478.0,12.0,5.38,258.24,0,1862.0,5393.0
2021,1051,78,losail,Qatar,1,830,max_verstappen,9,VER,red_bull,7,2,57,83196.0,5094214.0,3.0,75940.0,25313.333333333332,351.5,1,541.5,2,2,81282.0,12.0,5.38,306.65999999999997,0,1822.5,3313.0
2021,1051,78,losail,Qatar,1,832,sainz,6,SAI,ferrari,5,7,57,86570.0,5150382.0,1.0,25639.0,25639.0,145.5,7,297.5,3,7,81840.0,12.0,5.38,306.65999999999997,0,764.5,1446.5
2021,1051,78,losail,Qatar,1,839,ocon,214,OCO,alpine,9,5,57,87061.0,5149041.0,1.0,25517.0,25517.0,60.0,11,137.0,5,9,82028.0,12.0,5.38,306.65999999999997,0,446.0,274.0
2021,1051,78,losail,Qatar,1,840,stroll,117,STR,aston_martin,12,6,57,87356.0,5149745.0,1.0,26157.0,26157.0,34.0,13,77.0,7,12,,12.0,5.38,306.65999999999997,0,586.0,154.0
2021,1051,78,losail,Qatar,11,841,giovinazzi,51,GIO,alfa,18,15,56,87823.0,,2.0,51334.0,25667.0,1.0,18,11.0,9,18,,12.0,5.38,301.28,0,31.0,86.0
2021,1051,78,losail,Qatar,11,842,gasly,213,GAS,alphatauri,2,11,56,87019.0,,2.0,51739.0,25869.5,92.0,9,112.0,6,4,81640.0,12.0,5.38,301.28,0,639.0,993.0
2021,1051,78,losail,Qatar,1,844,leclerc,6,LEC,ferrari,13,8,57,86555.0,5151597.0,1.0,25799.0,25799.0,152.0,6,297.5,3,13,,12.0,5.38,306.65999999999997,0,872.0,1641.0
2021,1051,78,losail,Qatar,11,846,norris,1,NOR,mclaren,4,9,56,85746.0,,2.0,51871.0,25935.5,153.0,5,258.0,4,6,81731.0,12.0,5.38,301.28,0,826.0,1928.0
2021,1051,78,losail,Qatar,12,847,russell,3,RUS,williams,15,17,55,85768.0,,2.0,61127.0,30563.5,16.0,15,23.0,8,15,,12.0,5.38,295.9,0,22.0,23.0
2021,1051,78,losail,Qatar,29,849,latifi,3,LAT,williams,17,0,50,88732.0,,1.0,25811.0,25811.0,7.0,17,23.0,8,17,,12.0,5.38,269.0,0,7.0,46.0
2021,1051,78,losail,Qatar,11,852,tsunoda,213,TSU,alphatauri,8,13,56,87043.0,,2.0,52333.0,26166.5,20.0,14,112.0,6,8,81881.0,12.0,5.38,301.28,0,20.0,1016.0
2021,1051,78,losail,Qatar,12,853,mazepin,210,MAZ,haas,20,18,55,87340.0,,1.0,26515.0,26515.0,0.0,21,0.0,10,20,,12.0,5.38,295.9,0,0.0,27.0
2021,1051,78,losail,Qatar,11,854,mick_schumacher,210,MSC,haas,19,16,56,88412.0,,1.0,25881.0,25881.0,0.0,19,0.0,10,19,,12.0,5.38,301.28,0,0.0,24.0
2021,1052,3,bahrain,Bahrain,1,1,hamilton,131,HAM,mercedes,2,1,56,94015.0,5523897.0,2.0,48915.0,24457.5,25.0,1,41.0,1,2,89385.0,7.0,5.412,303.072,0,2517.5,4930.0
2021,1052,3,bahrain,Bahrain,23,4,alonso,214,ALO,alpine,9,0,32,96063.0,,2.0,49148.0,24574.0,0.0,19,0.0,8,9,90249.0,7.0,5.412,173.184,0,471.0,274.0
2021,1052,3,bahrain,Bahrain,1,8,raikkonen,51,RAI,alfa,14,11,56,95192.0,5612761.0,2.0,48153.0,24076.5,0.0,11,0.0,7,14,,7.0,5.412,303.072,0,36.0,78.0
2021,1052,3,bahrain,Bahrain,11,20,vettel,117,VET,aston_martin,20,15,55,95566.0,,1.0,24626.0,24626.0,0.0,15,1.0,6,18,,7.0,5.412,297.65999999999997,0,245.0,155.0
2021,1052,3,bahrain,Bahrain,1,815,perez,9,PER,red_bull,0,5,56,93970.0,5575944.0,3.0,72289.0,24096.333333333332,10.0,5,28.0,2,11,,7.0,5.412,303.072,0,930.0,3101.0
2021,1052,3,bahrain,Bahrain,1,817,ricciardo,1,RIC,mclaren,6,7,56,94932.0,5589901.0,2.0,49343.0,24671.5,6.0,7,18.0,3,6,89927.0,7.0,5.412,303.072,0,856.0,1797.0
2021,1052,3,bahrain,Bahrain,1,822,bottas,131,BOT,mercedes,3,3,56,92090.0,5561280.0,3.0,81725.0,27241.666666666668,16.0,3,41.0,1,3,89586.0,7.0,5.412,303.072,0,1743.0,4467.0
2021,1052,3,bahrain,Bahrain,1,830,max_verstappen,9,VER,red_bull,1,2,56,93228.0,5524642.0,2.0,48615.0,24307.5,18.0,2,28.0,2,1,88997.0,7.0,5.412,303.072,0,1730.5,2889.0
2021,1052,3,bahrain,Bahrain,1,832,sainz,6,SAI,ferrari,8,8,56,94509.0,5590997.0,2.0,48694.0,24347.0,4.0,8,12.0,4,8,90215.0,7.0,5.412,303.072,0,727.5,1523.0
2021,1052,3,bahrain,Bahrain,11,839,ocon,214,OCO,alpine,16,13,55,95250.0,,2.0,49697.0,24848.5,0.0,13,0.0,8,16,,7.0,5.412,297.65999999999997,0,416.0,274.0
2021,1052,3,bahrain,Bahrain,1,840,stroll,117,STR,aston_martin,10,10,56,94865.0,5610610.0,2.0,50409.0,25204.5,1.0,10,1.0,6,10,90601.0,7.0,5.412,303.072,0,530.0,156.0
2021,1052,3,bahrain,Bahrain,11,841,giovinazzi,51,GIO,alfa,12,12,55,95122.0,,2.0,56221.0,28110.5,0.0,12,0.0,7,12,,7.0,5.412,297.65999999999997,0,29.0,70.0
2021,1052,3,bahrain,Bahrain,31,842,gasly,213,GAS,alphatauri,5,17,52,94090.0,,3.0,87638.0,29212.666666666668,0.0,17,2.0,5,5,89809.0,7.0,5.412,281.424,0,596.0,929.0
2021,1052,3,bahrain,Bahrain,1,844,leclerc,6,LEC,ferrari,4,6,56,94988.0,5582987.0,2.0,49101.0,24550.5,8.0,6,12.0,4,4,89678.0,7.0,5.412,303.072,0,831.0,1405.0
2021,1052,3,bahrain,Bahrain,1,846,norris,1,NOR,mclaren,7,4,56,94396.0,5570363.0,2.0,50539.0,25269.5,12.0,4,18.0,3,7,89974.0,7.0,5.412,303.072,0,773.0,1666.0
2021,1052,3,bahrain,Bahrain,11,847,russell,3,RUS,williams,15,14,55,95036.0,,2.0,48869.0,24434.5,0.0,14,0.0,9,15,,7.0,5.412,297.65999999999997,0,22.0,46.0
2021,1052,3,bahrain,Bahrain,31,849,latifi,3,LAT,williams,17,18,51,96602.0,,2.0,50029.0,25014.5,0.0,18,0.0,9,17,,7.0,5.412,276.012,0,7.0,46.0
2021,1052,3,bahrain,Bahrain,1,852,tsunoda,213,TSU,alphatauri,13,9,56,94761.0,5609589.0,2.0,49374.0,24687.0,2.0,9,2.0,5,13,,7.0,5.412,303.072,0,22.0,842.0
2021,1052,3,bahrain,Bahrain,3,853,mazepin,210,MAZ,haas,19,0,0,,,0.0,0.0,0.0,0.0,20,0.0,10,20,,7.0,5.412,0.0,0,0.0,21.0
2021,1052,3,bahrain,Bahrain,11,854,mick_schumacher,210,MSC,haas,18,16,55,96134.0,,2.0,51141.0,25570.5,0.0,16,0.0,10,19,,7.0,5.412,297.65999999999997,0,0.0,18.0
2021,1053,21,imola,Italy,1,1,hamilton,131,HAM,mercedes,1,2,63,76702.0,7376598.0,4.0,1630911.0,407727.75,44.0,1,60.0,1,1,74411.0,37.0,4.909,309.267,0,2371.5,3994.0
2021,1053,21,imola,Italy,1,4,alonso,214,ALO,alpine,15,10,63,79417.0,7421159.0,3.0,1576837.0,525612.3333333334,1.0,13,3.0,7,15,,37.0,4.909,309.267,0,428.0,277.0
2021,1053,21,imola,Italy,1,8,raikkonen,51,RAI,alfa,16,13,63,78353.0,7449371.0,3.0,1585784.0,528594.6666666666,0.0,14,0.0,8,16,,37.0,4.909,309.267,0,34.0,62.0
2021,1053,21,imola,Italy,6,20,vettel,117,VET,aston_martin,0,15,61,79074.0,,5.0,1607076.0,321415.2,0.0,17,5.0,6,13,,37.0,4.909,299.449,0,228.0,161.0
2021,1053,21,imola,Italy,1,815,perez,9,PER,red_bull,2,11,63,79396.0,7421749.0,2.0,1625766.0,812883.0,10.0,8,53.0,2,2,74446.0,37.0,4.909,309.267,0,884.0,2668.0
2021,1053,21,imola,Italy,1,817,ricciardo,1,RIC,mclaren,6,6,63,79341.0,7405818.0,2.0,1609167.0,804583.5,14.0,7,41.0,3,6,74826.0,37.0,4.909,309.267,0,807.0,1536.0
2021,1053,21,imola,Italy,4,822,bottas,131,BOT,mercedes,8,0,30,88485.0,,1.0,30167.0,30167.0,16.0,5,60.0,1,8,74898.0,37.0,4.909,147.26999999999998,0,1598.0,3521.0
2021,1053,21,imola,Italy,1,830,max_verstappen,9,VER,red_bull,3,1,63,77524.0,7354598.0,2.0,1651170.0,825585.0,43.0,2,53.0,2,3,74498.0,37.0,4.909,309.267,0,1645.5,2447.0
2021,1053,21,imola,Italy,1,832,sainz,6,SAI,ferrari,11,5,63,78490.0,7381634.0,2.0,1613067.0,806533.5,14.0,6,34.0,4,11,,37.0,4.909,309.267,0,700.5,1308.0
2021,1053,21,imola,Italy,1,839,ocon,214,OCO,alpine,9,9,63,79422.0,7420302.0,5.0,1627926.0,325585.2,2.0,12,3.0,7,9,75210.0,37.0,4.909,309.267,0,382.0,280.0
2021,1053,21,imola,Italy,1,840,stroll,117,STR,aston_martin,10,8,63,78782.0,7411507.0,3.0,1588618.0,529539.3333333334,5.0,10,5.0,6,10,,37.0,4.909,309.267,0,478.0,166.0
2021,1053,21,imola,Italy,11,841,giovinazzi,51,GIO,alfa,17,14,62,79470.0,,4.0,1618754.0,404688.5,0.0,15,0.0,8,17,,37.0,4.909,304.358,0,27.0,54.0
2021,1053,21,imola,Italy,1,842,gasly,213,GAS,alphatauri,5,7,63,78994.0,7407416.0,4.0,1572967.0,393241.75,6.0,9,8.0,5,5,74790.0,37.0,4.909,309.267,0,557.0,753.0
2021,1053,21,imola,Italy,1,844,leclerc,6,LEC,ferrari,4,4,63,78379.0,7380177.0,2.0,1640486.0,820243.0,20.0,4,34.0,4,4,74740.0,37.0,4.909,309.267,0,794.0,1211.0
2021,1053,21,imola,Italy,1,846,norris,1,NOR,mclaren,7,3,63,78259.0,7378300.0,2.0,1615607.0,807803.5,27.0,3,41.0,3,7,74875.0,37.0,4.909,309.267,0,735.0,1406.0
2021,1053,21,imola,Italy,4,847,russell,3,RUS,williams,12,0,30,86543.0,,1.0,29983.0,29983.0,0.0,16,0.0,9,12,,37.0,4.909,147.26999999999998,0,22.0,46.0
2021,1053,21,imola,Italy,4,849,latifi,3,LAT,williams,14,0,0,,,0.0,0.0,0.0,0.0,20,0.0,9,14,,37.0,4.909,0.0,0,7.0,46.0
2021,1053,21,imola,Italy,1,852,tsunoda,213,TSU,alphatauri,20,12,63,78334.0,7427782.0,3.0,1585360.0,528453.3333333334,2.0,11,8.0,5,20,,37.0,4.909,309.267,0,24.0,664.0
2021,1053,21,imola,Italy,12,853,mazepin,210,MAZ,haas,19,17,61,80402.0,,4.0,1598551.0,399637.75,0.0,19,0.0,10,19,,37.0,4.909,299.449,0,0.0,15.0
2021,1053,21,imola,Italy,12,854,mick_schumacher,210,MSC,haas,18,16,61,79193.0,,4.0,1656170.0,414042.5,0.0,18,0.0,10,18,,37.0,4.909,299.449,0,0.0,12.0
2021,1054,75,portimao,Portugal,1,1,hamilton,131,HAM,mercedes,2,1,66,80933.0,5671421.0,3.0,71497.0,23832.333333333332,69.0,1,101.0,1,2,78355.0,108.0,4.653,307.09799999999996,0,2235.5,3082.0
2021,1054,75,portimao,Portugal,1,4,alonso,214,ALO,alpine,13,8,66,81032.0,5673229.0,3.0,69515.0,23171.666666666668,5.0,12,13.0,5,13,,108.0,4.653,307.09799999999996,0,383.0,293.0
2021,1054,75,portimao,Portugal,130,8,raikkonen,51,RAI,alfa,15,0,1,,,0.0,0.0,0.0,0.0,14,0.0,8,15,,108.0,4.653,4.653,0,32.0,46.0
2021,1054,75,portimao,Portugal,11,20,vettel,117,VET,aston_martin,10,13,65,82416.0,,3.0,69768.0,23256.0,0.0,16,5.0,7,10,79659.0,108.0,4.653,302.445,0,211.0,171.0
2021,1054,75,portimao,Portugal,1,815,perez,9,PER,red_bull,4,4,66,80643.0,5711156.0,3.0,70597.0,23532.333333333332,22.0,6,83.0,2,4,78890.0,108.0,4.653,307.09799999999996,0,838.0,2248.0
2021,1054,75,portimao,Portugal,1,817,ricciardo,1,RIC,mclaren,16,9,66,81987.0,5746790.0,3.0,72959.0,24319.666666666668,16.0,7,53.0,3,16,,108.0,4.653,307.09799999999996,0,745.0,1275.0
2021,1054,75,portimao,Portugal,1,822,bottas,131,BOT,mercedes,1,3,66,79865.0,5704951.0,4.0,96960.0,24240.0,32.0,4,101.0,1,1,78348.0,108.0,4.653,307.09799999999996,0,1469.0,2643.0
2021,1054,75,portimao,Portugal,1,830,max_verstappen,9,VER,red_bull,3,2,66,80695.0,5700569.0,4.0,97884.0,24471.0,61.0,2,83.0,2,3,78746.0,108.0,4.653,307.09799999999996,0,1559.5,2049.0
2021,1054,75,portimao,Portugal,1,832,sainz,6,SAI,ferrari,5,11,66,82325.0,5750376.0,3.0,70165.0,23388.333333333332,14.0,8,42.0,4,5,79039.0,108.0,4.653,307.09799999999996,0,663.5,1122.0
2021,1054,75,portimao,Portugal,1,839,ocon,214,OCO,alpine,6,7,66,81886.0,5735170.0,3.0,70548.0,23516.0,8.0,9,13.0,5,6,79042.0,108.0,4.653,307.09799999999996,0,354.0,306.0
2021,1054,75,portimao,Portugal,11,840,stroll,117,STR,aston_martin,17,14,65,81970.0,,3.0,70467.0,23489.0,5.0,11,5.0,7,17,,108.0,4.653,302.445,0,426.0,176.0
2021,1054,75,portimao,Portugal,11,841,giovinazzi,51,GIO,alfa,12,12,65,82167.0,,3.0,71883.0,23961.0,0.0,15,0.0,8,12,,108.0,4.653,302.445,0,24.0,38.0
2021,1054,75,portimao,Portugal,1,842,gasly,213,GAS,alphatauri,9,10,66,82014.0,5747884.0,3.0,69844.0,23281.333333333332,7.0,10,9.0,6,9,79475.0,108.0,4.653,307.09799999999996,0,511.0,570.0
2021,1054,75,portimao,Portugal,1,844,leclerc,6,LEC,ferrari,8,6,66,81496.0,5727202.0,3.0,70992.0,23664.0,28.0,5,42.0,4,8,79306.0,108.0,4.653,307.09799999999996,0,759.0,1033.0
2021,1054,75,portimao,Portugal,1,846,norris,1,NOR,mclaren,7,5,66,81696.0,5722790.0,3.0,70910.0,23636.666666666668,37.0,3,53.0,3,7,79116.0,108.0,4.653,307.09799999999996,0,707.0,1144.0
2021,1054,75,portimao,Portugal,11,847,russell,3,RUS,williams,11,16,65,82654.0,,3.0,73130.0,24376.666666666668,0.0,17,0.0,9,11,,108.0,4.653,302.445,0,22.0,46.0
2021,1054,75,portimao,Portugal,12,849,latifi,3,LAT,williams,18,18,64,83155.0,,3.0,70295.0,23431.666666666668,0.0,20,0.0,9,18,,108.0,4.653,297.792,0,7.0,46.0
2021,1054,75,portimao,Portugal,11,852,tsunoda,213,TSU,alphatauri,14,15,65,82058.0,,3.0,71010.0,23670.0,2.0,13,9.0,6,14,,108.0,4.653,302.445,0,26.0,476.0
2021,1054,75,portimao,Portugal,12,853,mazepin,210,MAZ,haas,20,19,64,83641.0,,4.0,96946.0,24236.5,0.0,19,0.0,10,20,,108.0,4.653,297.792,0,0.0,9.0
2021,1054,75,portimao,Portugal,12,854,mick_schumacher,210,MSC,haas,19,17,64,82755.0,,3.0,70718.0,23572.666666666668,0.0,18,0.0,10,19,,108.0,4.653,297.792,0,0.0,6.0
2021,1055,4,catalunya,Spain,1,1,hamilton,131,HAM,mercedes,1,1,66,80665.0,5587680.0,2.0,44298.0,22149.0,94.0,1,141.0,1,1,76741.0,109.0,4.657,307.362,0,2099.5,2211.0
2021,1055,4,catalunya,Spain,11,4,alonso,214,ALO,alpine,10,17,65,81182.0,,2.0,45522.0,22761.0,5.0,12,15.0,5,10,78147.0,109.0,4.657,302.705,0,338.0,321.0
2021,1055,4,catalunya,Spain,11,8,raikkonen,51,RAI,alfa,17,12,65,82868.0,,1.0,21572.0,21572.0,0.0,14,0.0,8,17,,109.0,4.657,302.705,0,30.0,30.0
2021,1055,4,catalunya,Spain,11,20,vettel,117,VET,aston_martin,13,13,65,82820.0,,2.0,45060.0,22530.0,0.0,16,5.0,7,13,,109.0,4.657,302.705,0,193.0,181.0
2021,1055,4,catalunya,Spain,1,815,perez,9,PER,red_bull,8,5,66,79483.0,5651351.0,2.0,43727.0,21863.5,32.0,6,112.0,2,8,77701.0,109.0,4.657,307.362,0,796.0,1842.0
2021,1055,4,catalunya,Spain,1,817,ricciardo,1,RIC,mclaren,7,6,66,81853.0,5661448.0,2.0,44168.0,22084.0,24.0,7,65.0,3,7,77622.0,109.0,4.657,307.362,0,689.0,1007.0
2021,1055,4,catalunya,Spain,1,822,bottas,131,BOT,mercedes,3,3,66,79430.0,5614290.0,2.0,43949.0,21974.5,47.0,3,141.0,1,3,76873.0,109.0,4.657,307.362,0,1337.0,1779.0
2021,1055,4,catalunya,Spain,1,830,max_verstappen,9,VER,red_bull,2,2,66,78149.0,5603521.0,2.0,45157.0,22578.5,80.0,2,112.0,2,2,76777.0,109.0,4.657,307.362,0,1477.5,1635.0
2021,1055,4,catalunya,Spain,1,832,sainz,6,SAI,ferrari,6,7,66,81568.0,5662350.0,2.0,43635.0,21817.5,20.0,8,60.0,4,6,77620.0,109.0,4.657,307.362,0,624.5,962.0
2021,1055,4,catalunya,Spain,11,839,ocon,214,OCO,alpine,5,9,65,83311.0,,1.0,22798.0,22798.0,10.0,9,15.0,5,5,77580.0,109.0,4.657,302.705,0,324.0,336.0
2021,1055,4,catalunya,Spain,11,840,stroll,117,STR,aston_martin,11,11,65,82607.0,,2.0,43188.0,21594.0,5.0,11,5.0,7,11,,109.0,4.657,302.705,0,374.0,186.0
2021,1055,4,catalunya,Spain,11,841,giovinazzi,51,GIO,alfa,14,15,65,82802.0,,2.0,77544.0,38772.0,0.0,15,0.0,8,14,,109.0,4.657,302.705,0,21.0,22.0
2021,1055,4,catalunya,Spain,11,842,gasly,213,GAS,alphatauri,12,10,65,81375.0,,2.0,54107.0,27053.5,8.0,10,10.0,6,12,,109.0,4.657,302.705,0,456.0,379.0
2021,1055,4,catalunya,Spain,1,844,leclerc,6,LEC,ferrari,4,4,66,80459.0,5642296.0,2.0,43905.0,21952.5,40.0,5,60.0,4,4,77510.0,109.0,4.657,307.362,0,724.0,891.0
2021,1055,4,catalunya,Spain,11,846,norris,1,NOR,mclaren,9,8,65,81279.0,,2.0,44331.0,22165.5,41.0,4,65.0,3,9,78010.0,109.0,4.657,302.705,0,683.0,870.0
2021,1055,4,catalunya,Spain,11,847,russell,3,RUS,williams,15,14,65,83208.0,,2.0,45733.0,22866.5,0.0,17,0.0,9,15,,109.0,4.657,302.705,0,22.0,46.0
2021,1055,4,catalunya,Spain,11,849,latifi,3,LAT,williams,19,16,65,82905.0,,3.0,70501.0,23500.333333333332,0.0,19,0.0,9,19,,109.0,4.657,302.705,0,7.0,46.0
2021,1055,4,catalunya,Spain,10,852,tsunoda,213,TSU,alphatauri,16,0,6,84825.0,,0.0,0.0,0.0,2.0,13,10.0,6,16,,109.0,4.657,27.942,0,28.0,282.0
2021,1055,4,catalunya,Spain,12,853,mazepin,210,MAZ,haas,20,19,64,84040.0,,2.0,45600.0,22800.0,0.0,20,0.0,10,20,,109.0,4.657,298.048,0,0.0,3.0
2021,1055,4,catalunya,Spain,12,854,mick_schumacher,210,MSC,haas,18,18,64,82637.0,,2.0,46316.0,23158.0,0.0,18,0.0,10,18,,109.0,4.657,298.048,0,0.0,0.0
2021,1056,6,monaco,Monaco,1,1,hamilton,131,HAM,mercedes,7,7,78,72909.0,6005051.0,2.0,48027.0,24013.5,101.0,2,148.0,2,7,71095.0,7.0,3.337,260.286,1,1944.5,1380.5
2021,1056,6,monaco,Monaco,11,4,alonso,214,ALO,alpine,17,13,77,75026.0,,1.0,23803.0,23803.0,5.0,13,17.0,7,17,,7.0,3.337,256.949,1,293.0,216.0
2021,1056,6,monaco,Monaco,11,8,raikkonen,51,RAI,alfa,14,11,77,74971.0,,1.0,24077.0,24077.0,0.0,16,1.0,8,14,,7.0,3.337,256.949,1,26.0,12.0
2021,1056,6,monaco,Monaco,1,20,vettel,117,VET,aston_martin,8,5,78,75316.0,5989411.0,1.0,24369.0,24369.0,10.0,11,19.0,5,8,71419.0,7.0,3.337,260.286,1,185.0,128.0
2021,1056,6,monaco,Monaco,1,815,perez,9,PER,red_bull,9,4,78,74552.0,5957310.0,1.0,24548.0,24548.0,44.0,5,149.0,1,9,71573.0,7.0,3.337,260.286,1,758.0,1242.5
2021,1056,6,monaco,Monaco,11,817,ricciardo,1,RIC,mclaren,12,12,77,74578.0,,1.0,24715.0,24715.0,24.0,8,80.0,3,12,,7.0,3.337,256.949,1,618.0,692.0
2021,1056,6,monaco,Monaco,61,822,bottas,131,BOT,mercedes,3,0,29,75706.0,,0.0,0.0,0.0,47.0,4,148.0,2,3,70601.0,7.0,3.337,96.77300000000001,1,1187.0,982.0
2021,1056,6,monaco,Monaco,1,830,max_verstappen,9,VER,red_bull,2,1,78,74649.0,5936820.0,1.0,23746.0,23746.0,105.0,1,149.0,1,2,70576.0,7.0,3.337,260.286,1,1420.5,850.0
2021,1056,6,monaco,Monaco,1,832,sainz,6,SAI,ferrari,4,2,78,74621.0,5945788.0,1.0,24150.0,24150.0,38.0,7,78.0,4,4,70611.0,7.0,3.337,260.286,1,597.5,671.5
2021,1056,6,monaco,Monaco,11,839,ocon,214,OCO,alpine,11,9,77,75316.0,,1.0,23935.0,23935.0,12.0,10,17.0,7,11,,7.0,3.337,256.949,1,296.0,96.0
2021,1056,6,monaco,Monaco,11,840,stroll,117,STR,aston_martin,13,8,77,74674.0,,1.0,23474.0,23474.0,9.0,12,19.0,5,13,,7.0,3.337,256.949,1,326.0,70.0
2021,1056,6,monaco,Monaco,11,841,giovinazzi,51,GIO,alfa,10,10,77,75331.0,,1.0,24521.0,24521.0,1.0,15,1.0,8,10,71779.0,7.0,3.337,256.949,1,18.0,2.0
2021,1056,6,monaco,Monaco,1,842,gasly,213,GAS,alphatauri,6,6,78,75412.0,5990716.0,1.0,24428.0,24428.0,16.0,9,18.0,6,6,70900.0,7.0,3.337,260.286,1,409.0,188.0
2021,1056,6,monaco,Monaco,30,844,leclerc,6,LEC,ferrari,1,0,0,,,0.0,0.0,0.0,40.0,6,78.0,4,1,70346.0,7.0,3.337,0.0,1,679.0,452.0
2021,1056,6,monaco,Monaco,1,846,norris,1,NOR,mclaren,5,3,78,74670.0,5956247.0,1.0,23874.0,23874.0,56.0,3,80.0,3,5,70620.0,7.0,3.337,260.286,1,670.0,514.0
2021,1056,6,monaco,Monaco,11,847,russell,3,RUS,williams,15,14,77,75539.0,,1.0,23928.0,23928.0,0.0,17,0.0,9,15,,7.0,3.337,256.949,1,22.0,23.0
2021,1056,6,monaco,Monaco,11,849,latifi,3,LAT,williams,18,15,77,75573.0,,1.0,23703.0,23703.0,0.0,18,0.0,9,18,,7.0,3.337,256.949,1,7.0,0.0
2021,1056,6,monaco,Monaco,11,852,tsunoda,213,TSU,alphatauri,16,16,77,74037.0,,1.0,24430.0,24430.0,2.0,14,18.0,6,16,,7.0,3.337,256.949,1,30.0,94.0
2021,1056,6,monaco,Monaco,13,853,mazepin,210,MAZ,haas,19,17,75,76866.0,,1.0,25202.0,25202.0,0.0,20,0.0,10,19,,7.0,3.337,250.275,1,0.0,0.0
2021,1056,6,monaco,Monaco,13,854,mick_schumacher,210,MSC,haas,20,18,75,76425.0,,1.0,24797.0,24797.0,0.0,19,0.0,10,0,,7.0,3.337,250.275,1,0.0,0.0
2021,1057,73,baku,Azerbaijan,1,1,hamilton,131,HAM,mercedes,2,15,51,104769.0,8034078.0,3.0,2038825.0,679608.3333333334,101.0,2,148.0,2,2,101450.0,-7.0,6.003,306.153,1,1763.5,1089.0
2021,1057,73,baku,Azerbaijan,1,4,alonso,214,ALO,alpine,8,6,51,105624.0,8022792.0,4.0,2070109.0,517527.25,13.0,11,25.0,7,9,102327.0,-7.0,6.003,306.153,1,256.0,121.0
2021,1057,73,baku,Azerbaijan,1,8,raikkonen,51,RAI,alfa,14,10,51,105601.0,8025986.0,3.0,2051549.0,683849.6666666666,1.0,15,2.0,8,14,,-7.0,6.003,306.153,1,23.0,4.0
2021,1057,73,baku,Azerbaijan,1,20,vettel,117,VET,aston_martin,11,2,51,104890.0,8017795.0,3.0,2035202.0,678400.6666666666,28.0,9,37.0,6,11,,-7.0,6.003,306.153,1,180.0,106.0
2021,1057,73,baku,Azerbaijan,1,815,perez,9,PER,red_bull,6,1,51,104687.0,8016410.0,3.0,2035617.0,678539.0,69.0,3,174.0,1,7,101917.0,-7.0,6.003,306.153,1,727.0,996.0
2021,1057,73,baku,Azerbaijan,1,817,ricciardo,1,RIC,mclaren,13,9,51,105713.0,8025284.0,3.0,2050239.0,683413.0,26.0,10,92.0,4,13,,-7.0,6.003,306.153,1,548.0,588.0
2021,1057,73,baku,Azerbaijan,1,822,bottas,131,BOT,mercedes,10,12,51,105665.0,8027674.0,3.0,2076931.0,692310.3333333334,47.0,6,148.0,2,10,102659.0,-7.0,6.003,306.153,1,1037.0,1196.0
2021,1057,73,baku,Azerbaijan,3,830,max_verstappen,9,VER,red_bull,3,0,45,104481.0,,1.0,19769.0,19769.0,105.0,1,174.0,1,3,101563.0,-7.0,6.003,270.135,1,1355.5,1142.0
2021,1057,73,baku,Azerbaijan,1,832,sainz,6,SAI,ferrari,5,8,51,105700.0,8024119.0,3.0,2047907.0,682635.6666666666,42.0,7,94.0,3,5,101576.0,-7.0,6.003,306.153,1,564.5,534.0
2021,1057,73,baku,Azerbaijan,101,839,ocon,214,OCO,alpine,12,0,3,110850.0,,0.0,0.0,0.0,12.0,12,25.0,7,12,,-7.0,6.003,18.009,1,268.0,146.0
2021,1057,73,baku,Azerbaijan,3,840,stroll,117,STR,aston_martin,19,0,29,106207.0,,0.0,0.0,0.0,9.0,13,37.0,6,19,,-7.0,6.003,174.087,1,276.0,142.0
2021,1057,73,baku,Azerbaijan,1,841,giovinazzi,51,GIO,alfa,20,11,51,105575.0,8026664.0,4.0,2072800.0,518200.0,1.0,16,2.0,8,20,,-7.0,6.003,306.153,1,15.0,6.0
2021,1057,73,baku,Azerbaijan,1,842,gasly,213,GAS,alphatauri,4,3,51,105220.0,8019172.0,3.0,2037071.0,679023.6666666666,31.0,8,39.0,5,4,101565.0,-7.0,6.003,306.153,1,377.0,131.0
2021,1057,73,baku,Azerbaijan,1,844,leclerc,6,LEC,ferrari,1,4,51,105382.0,8020238.0,3.0,2037472.0,679157.3333333334,52.0,5,94.0,3,1,101218.0,-7.0,6.003,306.153,1,634.0,616.0
2021,1057,73,baku,Azerbaijan,1,846,norris,1,NOR,mclaren,9,5,51,105326.0,8021164.0,3.0,2046808.0,682269.3333333334,66.0,4,92.0,4,6,101747.0,-7.0,6.003,306.153,1,662.0,662.0
2021,1057,73,baku,Azerbaijan,6,847,russell,3,RUS,williams,15,0,48,105959.0,,4.0,2097609.0,524402.25,0.0,18,0.0,10,15,,-7.0,6.003,288.144,1,22.0,0.0
2021,1057,73,baku,Azerbaijan,1,849,latifi,3,LAT,williams,16,16,51,106608.0,8059789.0,2.0,2070324.0,1035162.0,0.0,20,0.0,10,16,,-7.0,6.003,306.153,1,7.0,0.0
2021,1057,73,baku,Azerbaijan,1,852,tsunoda,213,TSU,alphatauri,7,7,51,104939.0,8023034.0,3.0,2038722.0,679574.0,8.0,14,39.0,5,8,102211.0,-7.0,6.003,306.153,1,38.0,168.0
2021,1057,73,baku,Azerbaijan,1,853,mazepin,210,MAZ,haas,18,14,51,107747.0,8030725.0,6.0,1998956.0,333159.3333333333,0.0,19,0.0,9,18,,-7.0,6.003,306.153,1,0.0,0.0
2021,1057,73,baku,Azerbaijan,1,854,mick_schumacher,210,MSC,haas,17,13,51,107624.0,8030651.0,5.0,2143022.0,428604.4,0.0,17,0.0,9,17,,-7.0,6.003,306.153,1,0.0,0.0
2021,1058,70,red_bull_ring,Austria,1,1,hamilton,131,HAM,mercedes,2,2,71,67058.0,4974668.0,2.0,42859.0,21429.5,138.0,2,212.0,2,3,64067.0,678.0,4.318,306.578,0,1594.5,1348.0
2021,1058,70,red_bull_ring,Austria,11,4,alonso,214,ALO,alpine,8,9,70,69749.0,,1.0,21131.0,21131.0,19.0,11,31.0,7,9,64574.0,678.0,4.318,302.26,0,225.0,174.0
2021,1058,70,red_bull_ring,Austria,11,8,raikkonen,51,RAI,alfa,18,11,70,69128.0,,1.0,21227.0,21227.0,1.0,15,2.0,8,18,,678.0,4.318,302.26,0,20.0,8.0
2021,1058,70,red_bull_ring,Austria,11,20,vettel,117,VET,aston_martin,14,12,70,69821.0,,1.0,21546.0,21546.0,30.0,10,44.0,6,14,,678.0,4.318,302.26,0,177.0,181.0
2021,1058,70,red_bull_ring,Austria,1,815,perez,9,PER,red_bull,4,4,71,67894.0,4986359.0,2.0,44438.0,22219.0,96.0,3,252.0,1,5,64168.0,678.0,4.318,306.578,0,723.0,1341.0
2021,1058,70,red_bull_ring,Austria,11,817,ricciardo,1,RIC,mclaren,13,13,70,69305.0,,1.0,21410.0,21410.0,34.0,9,120.0,3,13,,678.0,4.318,302.26,0,480.0,741.0
2021,1058,70,red_bull_ring,Austria,1,822,bottas,131,BOT,mercedes,5,3,71,68619.0,4985832.0,1.0,21752.0,21752.0,74.0,5,212.0,2,2,64035.0,678.0,4.318,306.578,0,910.0,1500.0
2021,1058,70,red_bull_ring,Austria,1,830,max_verstappen,9,VER,red_bull,1,1,71,68017.0,4938925.0,1.0,20936.0,20936.0,156.0,1,252.0,1,1,63841.0,678.0,4.318,306.578,0,1322.5,1540.0
2021,1058,70,red_bull_ring,Austria,11,832,sainz,6,SAI,ferrari,12,6,70,68609.0,,1.0,21226.0,21226.0,50.0,7,108.0,4,12,,678.0,4.318,302.26,0,529.5,690.0
2021,1058,70,red_bull_ring,Austria,11,839,ocon,214,OCO,alpine,17,14,70,69576.0,,1.0,21238.0,21238.0,12.0,13,31.0,7,17,,678.0,4.318,302.26,0,238.0,202.0
2021,1058,70,red_bull_ring,Austria,11,840,stroll,117,STR,aston_martin,9,8,70,69787.0,,1.0,20936.0,20936.0,14.0,12,44.0,6,10,64708.0,678.0,4.318,302.26,0,231.0,220.0
2021,1058,70,red_bull_ring,Austria,11,841,giovinazzi,51,GIO,alfa,15,15,70,69723.0,,1.0,21210.0,21210.0,1.0,16,2.0,8,15,,678.0,4.318,302.26,0,12.0,10.0
2021,1058,70,red_bull_ring,Austria,4,842,gasly,213,GAS,alphatauri,6,0,1,,,0.0,0.0,0.0,37.0,8,46.0,5,6,64236.0,678.0,4.318,4.318,0,343.0,206.0
2021,1058,70,red_bull_ring,Austria,11,844,leclerc,6,LEC,ferrari,7,7,70,68738.0,,2.0,50310.0,25155.0,58.0,6,108.0,4,7,64472.0,678.0,4.318,302.26,0,594.0,764.0
2021,1058,70,red_bull_ring,Austria,11,846,norris,1,NOR,mclaren,3,5,70,68903.0,,1.0,21692.0,21692.0,86.0,4,120.0,3,4,64120.0,678.0,4.318,302.26,0,662.0,820.0
2021,1058,70,red_bull_ring,Austria,5,847,russell,3,RUS,williams,10,0,36,70499.0,,2.0,83624.0,41812.0,0.0,17,0.0,9,11,,678.0,4.318,155.44799999999998,0,22.0,0.0
2021,1058,70,red_bull_ring,Austria,13,849,latifi,3,LAT,williams,16,17,68,70104.0,,2.0,48372.0,24186.0,0.0,20,0.0,9,16,,678.0,4.318,293.62399999999997,0,7.0,0.0
2021,1058,70,red_bull_ring,Austria,11,852,tsunoda,213,TSU,alphatauri,11,10,70,69650.0,,1.0,21234.0,21234.0,9.0,14,46.0,5,8,64514.0,678.0,4.318,302.26,0,47.0,244.0
2021,1058,70,red_bull_ring,Austria,13,853,mazepin,210,MAZ,haas,20,18,68,70951.0,,1.0,22759.0,22759.0,0.0,19,0.0,10,20,,678.0,4.318,293.62399999999997,0,0.0,0.0
2021,1058,70,red_bull_ring,Austria,12,854,mick_schumacher,210,MSC,haas,19,16,69,70005.0,,1.0,22400.0,22400.0,0.0,18,0.0,10,19,,678.0,4.318,297.94199999999995,0,0.0,0.0
2021,1059,34,ricard,France,1,1,hamilton,131,HAM,mercedes,2,2,53,97410.0,5248674.0,1.0,30263.0,30263.0,119.0,2,178.0,2,2,90248.0,432.0,5.842,309.626,0,1381.5,1577.0
2021,1059,34,ricard,France,1,4,alonso,214,ALO,alpine,9,8,53,97646.0,5323465.0,1.0,31288.0,31288.0,17.0,11,29.0,7,9,91340.0,432.0,5.842,309.626,0,192.0,218.0
2021,1059,34,ricard,France,11,8,raikkonen,51,RAI,alfa,17,17,52,97992.0,,1.0,31327.0,31327.0,1.0,15,2.0,8,17,,432.0,5.842,303.784,0,17.0,12.0
2021,1059,34,ricard,France,1,20,vettel,117,VET,aston_martin,12,9,53,97138.0,5325436.0,1.0,31069.0,31069.0,30.0,10,40.0,6,12,,432.0,5.842,309.626,0,174.0,255.0
2021,1059,34,ricard,France,1,815,perez,9,PER,red_bull,4,3,53,96693.0,5254581.0,1.0,29682.0,29682.0,84.0,3,215.0,1,4,90445.0,432.0,5.842,309.626,0,682.0,1672.0
2021,1059,34,ricard,France,1,817,ricciardo,1,RIC,mclaren,10,6,53,98324.0,5321627.0,1.0,29951.0,29951.0,34.0,9,110.0,3,10,91382.0,432.0,5.842,309.626,0,402.0,877.0
2021,1059,34,ricard,France,1,822,bottas,131,BOT,mercedes,3,4,53,96960.0,5260388.0,1.0,30572.0,30572.0,59.0,5,178.0,2,3,90376.0,432.0,5.842,309.626,0,764.0,1654.0
2021,1059,34,ricard,France,1,830,max_verstappen,9,VER,red_bull,1,1,53,96404.0,5245770.0,2.0,59926.0,29963.0,131.0,1,215.0,1,1,89990.0,432.0,5.842,309.626,0,1264.5,1804.0
2021,1059,34,ricard,France,1,832,sainz,6,SAI,ferrari,5,11,53,98931.0,5345107.0,1.0,30534.0,30534.0,42.0,7,94.0,4,5,90840.0,432.0,5.842,309.626,0,474.5,816.0
2021,1059,34,ricard,France,11,839,ocon,214,OCO,alpine,11,14,52,98645.0,,1.0,30207.0,30207.0,12.0,12,29.0,7,11,,432.0,5.842,303.784,0,190.0,234.0
2021,1059,34,ricard,France,1,840,stroll,117,STR,aston_martin,19,10,53,97828.0,5337716.0,1.0,30996.0,30996.0,10.0,13,40.0,6,19,,432.0,5.842,309.626,0,167.0,290.0
2021,1059,34,ricard,France,11,841,giovinazzi,51,GIO,alfa,13,15,52,98702.0,,1.0,30586.0,30586.0,1.0,16,2.0,8,13,,432.0,5.842,303.784,0,9.0,14.0
2021,1059,34,ricard,France,1,842,gasly,213,GAS,alphatauri,6,7,53,98103.0,5322366.0,1.0,30781.0,30781.0,37.0,8,45.0,5,6,90868.0,432.0,5.842,309.626,0,309.0,280.0
2021,1059,34,ricard,France,11,844,leclerc,6,LEC,ferrari,7,16,52,97681.0,,2.0,62166.0,31083.0,52.0,6,94.0,4,7,90987.0,432.0,5.842,303.784,0,548.0,868.0
2021,1059,34,ricard,France,1,846,norris,1,NOR,mclaren,8,5,53,97425.0,5309802.0,1.0,30531.0,30531.0,76.0,4,110.0,3,8,91252.0,432.0,5.842,309.626,0,651.0,934.0
2021,1059,34,ricard,France,11,847,russell,3,RUS,williams,14,12,52,98314.0,,1.0,30092.0,30092.0,0.0,17,0.0,9,14,,432.0,5.842,303.784,0,19.0,0.0
2021,1059,34,ricard,France,11,849,latifi,3,LAT,williams,16,18,52,98313.0,,1.0,29775.0,29775.0,0.0,20,0.0,9,16,,432.0,5.842,303.784,0,7.0,0.0
2021,1059,34,ricard,France,11,852,tsunoda,213,TSU,alphatauri,0,13,52,98980.0,,1.0,30226.0,30226.0,8.0,14,45.0,5,20,,432.0,5.842,303.784,0,55.0,316.0
2021,1059,34,ricard,France,11,853,mazepin,210,MAZ,haas,18,20,52,99317.0,,1.0,30983.0,30983.0,0.0,19,0.0,10,18,,432.0,5.842,303.784,0,0.0,0.0
2021,1059,34,ricard,France,11,854,mick_schumacher,210,MSC,haas,15,19,52,98847.0,,1.0,31457.0,31457.0,0.0,18,0.0,10,15,,432.0,5.842,303.784,0,0.0,0.0
2021,1060,70,red_bull_ring,Austria,1,1,hamilton,131,HAM,mercedes,4,4,71,68126.0,5080995.0,2.0,42426.0,21213.0,150.0,2,242.0,2,4,64014.0,678.0,4.318,306.578,0,1184.5,1755.0
2021,1060,70,red_bull_ring,Austria,11,4,alonso,214,ALO,alpine,14,10,70,68405.0,,1.0,22663.0,22663.0,20.0,11,32.0,7,14,,678.0,4.318,302.26,0,162.0,251.0
2021,1060,70,red_bull_ring,Austria,11,8,raikkonen,51,RAI,alfa,16,15,70,68874.0,,1.0,21896.0,21896.0,1.0,15,2.0,8,16,,678.0,4.318,302.26,0,14.0,16.0
2021,1060,70,red_bull_ring,Austria,4,20,vettel,117,VET,aston_martin,11,17,69,68420.0,,2.0,41927.0,20963.5,30.0,10,44.0,6,8,64570.0,678.0,4.318,297.94199999999995,0,171.0,329.0
2021,1060,70,red_bull_ring,Austria,1,815,perez,9,PER,red_bull,3,6,71,68192.0,5092458.0,1.0,21735.0,21735.0,104.0,3,286.0,1,3,63990.0,678.0,4.318,306.578,0,661.0,1978.0
2021,1060,70,red_bull_ring,Austria,1,817,ricciardo,1,RIC,mclaren,13,7,71,68820.0,5094938.0,1.0,21151.0,21151.0,40.0,8,141.0,3,13,,678.0,4.318,306.578,0,323.0,1010.0
2021,1060,70,red_bull_ring,Austria,1,822,bottas,131,BOT,mercedes,5,2,71,68374.0,5052516.0,1.0,21071.0,21071.0,92.0,5,242.0,2,5,64049.0,678.0,4.318,306.578,0,633.0,1856.0
2021,1060,70,red_bull_ring,Austria,1,830,max_verstappen,9,VER,red_bull,1,1,71,66200.0,5034543.0,2.0,42326.0,21163.0,182.0,1,286.0,1,1,63720.0,678.0,4.318,306.578,0,1232.5,2152.0
2021,1060,70,red_bull_ring,Austria,1,832,sainz,6,SAI,ferrari,10,5,71,67762.0,5091687.0,1.0,21431.0,21431.0,60.0,7,122.0,4,11,,678.0,4.318,306.578,0,429.5,930.0
2021,1060,70,red_bull_ring,Austria,4,839,ocon,214,OCO,alpine,17,0,0,,,0.0,0.0,0.0,12.0,13,32.0,7,17,,678.0,4.318,0.0,0,140.0,268.0
2021,1060,70,red_bull_ring,Austria,11,840,stroll,117,STR,aston_martin,9,13,70,68659.0,,2.0,42863.0,21431.5,14.0,12,44.0,6,10,64618.0,678.0,4.318,302.26,0,106.0,368.0
2021,1060,70,red_bull_ring,Austria,11,841,giovinazzi,51,GIO,alfa,15,14,70,69042.0,,2.0,48251.0,24125.5,1.0,16,2.0,8,15,,678.0,4.318,302.26,0,6.0,18.0
2021,1060,70,red_bull_ring,Austria,1,842,gasly,213,GAS,alphatauri,6,9,71,68146.0,5096387.0,2.0,43414.0,21707.0,39.0,9,48.0,5,6,64107.0,678.0,4.318,306.578,0,273.0,354.0
2021,1060,70,red_bull_ring,Austria,1,844,leclerc,6,LEC,ferrari,12,8,71,68698.0,5095738.0,1.0,21143.0,21143.0,62.0,6,122.0,4,12,,678.0,4.318,306.578,0,512.0,992.0
2021,1060,70,red_bull_ring,Austria,1,846,norris,1,NOR,mclaren,2,3,71,68471.0,5054562.0,1.0,26474.0,26474.0,101.0,4,141.0,3,2,63768.0,678.0,4.318,306.578,0,655.0,1086.0
2021,1060,70,red_bull_ring,Austria,11,847,russell,3,RUS,williams,8,11,70,68900.0,,1.0,21606.0,21606.0,0.0,17,0.0,9,9,64591.0,678.0,4.318,302.26,0,16.0,0.0
2021,1060,70,red_bull_ring,Austria,11,849,latifi,3,LAT,williams,18,16,70,68520.0,,1.0,21152.0,21152.0,0.0,20,0.0,9,18,,678.0,4.318,302.26,0,7.0,0.0
2021,1060,70,red_bull_ring,Austria,11,852,tsunoda,213,TSU,alphatauri,7,12,70,68455.0,,2.0,47749.0,23874.5,9.0,14,48.0,5,7,64273.0,678.0,4.318,302.26,0,64.0,392.0
2021,1060,70,red_bull_ring,Austria,12,853,mazepin,210,MAZ,haas,20,19,69,69757.0,,2.0,45182.0,22591.0,0.0,19,0.0,10,20,,678.0,4.318,297.94199999999995,0,0.0,0.0
2021,1060,70,red_bull_ring,Austria,12,854,mick_schumacher,210,MSC,haas,19,18,69,69394.0,,1.0,21798.0,21798.0,0.0,18,0.0,10,19,,678.0,4.318,297.94199999999995,0,0.0,0.0
2021,1061,9,silverstone,UK,1,1,hamilton,131,HAM,mercedes,2,1,52,89699.0,7103284.0,2.0,2088642.0,1044321.0,177.0,2,285.0,2,1,86134.0,153.0,5.891,306.332,0,1018.0,1993.0
2021,1061,9,silverstone,UK,1,4,alonso,214,ALO,alpine,7,7,52,91698.0,7175377.0,2.0,2088323.0,1044161.5,26.0,11,40.0,7,11,,153.0,5.891,306.332,0,111.0,291.0
2021,1061,9,silverstone,UK,11,8,raikkonen,51,RAI,alfa,13,15,51,91895.0,,2.0,2091094.0,1045547.0,1.0,15,2.0,8,17,,153.0,5.891,300.441,0,5.0,19.0
2021,1061,9,silverstone,UK,31,20,vettel,117,VET,aston_martin,8,0,40,93059.0,,2.0,2083367.0,1041683.5,30.0,10,48.0,6,10,87179.0,153.0,5.891,235.64,0,158.0,397.0
2021,1061,9,silverstone,UK,11,815,perez,9,PER,red_bull,0,16,51,88617.0,,4.0,2161227.0,540306.75,104.0,5,289.0,1,5,86844.0,153.0,5.891,300.441,0,575.0,2292.0
2021,1061,9,silverstone,UK,1,817,ricciardo,1,RIC,mclaren,6,5,52,91284.0,7145908.0,2.0,2080098.0,1040049.0,50.0,8,163.0,3,7,86899.0,153.0,5.891,306.332,0,268.0,1169.0
2021,1061,9,silverstone,UK,1,822,bottas,131,BOT,mercedes,3,3,52,90524.0,7114409.0,2.0,2077358.0,1038679.0,108.0,4,285.0,2,3,86328.0,153.0,5.891,306.332,0,538.0,2130.0
2021,1061,9,silverstone,UK,4,830,max_verstappen,9,VER,red_bull,1,0,0,,,0.0,0.0,0.0,185.0,1,289.0,1,2,86209.0,153.0,5.891,0.0,0,1066.0,2432.0
2021,1061,9,silverstone,UK,1,832,sainz,6,SAI,ferrari,10,6,52,91223.0,7146738.0,2.0,2096631.0,1048315.5,68.0,7,148.0,4,9,87007.0,153.0,5.891,306.332,0,352.0,1062.0
2021,1061,9,silverstone,UK,1,839,ocon,214,OCO,alpine,9,9,52,92210.0,7179446.0,2.0,2095766.0,1047883.0,14.0,13,40.0,7,13,,153.0,5.891,306.332,0,94.0,314.0
2021,1061,9,silverstone,UK,1,840,stroll,117,STR,aston_martin,14,8,52,91992.0,7177573.0,2.0,2096074.0,1048037.0,18.0,12,48.0,6,15,,153.0,5.891,306.332,0,90.0,426.0
2021,1061,9,silverstone,UK,11,841,giovinazzi,51,GIO,alfa,15,13,51,92346.0,,2.0,2098387.0,1049193.5,1.0,16,2.0,8,14,,153.0,5.891,300.441,0,6.0,20.0
2021,1061,9,silverstone,UK,1,842,gasly,213,GAS,alphatauri,11,11,52,90266.0,7188611.0,3.0,2124109.0,708036.3333333334,39.0,9,49.0,5,12,,153.0,5.891,306.332,0,220.0,423.0
2021,1061,9,silverstone,UK,1,844,leclerc,6,LEC,ferrari,4,2,52,90569.0,7107155.0,2.0,2076164.0,1038082.0,80.0,6,148.0,4,4,86828.0,153.0,5.891,306.332,0,440.0,1132.0
2021,1061,9,silverstone,UK,1,846,norris,1,NOR,mclaren,5,4,52,91420.0,7131857.0,2.0,2083924.0,1041962.0,113.0,3,163.0,3,6,86897.0,153.0,5.891,306.332,0,615.0,1252.0
2021,1061,9,silverstone,UK,11,847,russell,3,RUS,williams,12,12,51,92049.0,,2.0,2100355.0,1050177.5,0.0,17,0.0,9,8,86971.0,153.0,5.891,300.441,0,0.0,0.0
2021,1061,9,silverstone,UK,11,849,latifi,3,LAT,williams,17,14,51,92477.0,,2.0,2104707.0,1052353.5,0.0,19,0.0,9,18,,153.0,5.891,300.441,0,0.0,0.0
2021,1061,9,silverstone,UK,1,852,tsunoda,213,TSU,alphatauri,16,10,52,90826.0,7185349.0,2.0,2104829.0,1052414.5,10.0,14,49.0,5,16,,153.0,5.891,306.332,0,54.0,454.0
2021,1061,9,silverstone,UK,11,853,mazepin,210,MAZ,haas,19,17,51,92909.0,,2.0,2106230.0,1053115.0,0.0,20,0.0,10,20,,153.0,5.891,300.441,0,0.0,0.0
2021,1061,9,silverstone,UK,11,854,mick_schumacher,210,MSC,haas,18,18,51,92862.0,,2.0,2105047.0,1052523.5,0.0,18,0.0,10,19,,153.0,5.891,300.441,0,0.0,0.0
2021,1062,11,hungaroring,Hungary,1,1,hamilton,131,HAM,mercedes,1,2,70,78715.0,7485935.0,4.0,1513714.0,378428.5,195.0,1,303.0,1,1,75419.0,264.0,4.381,306.67,0,1188.0,2285.0
2021,1062,11,hungaroring,Hungary,1,4,alonso,214,ALO,alpine,9,4,70,80359.0,7498850.0,3.0,1513624.0,504541.3333333333,38.0,11,77.0,5,9,76715.0,264.0,4.381,306.67,0,149.0,366.0
2021,1062,11,hungaroring,Hungary,11,8,raikkonen,51,RAI,alfa,13,10,69,81518.0,,4.0,1550924.0,387731.0,2.0,17,3.0,9,13,,264.0,4.381,302.289,0,7.0,21.0
2021,1062,11,hungaroring,Hungary,2,20,vettel,117,VET,aston_martin,10,0,70,81459.0,,3.0,1515475.0,505158.3333333333,30.0,12,48.0,7,10,76750.0,264.0,4.381,306.67,0,188.0,437.0
2021,1062,11,hungaroring,Hungary,4,815,perez,9,PER,red_bull,4,0,0,,,0.0,0.0,0.0,104.0,5,291.0,2,4,76421.0,264.0,4.381,0.0,0,669.0,2549.0
2021,1062,11,hungaroring,Hungary,11,817,ricciardo,1,RIC,mclaren,11,11,69,82802.0,,3.0,1513242.0,504414.0,50.0,9,163.0,4,11,,264.0,4.381,302.289,0,312.0,1323.0
2021,1062,11,hungaroring,Hungary,4,822,bottas,131,BOT,mercedes,2,0,0,,,0.0,0.0,0.0,108.0,4,303.0,1,2,75734.0,264.0,4.381,0.0,0,630.0,2440.0
2021,1062,11,hungaroring,Hungary,1,830,max_verstappen,9,VER,red_bull,3,9,70,80945.0,7563443.0,5.0,1556058.0,311211.6,187.0,2,291.0,2,3,75840.0,264.0,4.381,306.67,0,1235.0,2666.0
2021,1062,11,hungaroring,Hungary,1,832,sainz,6,SAI,ferrari,15,3,70,81423.0,7498217.0,3.0,1517264.0,505754.6666666667,83.0,6,163.0,3,15,,264.0,4.381,306.67,0,431.0,1201.0
2021,1062,11,hungaroring,Hungary,1,839,ocon,214,OCO,alpine,8,1,70,81421.0,7483199.0,3.0,1511354.0,503784.6666666667,39.0,10,77.0,5,8,76653.0,264.0,4.381,306.67,0,133.0,418.0
2021,1062,11,hungaroring,Hungary,4,840,stroll,117,STR,aston_martin,12,0,0,,,0.0,0.0,0.0,18.0,14,48.0,7,12,,264.0,4.381,0.0,0,107.0,448.0
2021,1062,11,hungaroring,Hungary,11,841,giovinazzi,51,GIO,alfa,0,13,69,82736.0,,5.0,1570886.0,314177.2,1.0,18,3.0,9,14,,264.0,4.381,302.289,0,7.0,22.0
2021,1062,11,hungaroring,Hungary,1,842,gasly,213,GAS,alphatauri,5,5,70,78394.0,7546813.0,4.0,1540292.0,385073.0,50.0,8,68.0,6,5,76483.0,264.0,4.381,306.67,0,270.0,483.0
2021,1062,11,hungaroring,Hungary,4,844,leclerc,6,LEC,ferrari,7,0,0,,,0.0,0.0,0.0,80.0,7,163.0,3,7,76496.0,264.0,4.381,0.0,0,512.0,1270.0
2021,1062,11,hungaroring,Hungary,4,846,norris,1,NOR,mclaren,6,0,2,,,1.0,38267.0,38267.0,113.0,3,163.0,4,6,76489.0,264.0,4.381,8.762,0,716.0,1394.0
2021,1062,11,hungaroring,Hungary,1,847,russell,3,RUS,williams,17,8,70,82112.0,7562293.0,3.0,1509047.0,503015.6666666667,4.0,16,10.0,8,17,,264.0,4.381,306.67,0,4.0,10.0
2021,1062,11,hungaroring,Hungary,1,849,latifi,3,LAT,williams,18,7,70,82831.0,7561109.0,3.0,1516220.0,505406.6666666667,6.0,15,10.0,8,18,,264.0,4.381,306.67,0,6.0,20.0
2021,1062,11,hungaroring,Hungary,1,852,tsunoda,213,TSU,alphatauri,16,6,70,82450.0,7559002.0,3.0,1516189.0,505396.3333333333,18.0,13,68.0,6,16,,264.0,4.381,306.67,0,70.0,512.0
2021,1062,11,hungaroring,Hungary,4,853,mazepin,210,MAZ,haas,19,0,3,,,2.0,1481135.0,740567.5,0.0,20,0.0,10,19,,264.0,4.381,13.143,0,0.0,0.0
2021,1062,11,hungaroring,Hungary,11,854,mick_schumacher,210,MSC,haas,20,12,69,82711.0,,3.0,1515968.0,505322.6666666667,0.0,19,0.0,10,20,,264.0,4.381,302.289,0,0.0,0.0
2021,1063,13,spa,Belgium,1,1,hamilton,131,HAM,mercedes,3,3,1,,209672.0,0.0,0.0,0.0,202.5,1,310.5,1,3,120099.0,401.0,7.004,7.004,0,1346.5,2538.5
2021,1063,13,spa,Belgium,1,4,alonso,214,ALO,alpine,12,11,1,,227661.0,0.0,0.0,0.0,38.0,11,80.0,5,14,,401.0,7.004,7.004,0,186.0,467.0
2021,1063,13,spa,Belgium,1,8,raikkonen,51,RAI,alfa,0,18,1,,243125.0,0.0,0.0,0.0,2.0,17,3.0,9,19,,401.0,7.004,7.004,0,9.0,23.0
2021,1063,13,spa,Belgium,1,20,vettel,117,VET,aston_martin,5,5,1,,214550.0,0.0,0.0,0.0,35.0,12,53.0,7,5,120935.0,401.0,7.004,7.004,0,223.0,457.0
2021,1063,13,spa,Belgium,1,815,perez,9,PER,red_bull,0,19,1,,245276.0,0.0,0.0,0.0,104.0,5,303.5,2,7,122112.0,401.0,7.004,7.004,0,763.0,2717.5
2021,1063,13,spa,Belgium,1,817,ricciardo,1,RIC,mclaren,4,4,1,,211567.0,0.0,0.0,0.0,56.0,8,169.0,3,4,120864.0,401.0,7.004,7.004,0,354.0,1443.0
2021,1063,13,spa,Belgium,1,822,bottas,131,BOT,mercedes,13,12,1,,229485.0,0.0,0.0,0.0,108.0,4,310.5,1,8,122502.0,401.0,7.004,7.004,0,722.0,2637.0
2021,1063,13,spa,Belgium,1,830,max_verstappen,9,VER,red_bull,1,1,1,,207071.0,0.0,0.0,0.0,199.5,2,303.5,2,1,119765.0,401.0,7.004,7.004,0,1391.5,2769.0
2021,1063,13,spa,Belgium,1,832,sainz,6,SAI,ferrari,11,10,1,,223237.0,0.0,0.0,0.0,83.5,6,165.5,4,13,,401.0,7.004,7.004,0,500.5,1327.5
2021,1063,13,spa,Belgium,1,839,ocon,214,OCO,alpine,8,7,1,,218650.0,0.0,0.0,0.0,42.0,10,80.0,5,9,123513.0,401.0,7.004,7.004,0,173.0,516.0
2021,1063,13,spa,Belgium,1,840,stroll,117,STR,aston_martin,19,20,1,,251179.0,0.0,0.0,0.0,18.0,14,53.0,7,15,,401.0,7.004,7.004,0,120.0,466.0
2021,1063,13,spa,Belgium,1,841,giovinazzi,51,GIO,alfa,14,13,1,,231234.0,0.0,0.0,0.0,1.0,18,3.0,9,16,,401.0,7.004,7.004,0,8.0,24.0
2021,1063,13,spa,Belgium,1,842,gasly,213,GAS,alphatauri,6,6,1,,217248.0,0.0,0.0,0.0,54.0,9,72.0,6,6,121164.0,401.0,7.004,7.004,0,318.0,538.0
2021,1063,13,spa,Belgium,1,844,leclerc,6,LEC,ferrari,9,8,1,,219679.0,0.0,0.0,0.0,82.0,7,165.5,4,11,,401.0,7.004,7.004,0,574.0,1385.0
2021,1063,13,spa,Belgium,1,846,norris,1,NOR,mclaren,15,14,1,,234181.0,0.0,0.0,0.0,113.0,3,169.0,3,10,,401.0,7.004,7.004,0,802.0,1492.0
2021,1063,13,spa,Belgium,1,847,russell,3,RUS,williams,2,2,1,,209066.0,0.0,0.0,0.0,13.0,15,20.0,8,2,120086.0,401.0,7.004,7.004,0,17.0,40.0
2021,1063,13,spa,Belgium,1,849,latifi,3,LAT,williams,10,9,1,,222556.0,0.0,0.0,0.0,7.0,16,20.0,8,12,,401.0,7.004,7.004,0,13.0,60.0
2021,1063,13,spa,Belgium,1,852,tsunoda,213,TSU,alphatauri,16,15,1,,235400.0,0.0,0.0,0.0,18.0,13,72.0,6,17,,401.0,7.004,7.004,0,86.0,564.0
2021,1063,13,spa,Belgium,1,853,mazepin,210,MAZ,haas,18,17,1,,239064.0,0.0,0.0,0.0,0.0,20,0.0,10,20,,401.0,7.004,7.004,0,0.0,0.0
2021,1063,13,spa,Belgium,1,854,mick_schumacher,210,MSC,haas,17,16,1,,236578.0,0.0,0.0,0.0,0.0,19,0.0,10,18,,401.0,7.004,7.004,0,0.0,0.0
2021,1064,39,zandvoort,Netherlands,1,1,hamilton,131,HAM,mercedes,2,2,72,71097.0,5426327.0,3.0,57840.0,19280.0,221.5,2,344.5,1,2,68923.0,6.0,4.259,306.648,0,1499.0,2803.5
2021,1064,39,zandvoort,Netherlands,11,4,alonso,214,ALO,alpine,9,6,71,74323.0,,1.0,19018.0,19018.0,46.0,10,90.0,5,9,69956.0,6.0,4.259,302.389,0,227.0,577.0
2021,1064,39,zandvoort,Netherlands,12,9,kubica,51,KUB,alfa,16,15,70,75442.0,,1.0,19708.0,19708.0,0.0,21,3.0,9,18,,6.0,4.259,298.13,0,9.0,25.0
2021,1064,39,zandvoort,Netherlands,12,20,vettel,117,VET,aston_martin,15,13,70,73958.0,,2.0,37345.0,18672.5,35.0,12,53.0,7,17,,6.0,4.259,298.13,0,258.0,479.0
2021,1064,39,zandvoort,Netherlands,11,815,perez,9,PER,red_bull,0,8,71,73461.0,,2.0,37842.0,18921.0,108.0,5,332.5,2,16,,6.0,4.259,302.389,0,849.0,2886.5
2021,1064,39,zandvoort,Netherlands,11,817,ricciardo,1,RIC,mclaren,10,11,71,74920.0,,1.0,19449.0,19449.0,56.0,9,170.0,4,10,70166.0,6.0,4.259,302.389,0,394.0,1552.0
2021,1064,39,zandvoort,Netherlands,1,822,bottas,131,BOT,mercedes,3,3,72,72549.0,5461855.0,2.0,40603.0,20301.5,123.0,3,344.5,1,3,69222.0,6.0,4.259,306.648,0,813.0,2970.0
2021,1064,39,zandvoort,Netherlands,1,830,max_verstappen,9,VER,red_bull,1,1,72,73275.0,5405395.0,2.0,37720.0,18860.0,224.5,1,332.5,2,1,68885.0,6.0,4.259,306.648,0,1555.0,3004.0
2021,1064,39,zandvoort,Netherlands,11,832,sainz,6,SAI,ferrari,6,7,71,75260.0,,1.0,20327.0,20327.0,89.5,7,181.5,3,6,69537.0,6.0,4.259,302.389,0,576.0,1472.5
2021,1064,39,zandvoort,Netherlands,11,839,ocon,214,OCO,alpine,8,9,71,74675.0,,1.0,19240.0,19240.0,44.0,11,90.0,5,8,69933.0,6.0,4.259,302.389,0,209.0,638.0
2021,1064,39,zandvoort,Netherlands,12,840,stroll,117,STR,aston_martin,12,12,70,75611.0,,1.0,19389.0,19389.0,18.0,14,53.0,7,12,,6.0,4.259,298.13,0,133.0,492.0
2021,1064,39,zandvoort,Netherlands,12,841,giovinazzi,51,GIO,alfa,7,14,70,75125.0,,2.0,39092.0,19546.0,1.0,18,3.0,9,7,69590.0,6.0,4.259,298.13,0,9.0,26.0
2021,1064,39,zandvoort,Netherlands,11,842,gasly,213,GAS,alphatauri,4,4,71,74818.0,,1.0,19163.0,19163.0,66.0,8,84.0,6,4,69478.0,6.0,4.259,302.389,0,377.0,603.0
2021,1064,39,zandvoort,Netherlands,11,844,leclerc,6,LEC,ferrari,5,5,71,74780.0,,1.0,19490.0,19490.0,92.0,6,181.5,3,5,69527.0,6.0,4.259,302.389,0,638.0,1560.0
2021,1064,39,zandvoort,Netherlands,11,846,norris,1,NOR,mclaren,13,10,71,74236.0,,1.0,20443.0,20443.0,114.0,4,170.0,4,13,,6.0,4.259,302.389,0,879.0,1612.0
2021,1064,39,zandvoort,Netherlands,6,847,russell,3,RUS,williams,11,17,69,75628.0,,2.0,44167.0,22083.5,13.0,15,20.0,8,11,,6.0,4.259,293.87100000000004,0,30.0,80.0
2021,1064,39,zandvoort,Netherlands,12,849,latifi,3,LAT,williams,0,16,70,75790.0,,1.0,20646.0,20646.0,7.0,16,20.0,8,14,,6.0,4.259,298.13,0,20.0,100.0
2021,1064,39,zandvoort,Netherlands,131,852,tsunoda,213,TSU,alphatauri,14,0,48,75783.0,,1.0,19850.0,19850.0,18.0,13,84.0,6,15,,6.0,4.259,204.43200000000002,0,102.0,642.0
2021,1064,39,zandvoort,Netherlands,9,853,mazepin,210,MAZ,haas,18,0,41,76066.0,,1.0,19999.0,19999.0,0.0,20,0.0,10,20,,6.0,4.259,174.61900000000003,0,0.0,0.0
2021,1064,39,zandvoort,Netherlands,13,854,mick_schumacher,210,MSC,haas,17,18,69,75927.0,,2.0,60151.0,30075.5,0.0,19,0.0,10,19,,6.0,4.259,293.87100000000004,0,0.0,0.0
2021,1065,14,monza,Italy,4,1,hamilton,131,HAM,mercedes,4,0,25,85870.0,,1.0,25619.0,25619.0,221.5,2,362.5,1,2,79651.0,162.0,5.793,144.82500000000002,0,1626.5,3090.5
2021,1065,14,monza,Italy,1,4,alonso,214,ALO,alpine,10,8,53,85472.0,4931566.0,1.0,24797.0,24797.0,50.0,10,95.0,5,13,,162.0,5.793,307.029,0,272.0,701.0
2021,1065,14,monza,Italy,1,9,kubica,51,KUB,alfa,17,14,53,85849.0,4944134.0,1.0,24501.0,24501.0,0.0,20,3.0,9,19,,162.0,5.793,307.029,0,8.0,27.0
2021,1065,14,monza,Italy,1,20,vettel,117,VET,aston_martin,11,12,53,85938.0,4938986.0,2.0,51084.0,25542.0,35.0,12,59.0,7,11,,162.0,5.793,307.029,0,293.0,507.0
2021,1065,14,monza,Italy,1,815,perez,9,PER,red_bull,8,5,53,85156.0,4923088.0,1.0,23906.0,23906.0,118.0,5,344.5,2,9,80611.0,162.0,5.793,307.029,0,935.0,3062.5
2021,1065,14,monza,Italy,1,817,ricciardo,1,RIC,mclaren,2,1,53,84812.0,4914365.0,1.0,23812.0,23812.0,83.0,8,215.0,3,5,79995.0,162.0,5.793,307.029,0,453.0,1686.0
2021,1065,14,monza,Italy,1,822,bottas,131,BOT,mercedes,19,3,53,84827.0,4919286.0,1.0,24308.0,24308.0,141.0,3,362.5,1,1,79555.0,162.0,5.793,307.029,0,907.0,3211.0
2021,1065,14,monza,Italy,4,830,max_verstappen,9,VER,red_bull,1,0,25,85173.0,,1.0,32456.0,32456.0,226.5,1,344.5,2,3,79966.0,162.0,5.793,144.82500000000002,0,1701.5,3121.0
2021,1065,14,monza,Italy,1,832,sainz,6,SAI,ferrari,6,6,53,85559.0,4924900.0,1.0,24283.0,24283.0,97.5,7,201.5,4,7,80462.0,162.0,5.793,307.029,0,653.5,1639.5
2021,1065,14,monza,Italy,1,839,ocon,214,OCO,alpine,12,10,53,85566.0,4935233.0,1.0,30333.0,30333.0,45.0,11,95.0,5,14,,162.0,5.793,307.029,0,244.0,764.0
2021,1065,14,monza,Italy,1,840,stroll,117,STR,aston_martin,9,7,53,85853.0,4930169.0,1.0,24846.0,24846.0,24.0,13,59.0,7,12,,162.0,5.793,307.029,0,152.0,522.0
2021,1065,14,monza,Italy,1,841,giovinazzi,51,GIO,alfa,7,13,53,85718.0,4941581.0,2.0,67741.0,33870.5,1.0,18,3.0,9,10,80808.0,162.0,5.793,307.029,0,10.0,28.0
2021,1065,14,monza,Italy,22,842,gasly,213,GAS,alphatauri,0,0,3,89005.0,,0.0,0.0,0.0,66.0,9,84.0,6,6,80260.0,162.0,5.793,17.379,0,435.0,678.0
2021,1065,14,monza,Italy,1,844,leclerc,6,LEC,ferrari,5,4,53,85319.0,4921674.0,1.0,24557.0,24557.0,104.0,6,201.5,4,8,80510.0,162.0,5.793,307.029,0,702.0,1719.0
2021,1065,14,monza,Italy,1,846,norris,1,NOR,mclaren,3,2,53,84971.0,4916112.0,1.0,24168.0,24168.0,132.0,4,215.0,3,4,79989.0,162.0,5.793,307.029,0,970.0,1760.0
2021,1065,14,monza,Italy,1,847,russell,3,RUS,williams,14,9,53,85835.0,4934107.0,1.0,24156.0,24156.0,15.0,15,22.0,8,15,,162.0,5.793,307.029,0,45.0,122.0
2021,1065,14,monza,Italy,1,849,latifi,3,LAT,williams,13,11,53,85953.0,4938108.0,1.0,24168.0,24168.0,7.0,16,22.0,8,16,,162.0,5.793,307.029,0,27.0,144.0
2021,1065,14,monza,Italy,23,852,tsunoda,213,TSU,alphatauri,0,0,0,,,0.0,0.0,0.0,18.0,14,84.0,6,17,,162.0,5.793,0.0,0,118.0,714.0
2021,1065,14,monza,Italy,131,853,mazepin,210,MAZ,haas,16,0,41,87202.0,,3.0,80651.0,26883.666666666668,0.0,21,0.0,10,20,,162.0,5.793,237.513,0,0.0,0.0
2021,1065,14,monza,Italy,1,854,mick_schumacher,210,MSC,haas,18,15,53,86707.0,4965453.0,1.0,24714.0,24714.0,0.0,19,0.0,10,18,,162.0,5.793,307.029,0,0.0,0.0
2021,1066,71,sochi,Russia,1,1,hamilton,131,HAM,mercedes,4,1,53,97575.0,5441001.0,2.0,59923.0,29961.5,246.5,1,397.5,1,4,104050.0,2.0,5.848,309.944,0,1772.0,3323.5
2021,1066,71,sochi,Russia,1,4,alonso,214,ALO,alpine,6,6,53,98686.0,5522322.0,2.0,60859.0,30429.5,58.0,10,103.0,5,6,104204.0,2.0,5.848,309.944,0,325.0,827.0
2021,1066,71,sochi,Russia,1,8,raikkonen,51,RAI,alfa,13,8,53,100289.0,5529956.0,2.0,60233.0,30116.5,6.0,17,7.0,9,16,,2.0,5.848,309.944,0,15.0,33.0
2021,1066,71,sochi,Russia,11,20,vettel,117,VET,aston_martin,10,12,52,99251.0,,2.0,61370.0,30685.0,35.0,12,59.0,7,11,,2.0,5.848,304.096,0,318.0,533.0
2021,1066,71,sochi,Russia,1,815,perez,9,PER,red_bull,8,9,53,99215.0,5531077.0,2.0,68339.0,34169.5,120.0,5,364.5,2,9,105337.0,2.0,5.848,309.944,0,1011.0,3196.5
2021,1066,71,sochi,Russia,1,817,ricciardo,1,RIC,mclaren,5,4,53,99124.0,5506608.0,2.0,64633.0,32316.5,95.0,8,234.0,3,5,104156.0,2.0,5.848,309.944,0,524.0,1831.0
2021,1066,71,sochi,Russia,1,822,bottas,131,BOT,mercedes,16,5,53,98216.0,5508534.0,2.0,59505.0,29752.5,151.0,3,397.5,1,7,104710.0,2.0,5.848,309.944,0,1011.0,3436.0
2021,1066,71,sochi,Russia,1,830,max_verstappen,9,VER,red_bull,20,2,53,98396.0,5494272.0,2.0,60595.0,30297.5,244.5,2,364.5,2,20,,2.0,5.848,309.944,0,1841.0,3272.0
2021,1066,71,sochi,Russia,1,832,sainz,6,SAI,ferrari,2,3,53,99294.0,5503476.0,2.0,61392.0,30696.0,112.5,6,216.5,4,2,102510.0,2.0,5.848,309.944,0,728.0,1787.5
2021,1066,71,sochi,Russia,11,839,ocon,214,OCO,alpine,9,14,52,100598.0,,2.0,63165.0,31582.5,45.0,11,103.0,5,10,105865.0,2.0,5.848,304.096,0,277.0,890.0
2021,1066,71,sochi,Russia,1,840,stroll,117,STR,aston_martin,7,11,53,100464.0,5547199.0,2.0,73365.0,36682.5,24.0,13,59.0,7,8,104956.0,2.0,5.848,309.944,0,167.0,544.0
2021,1066,71,sochi,Russia,11,841,giovinazzi,51,GIO,alfa,17,16,52,99058.0,,2.0,64042.0,32021.0,1.0,18,7.0,9,18,,2.0,5.848,304.096,0,10.0,38.0
2021,1066,71,sochi,Russia,11,842,gasly,213,GAS,alphatauri,11,13,52,98279.0,,2.0,61269.0,30634.5,66.0,9,84.0,6,12,,2.0,5.848,304.096,0,485.0,749.0
2021,1066,71,sochi,Russia,11,844,leclerc,6,LEC,ferrari,19,15,52,98994.0,,2.0,64497.0,32248.5,104.0,7,216.5,4,15,,2.0,5.848,304.096,0,766.0,1856.0
2021,1066,71,sochi,Russia,1,846,norris,1,NOR,mclaren,1,7,53,97423.0,5528225.0,2.0,62494.0,31247.0,139.0,4,234.0,3,1,101993.0,2.0,5.848,309.944,0,1053.0,1902.0
2021,1066,71,sochi,Russia,1,847,russell,3,RUS,williams,3,10,53,100596.0,5541552.0,2.0,62746.0,31373.0,16.0,15,23.0,8,3,102983.0,2.0,5.848,309.944,0,61.0,167.0
2021,1066,71,sochi,Russia,3,849,latifi,3,LAT,williams,18,19,47,100000.0,,1.0,30056.0,30056.0,7.0,16,23.0,8,14,,2.0,5.848,274.856,0,34.0,190.0
2021,1066,71,sochi,Russia,11,852,tsunoda,213,TSU,alphatauri,12,17,52,99960.0,,3.0,92064.0,30688.0,18.0,14,84.0,6,13,,2.0,5.848,304.096,0,134.0,784.0
2021,1066,71,sochi,Russia,12,853,mazepin,210,MAZ,haas,15,18,51,101713.0,,2.0,64058.0,32029.0,0.0,21,0.0,10,19,,2.0,5.848,298.248,0,0.0,0.0
2021,1066,71,sochi,Russia,44,854,mick_schumacher,210,MSC,haas,14,0,32,100276.0,,1.0,29996.0,29996.0,0.0,19,0.0,10,17,,2.0,5.848,187.136,0,0.0,0.0
2021,1067,5,istanbul,Turkey,1,1,hamilton,131,HAM,mercedes,11,5,58,92763.0,5505915.0,1.0,22684.0,22684.0,256.5,2,433.5,1,1,82868.0,130.0,5.338,309.604,0,1927.5,3566.5
2021,1067,5,istanbul,Turkey,11,4,alonso,214,ALO,alpine,5,16,57,93252.0,,1.0,29116.0,29116.0,58.0,10,104.0,5,6,83477.0,130.0,5.338,304.266,0,370.0,917.0
2021,1067,5,istanbul,Turkey,11,8,raikkonen,51,RAI,alfa,17,12,57,92586.0,,1.0,23164.0,23164.0,6.0,17,7.0,9,19,,130.0,5.338,304.266,0,21.0,42.0
2021,1067,5,istanbul,Turkey,11,20,vettel,117,VET,aston_martin,10,18,57,92730.0,,2.0,47014.0,23507.0,35.0,12,61.0,7,11,,130.0,5.338,304.266,0,325.0,557.0
2021,1067,5,istanbul,Turkey,1,815,perez,9,PER,red_bull,6,3,58,92459.0,5497574.0,1.0,22463.0,22463.0,135.0,5,397.5,2,7,83706.0,130.0,5.338,309.604,0,1077.0,3378.5
2021,1067,5,istanbul,Turkey,11,817,ricciardo,1,RIC,mclaren,20,13,57,93255.0,,1.0,23028.0,23028.0,95.0,8,240.0,3,16,,130.0,5.338,304.266,0,593.0,1979.0
2021,1067,5,istanbul,Turkey,1,822,bottas,131,BOT,mercedes,1,1,58,90432.0,5464103.0,1.0,22962.0,22962.0,177.0,3,433.5,1,2,82998.0,130.0,5.338,309.604,0,1141.0,3697.0
2021,1067,5,istanbul,Turkey,1,830,max_verstappen,9,VER,red_bull,2,2,58,92759.0,5478687.0,1.0,22442.0,22442.0,262.5,1,397.5,2,3,83196.0,130.0,5.338,309.604,0,1998.5,3485.0
2021,1067,5,istanbul,Turkey,1,832,sainz,6,SAI,ferrari,19,8,58,91921.0,5515629.0,1.0,28353.0,28353.0,116.5,6,232.5,4,15,,130.0,5.338,309.604,0,802.5,1925.5
2021,1067,5,istanbul,Turkey,11,839,ocon,214,OCO,alpine,12,10,57,94584.0,,0.0,0.0,0.0,46.0,11,104.0,5,12,,130.0,5.338,304.266,0,311.0,944.0
2021,1067,5,istanbul,Turkey,1,840,stroll,117,STR,aston_martin,8,9,58,92608.0,5546121.0,1.0,35509.0,35509.0,26.0,13,61.0,7,9,84305.0,130.0,5.338,309.604,0,184.0,570.0
2021,1067,5,istanbul,Turkey,11,841,giovinazzi,51,GIO,alfa,16,11,57,92904.0,,1.0,23150.0,23150.0,1.0,18,7.0,9,18,,130.0,5.338,304.266,0,10.0,46.0
2021,1067,5,istanbul,Turkey,1,842,gasly,213,GAS,alphatauri,4,6,58,92814.0,5508395.0,1.0,29310.0,29310.0,74.0,9,92.0,6,5,83326.0,130.0,5.338,309.604,0,528.0,808.0
2021,1067,5,istanbul,Turkey,1,844,leclerc,6,LEC,ferrari,3,4,58,92737.0,5501917.0,1.0,23646.0,23646.0,116.0,7,232.5,4,4,83265.0,130.0,5.338,309.604,0,830.0,1995.0
2021,1067,5,istanbul,Turkey,1,846,norris,1,NOR,mclaren,7,7,58,92446.0,5511316.0,1.0,23239.0,23239.0,145.0,4,240.0,3,8,83954.0,130.0,5.338,309.604,0,1132.0,2056.0
2021,1067,5,istanbul,Turkey,11,847,russell,3,RUS,williams,13,15,57,93399.0,,1.0,23551.0,23551.0,16.0,15,23.0,8,13,,130.0,5.338,304.266,0,77.0,203.0
2021,1067,5,istanbul,Turkey,11,849,latifi,3,LAT,williams,15,17,57,93672.0,,1.0,24104.0,24104.0,7.0,16,23.0,8,17,,130.0,5.338,304.266,0,41.0,216.0
2021,1067,5,istanbul,Turkey,11,852,tsunoda,213,TSU,alphatauri,9,14,57,92844.0,,1.0,23329.0,23329.0,18.0,14,92.0,6,10,84368.0,130.0,5.338,304.266,0,144.0,832.0
2021,1067,5,istanbul,Turkey,12,853,mazepin,210,MAZ,haas,18,20,56,95438.0,,1.0,23829.0,23829.0,0.0,21,0.0,10,20,,130.0,5.338,298.928,0,0.0,0.0
2021,1067,5,istanbul,Turkey,12,854,mick_schumacher,210,MSC,haas,14,19,56,94209.0,,1.0,23892.0,23892.0,0.0,19,0.0,10,14,,130.0,5.338,298.928,0,0.0,0.0
2021,1069,69,americas,USA,1,1,hamilton,131,HAM,mercedes,2,2,56,98485.0,5677885.0,2.0,48157.0,24078.5,275.5,2,460.5,1,2,93119.0,161.0,5.513,308.728,0,2065.0,3847.0
2021,1069,69,americas,USA,65,4,alonso,214,ALO,alpine,19,0,49,100067.0,,3.0,70734.0,23578.0,58.0,10,104.0,5,14,,161.0,5.513,270.137,0,409.0,968.0
2021,1069,69,americas,USA,11,8,raikkonen,51,RAI,alfa,15,13,55,101340.0,,2.0,48281.0,24140.5,6.0,17,7.0,9,18,,161.0,5.513,303.215,0,27.0,50.0
2021,1069,69,americas,USA,11,20,vettel,117,VET,aston_martin,18,10,55,100481.0,,2.0,48826.0,24413.0,36.0,12,62.0,7,12,,161.0,5.513,303.215,0,331.0,579.0
2021,1069,69,americas,USA,1,815,perez,9,PER,red_bull,3,3,56,99566.0,5718775.0,2.0,48622.0,24311.0,150.0,4,437.5,2,3,93134.0,161.0,5.513,308.728,0,1131.0,3619.0
2021,1069,69,americas,USA,1,817,ricciardo,1,RIC,mclaren,6,5,56,100345.0,5753406.0,2.0,48212.0,24106.0,105.0,8,254.0,3,7,93808.0,161.0,5.513,308.728,0,664.0,2141.0
2021,1069,69,americas,USA,1,822,bottas,131,BOT,mercedes,9,6,56,100147.0,5756680.0,2.0,48063.0,24031.5,185.0,3,460.5,1,4,93475.0,161.0,5.513,308.728,0,1252.0,3997.0
2021,1069,69,americas,USA,1,830,max_verstappen,9,VER,red_bull,1,1,56,99096.0,5676552.0,2.0,47779.0,23889.5,287.5,1,437.5,2,1,92910.0,161.0,5.513,308.728,0,2130.0,3753.0
2021,1069,69,americas,USA,1,832,sainz,6,SAI,ferrari,5,7,56,100377.0,5760097.0,2.0,50280.0,25140.0,122.5,7,250.5,4,6,93792.0,161.0,5.513,308.728,0,875.0,2080.0
2021,1069,69,americas,USA,26,839,ocon,214,OCO,alpine,11,0,40,102194.0,,2.0,64719.0,32359.5,46.0,11,104.0,5,11,,161.0,5.513,220.51999999999998,0,345.0,992.0
2021,1069,69,americas,USA,11,840,stroll,117,STR,aston_martin,13,12,55,101189.0,,2.0,47282.0,23641.0,26.0,13,62.0,7,16,,161.0,5.513,303.215,0,196.0,588.0
2021,1069,69,americas,USA,11,841,giovinazzi,51,GIO,alfa,12,11,55,101145.0,,2.0,47495.0,23747.5,1.0,18,7.0,9,13,,161.0,5.513,303.215,0,10.0,54.0
2021,1069,69,americas,USA,22,842,gasly,213,GAS,alphatauri,8,0,14,102015.0,,1.0,23745.0,23745.0,74.0,9,94.0,6,9,94118.0,161.0,5.513,77.182,0,565.0,854.0
2021,1069,69,americas,USA,1,844,leclerc,6,LEC,ferrari,4,4,56,99303.0,5728798.0,2.0,47816.0,23908.0,128.0,6,250.5,4,5,93606.0,161.0,5.513,308.728,0,900.0,2165.0
2021,1069,69,americas,USA,1,846,norris,1,NOR,mclaren,7,8,56,100228.0,5760947.0,2.0,49933.0,24966.5,149.0,5,254.0,3,8,93887.0,161.0,5.513,308.728,0,1195.0,2226.0
2021,1069,69,americas,USA,11,847,russell,3,RUS,williams,20,14,55,101120.0,,2.0,48552.0,24276.0,16.0,15,23.0,8,15,,161.0,5.513,303.215,0,93.0,219.0
2021,1069,69,americas,USA,11,849,latifi,3,LAT,williams,14,15,55,101818.0,,2.0,56263.0,28131.5,7.0,16,23.0,8,17,,161.0,5.513,303.215,0,48.0,222.0
2021,1069,69,americas,USA,11,852,tsunoda,213,TSU,alphatauri,10,9,55,101151.0,,2.0,47331.0,23665.5,20.0,14,94.0,6,10,94918.0,161.0,5.513,303.215,0,155.0,876.0
2021,1069,69,americas,USA,12,853,mazepin,210,MAZ,haas,17,17,54,102886.0,,3.0,79453.0,26484.333333333332,0.0,21,0.0,10,20,,161.0,5.513,297.702,0,0.0,0.0
2021,1069,69,americas,USA,12,854,mick_schumacher,210,MSC,haas,16,16,54,101395.0,,2.0,48540.0,24270.0,0.0,19,0.0,10,19,,161.0,5.513,297.702,0,0.0,0.0
2021,1070,32,rodriguez,Mexico,1,1,hamilton,131,HAM,mercedes,2,2,71,79820.0,5935641.0,1.0,22373.0,22373.0,293.5,2,478.5,1,2,76020.0,2227.0,4.304,305.584,0,2239.5,4131.0
2021,1070,32,rodriguez,Mexico,11,4,alonso,214,ALO,alpine,12,9,70,80711.0,,1.0,23985.0,23985.0,60.0,10,106.0,5,16,,2227.0,4.304,301.28000000000003,0,452.0,1008.0
2021,1070,32,rodriguez,Mexico,11,8,raikkonen,51,RAI,alfa,10,8,70,80713.0,,1.0,22424.0,22424.0,10.0,16,11.0,9,12,,2227.0,4.304,301.28000000000003,0,36.0,62.0
2021,1070,32,rodriguez,Mexico,11,20,vettel,117,VET,aston_martin,9,7,70,80460.0,,1.0,22277.0,22277.0,42.0,12,68.0,7,11,,2227.0,4.304,301.28000000000003,0,343.0,603.0
2021,1070,32,rodriguez,Mexico,1,815,perez,9,PER,red_bull,4,3,71,79468.0,5936838.0,1.0,22114.0,22114.0,165.0,4,477.5,2,4,76342.0,2227.0,4.304,305.584,0,1212.0,3898.0
2021,1070,32,rodriguez,Mexico,11,817,ricciardo,1,RIC,mclaren,7,12,70,81069.0,,2.0,60941.0,30470.5,105.0,8,255.0,4,7,76763.0,2227.0,4.304,301.28000000000003,0,735.0,2311.0
2021,1070,32,rodriguez,Mexico,12,822,bottas,131,BOT,mercedes,1,15,69,77774.0,,4.0,103250.0,25812.5,185.0,3,478.5,1,1,75875.0,2227.0,4.304,296.976,0,1378.0,4265.0
2021,1070,32,rodriguez,Mexico,1,830,max_verstappen,9,VER,red_bull,3,1,71,78999.0,5919086.0,1.0,21908.0,21908.0,312.5,1,477.5,2,3,76225.0,2227.0,4.304,305.584,0,2311.5,4043.0
2021,1070,32,rodriguez,Mexico,11,832,sainz,6,SAI,ferrari,6,6,70,80081.0,,1.0,22031.0,22031.0,130.5,7,268.5,3,6,76761.0,2227.0,4.304,301.28000000000003,0,963.5,2252.0
2021,1070,32,rodriguez,Mexico,11,839,ocon,214,OCO,alpine,19,13,70,81348.0,,1.0,23100.0,23100.0,46.0,11,106.0,5,15,,2227.0,4.304,301.28000000000003,0,379.0,1024.0
2021,1070,32,rodriguez,Mexico,12,840,stroll,117,STR,aston_martin,20,14,69,80930.0,,2.0,49642.0,24821.0,26.0,13,68.0,7,20,,2227.0,4.304,296.976,0,212.0,618.0
2021,1070,32,rodriguez,Mexico,11,841,giovinazzi,51,GIO,alfa,11,11,70,81523.0,,1.0,22205.0,22205.0,1.0,18,11.0,9,14,,2227.0,4.304,301.28000000000003,0,10.0,70.0
2021,1070,32,rodriguez,Mexico,1,842,gasly,213,GAS,alphatauri,5,4,71,80510.0,5982931.0,1.0,22549.0,22549.0,86.0,9,106.0,6,5,76456.0,2227.0,4.304,305.584,0,614.0,898.0
2021,1070,32,rodriguez,Mexico,1,844,leclerc,6,LEC,ferrari,8,5,71,80665.0,6000123.0,1.0,22085.0,22085.0,138.0,6,268.5,3,8,76837.0,2227.0,4.304,305.584,0,986.0,2339.0
2021,1070,32,rodriguez,Mexico,11,846,norris,1,NOR,mclaren,18,10,70,80617.0,,1.0,22534.0,22534.0,150.0,5,255.0,4,10,96830.0,2227.0,4.304,301.28000000000003,0,1269.0,2396.0
2021,1070,32,rodriguez,Mexico,12,847,russell,3,RUS,williams,16,16,69,82016.0,,1.0,21984.0,21984.0,16.0,15,23.0,8,13,,2227.0,4.304,296.976,0,109.0,225.0
2021,1070,32,rodriguez,Mexico,12,849,latifi,3,LAT,williams,13,17,69,81546.0,,2.0,46420.0,23210.0,7.0,17,23.0,8,17,,2227.0,4.304,296.976,0,55.0,228.0
2021,1070,32,rodriguez,Mexico,4,852,tsunoda,213,TSU,alphatauri,17,0,0,,,0.0,0.0,0.0,20.0,14,106.0,6,9,77158.0,2227.0,4.304,0.0,0,167.0,920.0
2021,1070,32,rodriguez,Mexico,13,853,mazepin,210,MAZ,haas,15,18,68,81402.0,,2.0,48731.0,24365.5,0.0,21,0.0,10,19,,2227.0,4.304,292.672,0,0.0,0.0
2021,1070,32,rodriguez,Mexico,4,854,mick_schumacher,210,MSC,haas,14,0,0,,,0.0,0.0,0.0,0.0,19,0.0,10,18,,2227.0,4.304,0.0,0,0.0,0.0
2021,1071,18,interlagos,Brazil,1,1,hamilton,131,HAM,mercedes,10,1,71,71982.0,5542851.0,4.0,81924.0,20481.0,318.5,2,521.5,1,1,67934.0,785.0,4.309,305.939,0,2408.0,4424.0
2021,1071,18,interlagos,Brazil,11,4,alonso,214,ALO,alpine,12,9,70,73922.0,,3.0,59831.0,19943.666666666668,62.0,10,112.0,5,10,69113.0,785.0,4.309,301.63,0,494.0,1041.0
2021,1071,18,interlagos,Brazil,11,8,raikkonen,51,RAI,alfa,0,12,70,72621.0,,4.0,83297.0,20824.25,10.0,16,11.0,9,14,,785.0,4.309,301.63,0,45.0,78.0
2021,1071,18,interlagos,Brazil,11,20,vettel,117,VET,aston_martin,9,11,70,73634.0,,4.0,83445.0,20861.25,42.0,12,68.0,7,12,,785.0,4.309,301.63,0,355.0,627.0
2021,1071,18,interlagos,Brazil,1,815,perez,9,PER,red_bull,4,4,71,71010.0,5582791.0,5.0,105181.0,21036.2,178.0,4,510.5,2,4,68483.0,785.0,4.309,305.939,0,1286.0,4209.0
2021,1071,18,interlagos,Brazil,75,817,ricciardo,1,RIC,mclaren,11,0,49,74443.0,,3.0,60918.0,20306.0,105.0,8,256.0,4,9,69039.0,785.0,4.309,211.14100000000002,0,800.0,2437.0
2021,1071,18,interlagos,Brazil,1,822,bottas,131,BOT,mercedes,1,3,71,72526.0,5556427.0,4.0,81855.0,20463.75,203.0,3,521.5,1,3,68469.0,785.0,4.309,305.939,0,1489.0,4583.0
2021,1071,18,interlagos,Brazil,1,830,max_verstappen,9,VER,red_bull,2,2,71,72486.0,5553347.0,4.0,81211.0,20302.75,332.5,1,510.5,2,2,68372.0,785.0,4.309,305.939,0,2462.0,4375.0
2021,1071,18,interlagos,Brazil,1,832,sainz,6,SAI,ferrari,3,6,71,72710.0,5594671.0,4.0,82899.0,20724.75,139.5,7,287.5,3,6,68826.0,785.0,4.309,305.939,0,1043.0,2425.0
2021,1071,18,interlagos,Brazil,11,839,ocon,214,OCO,alpine,8,8,70,74430.0,,3.0,60607.0,20202.333333333332,50.0,11,112.0,5,11,,785.0,4.309,301.63,0,417.0,1058.0
2021,1071,18,interlagos,Brazil,130,840,stroll,117,STR,aston_martin,14,0,47,75344.0,,3.0,60880.0,20293.333333333332,26.0,13,68.0,7,16,,785.0,4.309,202.523,0,224.0,636.0
2021,1071,18,interlagos,Brazil,11,841,giovinazzi,51,GIO,alfa,13,14,70,74227.0,,4.0,82090.0,20522.5,1.0,18,11.0,9,15,,785.0,4.309,301.63,0,10.0,86.0
2021,1071,18,interlagos,Brazil,11,842,gasly,213,GAS,alphatauri,7,7,70,73227.0,,4.0,84202.0,21050.5,92.0,9,112.0,6,5,68777.0,785.0,4.309,301.63,0,667.0,948.0
2021,1071,18,interlagos,Brazil,1,844,leclerc,6,LEC,ferrari,6,5,71,72822.0,5592368.0,4.0,81445.0,20361.25,148.0,6,287.5,3,7,68960.0,785.0,4.309,305.939,0,1072.0,2511.0
2021,1071,18,interlagos,Brazil,11,846,norris,1,NOR,mclaren,5,10,70,73761.0,,5.0,106092.0,21218.4,151.0,5,256.0,4,8,68980.0,785.0,4.309,301.63,0,1319.0,2478.0
2021,1071,18,interlagos,Brazil,11,847,russell,3,RUS,williams,17,13,70,74355.0,,4.0,85133.0,21283.25,16.0,15,23.0,8,18,,785.0,4.309,301.63,0,125.0,229.0
2021,1071,18,interlagos,Brazil,11,849,latifi,3,LAT,williams,16,16,70,74616.0,,4.0,82831.0,20707.75,7.0,17,23.0,8,17,,785.0,4.309,301.63,0,62.0,230.0
2021,1071,18,interlagos,Brazil,11,852,tsunoda,213,TSU,alphatauri,15,15,70,74204.0,,5.0,121323.0,24264.6,20.0,14,112.0,6,13,,785.0,4.309,301.63,0,178.0,976.0
2021,1071,18,interlagos,Brazil,12,853,mazepin,210,MAZ,haas,19,17,69,74954.0,,3.0,60008.0,20002.666666666668,0.0,21,0.0,10,20,,785.0,4.309,297.321,0,0.0,0.0
2021,1071,18,interlagos,Brazil,12,854,mick_schumacher,210,MSC,haas,18,18,69,73793.0,,5.0,127846.0,25569.2,0.0,19,0.0,10,19,,785.0,4.309,297.321,0,0.0,0.0
2021,1072,77,jeddah,Saudi Arabia,1,1,hamilton,131,HAM,mercedes,1,1,50,90734.0,7575118.0,3.0,2103110.0,701036.6666666666,369.5,2,587.5,1,1,87511.0,15.0,6.174,308.70000000000005,1,2600.5,4773.0
2021,1072,77,jeddah,Saudi Arabia,11,4,alonso,214,ALO,alpine,13,13,49,91633.0,,4.0,2163178.0,540794.5,77.0,10,149.0,5,13,,15.0,6.174,302.526,1,545.0,1104.0
2021,1072,77,jeddah,Saudi Arabia,11,8,raikkonen,51,RAI,alfa,12,15,49,92778.0,,3.0,2142340.0,714113.3333333334,10.0,16,13.0,9,12,,15.0,6.174,302.526,1,54.0,92.0
2021,1072,77,jeddah,Saudi Arabia,130,20,vettel,117,VET,aston_martin,17,0,44,94030.0,,2.0,2111053.0,1055526.5,43.0,12,77.0,7,17,,15.0,6.174,271.656,1,368.0,654.0
2021,1072,77,jeddah,Saudi Arabia,4,815,perez,9,PER,red_bull,5,0,14,94138.0,,2.0,1023329.0,511664.5,190.0,4,559.5,2,5,88123.0,15.0,6.174,86.436,1,1372.0,4570.0
2021,1072,77,jeddah,Saudi Arabia,1,817,ricciardo,1,RIC,mclaren,11,5,50,92716.0,7615239.0,2.0,2084325.0,1042162.5,115.0,8,269.0,4,11,,15.0,6.174,308.70000000000005,1,865.0,2513.0
2021,1072,77,jeddah,Saudi Arabia,1,822,bottas,131,BOT,mercedes,2,3,50,91408.0,7602649.0,3.0,2107083.0,702361.0,218.0,3,587.5,1,2,87622.0,15.0,6.174,308.70000000000005,1,1599.0,4963.0
2021,1072,77,jeddah,Saudi Arabia,1,830,max_verstappen,9,VER,red_bull,3,2,50,91488.0,7586943.0,2.0,2083966.0,1041983.0,369.5,1,559.5,2,3,87653.0,15.0,6.174,308.70000000000005,1,2646.5,4765.0
2021,1072,77,jeddah,Saudi Arabia,1,832,sainz,6,SAI,ferrari,15,8,50,91851.0,7621724.0,2.0,2101812.0,1050906.0,149.5,7,307.5,3,15,,15.0,6.174,308.70000000000005,1,1124.5,2602.0
2021,1072,77,jeddah,Saudi Arabia,1,839,ocon,214,OCO,alpine,9,4,50,91797.0,7602751.0,2.0,2085416.0,1042708.0,72.0,11,149.0,5,9,88647.0,15.0,6.174,308.70000000000005,1,475.0,1150.0
2021,1072,77,jeddah,Saudi Arabia,1,840,stroll,117,STR,aston_martin,18,11,50,92804.0,7652330.0,3.0,2151083.0,717027.6666666666,34.0,13,77.0,7,18,,15.0,6.174,308.70000000000005,1,240.0,672.0
2021,1072,77,jeddah,Saudi Arabia,1,841,giovinazzi,51,GIO,alfa,10,9,50,92865.0,7633623.0,2.0,2099666.0,1049833.0,3.0,18,13.0,9,10,88754.0,15.0,6.174,308.70000000000005,1,12.0,98.0
2021,1072,77,jeddah,Saudi Arabia,1,842,gasly,213,GAS,alphatauri,6,6,50,92297.0,7616731.0,2.0,2094062.0,1047031.0,100.0,9,120.0,6,6,88125.0,15.0,6.174,308.70000000000005,1,728.0,1012.0
2021,1072,77,jeddah,Saudi Arabia,1,844,leclerc,6,LEC,ferrari,4,7,50,91601.0,7619593.0,3.0,2115208.0,705069.3333333334,158.0,5,307.5,3,4,88054.0,15.0,6.174,308.70000000000005,1,1150.0,2693.0
2021,1072,77,jeddah,Saudi Arabia,1,846,norris,1,NOR,mclaren,7,10,50,91914.0,7636476.0,3.0,2154852.0,718284.0,154.0,6,269.0,4,7,88180.0,15.0,6.174,308.70000000000005,1,1360.0,2548.0
2021,1072,77,jeddah,Saudi Arabia,4,847,russell,3,RUS,williams,14,0,14,96130.0,,2.0,1042134.0,521067.0,16.0,15,23.0,8,14,,15.0,6.174,86.436,1,141.0,230.0
2021,1072,77,jeddah,Saudi Arabia,1,849,latifi,3,LAT,williams,16,12,50,92751.0,7658367.0,3.0,2148529.0,716176.3333333334,7.0,17,23.0,8,16,,15.0,6.174,308.70000000000005,1,69.0,230.0
2021,1072,77,jeddah,Saudi Arabia,11,852,tsunoda,213,TSU,alphatauri,8,14,49,92506.0,,3.0,2134925.0,711641.6666666666,20.0,14,120.0,6,8,88442.0,15.0,6.174,302.526,1,188.0,1048.0
2021,1072,77,jeddah,Saudi Arabia,4,853,mazepin,210,MAZ,haas,20,0,14,97043.0,,1.0,1019226.0,1019226.0,0.0,21,0.0,10,20,,15.0,6.174,86.436,1,0.0,0.0
2021,1072,77,jeddah,Saudi Arabia,3,854,mick_schumacher,210,MSC,haas,19,0,8,96043.0,,0.0,0.0,0.0,0.0,19,0.0,10,19,,15.0,6.174,49.392,1,0.0,0.0
2021,1073,24,yas_marina,UAE,1,1,hamilton,131,HAM,mercedes,2,2,58,86615.0,5419601.0,1.0,21595.0,21595.0,387.5,2,613.5,1,2,82480.0,3.0,5.554,322.132,0,2793.0,5143.0
2021,1073,24,yas_marina,UAE,1,4,alonso,214,ALO,alpine,11,8,58,87607.0,5479053.0,1.0,21304.0,21304.0,81.0,10,155.0,5,11,,3.0,5.554,322.132,0,588.0,1201.0
2021,1073,24,yas_marina,UAE,23,8,raikkonen,51,RAI,alfa,18,0,25,89698.0,,1.0,22338.0,22338.0,10.0,16,13.0,9,18,,3.0,5.554,138.85,0,63.0,104.0
2021,1073,24,yas_marina,UAE,1,20,vettel,117,VET,aston_martin,15,11,58,88303.0,5484872.0,1.0,21221.0,21221.0,43.0,12,77.0,7,15,,3.0,5.554,322.132,0,381.0,688.0
2021,1073,24,yas_marina,UAE,5,815,perez,9,PER,red_bull,4,15,55,86419.0,,3.0,64269.0,21423.0,190.0,4,585.5,2,4,82947.0,3.0,5.554,305.47,0,1458.0,4953.0
2021,1073,24,yas_marina,UAE,11,817,ricciardo,1,RIC,mclaren,10,12,57,88723.0,,2.0,43505.0,21752.5,115.0,8,275.0,4,10,83409.0,3.0,5.554,316.57800000000003,0,930.0,2583.0
2021,1073,24,yas_marina,UAE,1,822,bottas,131,BOT,mercedes,6,6,58,86862.0,5424808.0,1.0,21669.0,21669.0,226.0,3,613.5,1,6,83036.0,3.0,5.554,322.132,0,1717.0,5323.0
2021,1073,24,yas_marina,UAE,1,830,max_verstappen,9,VER,red_bull,1,1,58,86103.0,5417345.0,3.0,64476.0,21492.0,395.5,1,585.5,2,1,82109.0,3.0,5.554,322.132,0,2855.0,5141.0
2021,1073,24,yas_marina,UAE,1,832,sainz,6,SAI,ferrari,5,3,58,87618.0,5422518.0,1.0,22213.0,22213.0,164.5,5,323.5,3,5,82992.0,3.0,5.554,322.132,0,1206.0,2784.0
2021,1073,24,yas_marina,UAE,1,839,ocon,214,OCO,alpine,9,9,58,88249.0,5481371.0,1.0,21677.0,21677.0,74.0,11,155.0,5,9,83389.0,3.0,5.554,322.132,0,510.0,1252.0
2021,1073,24,yas_marina,UAE,11,840,stroll,117,STR,aston_martin,13,13,57,88567.0,,2.0,44949.0,22474.5,34.0,13,77.0,7,13,,3.0,5.554,316.57800000000003,0,256.0,704.0
2021,1073,24,yas_marina,UAE,6,841,giovinazzi,51,GIO,alfa,14,0,33,89442.0,,1.0,22283.0,22283.0,3.0,18,13.0,9,14,,3.0,5.554,183.282,0,14.0,110.0
2021,1073,24,yas_marina,UAE,1,842,gasly,213,GAS,alphatauri,12,5,58,87342.0,5423876.0,2.0,44053.0,22026.5,110.0,9,142.0,6,12,,3.0,5.554,322.132,0,788.0,1098.0
2021,1073,24,yas_marina,UAE,1,844,leclerc,6,LEC,ferrari,7,10,58,88433.0,5483402.0,2.0,43634.0,21817.0,159.0,7,323.5,3,7,83122.0,3.0,5.554,322.132,0,1229.0,2875.0
2021,1073,24,yas_marina,UAE,1,846,norris,1,NOR,mclaren,3,7,58,86762.0,5476545.0,2.0,43553.0,21776.5,160.0,6,275.0,4,3,82931.0,3.0,5.554,322.132,0,1407.0,2618.0
2021,1073,24,yas_marina,UAE,6,847,russell,3,RUS,williams,17,0,26,90647.0,,0.0,0.0,0.0,16.0,15,23.0,8,17,,3.0,5.554,144.404,0,153.0,230.0
2021,1073,24,yas_marina,UAE,3,849,latifi,3,LAT,williams,16,0,50,89293.0,,1.0,21241.0,21241.0,7.0,17,23.0,8,16,,3.0,5.554,277.7,0,70.0,230.0
2021,1073,24,yas_marina,UAE,1,852,tsunoda,213,TSU,alphatauri,8,4,58,87496.0,5423037.0,2.0,44364.0,22182.0,32.0,14,142.0,6,8,83220.0,3.0,5.554,322.132,0,202.0,1148.0
2021,1073,24,yas_marina,UAE,139,853,mazepin,210,MAZ,haas,20,0,0,,,0.0,0.0,0.0,0.0,21,0.0,10,20,,3.0,5.554,0.0,0,0.0,0.0
2021,1073,24,yas_marina,UAE,11,854,mick_schumacher,210,MSC,haas,19,14,57,89457.0,,2.0,44194.0,22097.0,0.0,19,0.0,10,19,,3.0,5.554,316.57800000000003,0,0.0,0.0
2022,1074,3,bahrain,Bahrain,1,1,hamilton,131,HAM,mercedes,5,3,57,96228.0,5863259.0,3.0,76576.0,25525.333333333332,15.0,3,27.0,2,5,91238.0,7.0,5.412,308.484,0,2605.5,4889.5
2022,1074,3,bahrain,Bahrain,1,4,alonso,214,ALO,alpine,8,9,57,96733.0,5875974.0,3.0,74782.0,24927.333333333332,2.0,9,8.0,5,8,92195.0,7.0,5.412,308.484,0,552.0,1156.0
2022,1074,3,bahrain,Bahrain,1,807,hulkenberg,117,HUL,aston_martin,17,17,57,98201.0,5917413.0,3.0,79825.0,26608.333333333332,0.0,17,0.0,7,17,,7.0,5.412,308.484,0,230.0,642.0
2022,1074,3,bahrain,Bahrain,32,815,perez,9,PER,red_bull,4,18,56,96089.0,,3.0,74166.0,24722.0,0.0,18,0.0,10,4,90921.0,7.0,5.412,303.072,0,1354.0,4703.5
2022,1074,3,bahrain,Bahrain,1,817,ricciardo,1,RIC,mclaren,18,14,57,97261.0,5908559.0,3.0,74939.0,24979.666666666668,0.0,14,0.0,9,18,,7.0,5.412,308.484,0,874.0,2364.0
2022,1074,3,bahrain,Bahrain,1,822,bottas,51,BOT,alfa,6,6,57,96599.0,5869703.0,3.0,76237.0,25412.333333333332,8.0,6,9.0,4,6,91560.0,7.0,5.412,308.484,0,1617.0,112.0
2022,1074,3,bahrain,Bahrain,1,825,kevin_magnussen,210,MAG,haas,7,5,57,96623.0,5868338.0,3.0,77405.0,25801.666666666668,10.0,5,10.0,3,7,91808.0,7.0,5.412,308.484,0,19.0,10.0
2022,1074,3,bahrain,Bahrain,32,830,max_verstappen,9,VER,red_bull,2,19,54,95440.0,,3.0,74236.0,24745.333333333332,0.0,19,0.0,10,2,90681.0,7.0,5.412,292.248,0,2655.5,4266.0
2022,1074,3,bahrain,Bahrain,1,832,sainz,6,SAI,ferrari,3,2,57,95740.0,5859182.0,3.0,73391.0,24463.666666666668,18.0,2,44.0,1,3,90687.0,7.0,5.412,308.484,0,1140.5,2668.5
2022,1074,3,bahrain,Bahrain,1,839,ocon,214,OCO,alpine,11,7,57,97110.0,5873007.0,3.0,80110.0,26703.333333333332,6.0,7,8.0,5,11,,7.0,5.412,308.484,0,474.0,1060.0
2022,1074,3,bahrain,Bahrain,1,840,stroll,117,STR,aston_martin,19,12,57,97146.0,5899457.0,3.0,77735.0,25911.666666666668,0.0,12,0.0,7,19,,7.0,5.412,308.484,0,238.0,580.0
2022,1074,3,bahrain,Bahrain,131,842,gasly,213,GAS,alphatauri,10,0,44,97324.0,,2.0,50450.0,25225.0,0.0,20,4.0,6,10,92338.0,7.0,5.412,238.128,0,734.0,1058.0
2022,1074,3,bahrain,Bahrain,1,844,leclerc,6,LEC,ferrari,1,1,57,94570.0,5853584.0,3.0,74152.0,24717.333333333332,26.0,1,44.0,1,1,90558.0,7.0,5.412,308.484,0,1173.0,2462.0
2022,1074,3,bahrain,Bahrain,1,846,norris,1,NOR,mclaren,13,15,57,96988.0,5909919.0,3.0,76910.0,25636.666666666668,0.0,15,0.0,9,13,,7.0,5.412,308.484,0,1294.0,2110.0
2022,1074,3,bahrain,Bahrain,1,847,russell,131,RUS,mercedes,9,4,57,96302.0,5864795.0,3.0,76796.0,25598.666666666668,12.0,4,27.0,2,9,92216.0,7.0,5.412,308.484,0,152.0,4456.0
2022,1074,3,bahrain,Bahrain,1,848,albon,3,ALB,williams,14,13,57,97355.0,5907516.0,3.0,75499.0,25166.333333333332,0.0,13,0.0,8,14,,7.0,5.412,308.484,0,672.0,207.0
2022,1074,3,bahrain,Bahrain,1,849,latifi,3,LAT,williams,20,16,57,98251.0,5915379.0,3.0,73893.0,24631.0,0.0,16,0.0,8,20,,7.0,5.412,308.484,0,63.0,184.0
2022,1074,3,bahrain,Bahrain,1,852,tsunoda,213,TSU,alphatauri,16,8,57,97104.0,5873970.0,3.0,74633.0,24877.666666666668,4.0,8,4.0,6,16,,7.0,5.412,308.484,0,188.0,968.0
2022,1074,3,bahrain,Bahrain,1,854,mick_schumacher,210,MSC,haas,12,11,57,96956.0,5886158.0,2.0,50800.0,25400.0,0.0,11,10.0,3,12,,7.0,5.412,308.484,0,0.0,20.0
2022,1074,3,bahrain,Bahrain,1,855,zhou,51,ZHO,alfa,15,10,57,96685.0,5876648.0,3.0,79366.0,26455.333333333332,1.0,10,9.0,4,15,,7.0,5.412,308.484,0,1.0,114.0
2022,1075,77,jeddah,Saudi Arabia,1,1,hamilton,131,HAM,mercedes,15,10,50,92997.0,5133241.0,1.0,21788.0,21788.0,16.0,5,38.0,2,16,,15.0,6.174,308.70000000000005,1,2400.0,4015.5
2022,1075,77,jeddah,Saudi Arabia,103,4,alonso,214,ALO,alpine,7,0,35,93831.0,,1.0,21543.0,21543.0,2.0,13,16.0,4,7,89147.0,15.0,6.174,216.09,1,508.0,970.0
2022,1075,77,jeddah,Saudi Arabia,1,807,hulkenberg,117,HUL,aston_martin,17,12,50,93651.0,5151035.0,1.0,21425.0,21425.0,0.0,17,0.0,9,18,,15.0,6.174,308.70000000000005,1,196.0,512.0
2022,1075,77,jeddah,Saudi Arabia,1,815,perez,9,PER,red_bull,1,4,50,92042.0,5070093.0,1.0,20481.0,20481.0,12.0,7,37.0,3,1,88200.0,15.0,6.174,308.70000000000005,1,1258.0,3825.5
2022,1075,77,jeddah,Saudi Arabia,6,817,ricciardo,1,RIC,mclaren,14,0,35,94487.0,,1.0,20650.0,20650.0,0.0,19,6.0,8,12,,15.0,6.174,216.09,1,818.0,1861.0
2022,1075,77,jeddah,Saudi Arabia,141,822,bottas,51,BOT,alfa,8,0,36,93979.0,,2.0,45271.0,22635.5,8.0,9,9.0,6,8,89183.0,15.0,6.174,222.264,1,1502.0,112.0
2022,1075,77,jeddah,Saudi Arabia,1,825,kevin_magnussen,210,MAG,haas,10,9,50,92779.0,5123601.0,1.0,22374.0,22374.0,12.0,8,12.0,5,10,89588.0,15.0,6.174,308.70000000000005,1,30.0,32.0
2022,1075,77,jeddah,Saudi Arabia,1,830,max_verstappen,9,VER,red_bull,4,1,50,91772.0,5059293.0,1.0,20731.0,20731.0,25.0,3,37.0,3,4,88461.0,15.0,6.174,308.70000000000005,1,2456.0,3385.0
2022,1075,77,jeddah,Saudi Arabia,1,832,sainz,6,SAI,ferrari,3,3,50,91905.0,5067390.0,1.0,21521.0,21521.0,33.0,2,78.0,1,3,88402.0,15.0,6.174,308.70000000000005,1,1084.0,2271.5
2022,1075,77,jeddah,Saudi Arabia,1,839,ocon,214,OCO,alpine,5,6,50,93103.0,5115310.0,1.0,21141.0,21141.0,14.0,6,16.0,4,5,89068.0,15.0,6.174,308.70000000000005,1,444.0,880.0
2022,1075,77,jeddah,Saudi Arabia,11,840,stroll,117,STR,aston_martin,13,13,49,94446.0,,1.0,22339.0,22339.0,0.0,16,0.0,9,15,,15.0,6.174,302.526,1,220.0,444.0
2022,1075,77,jeddah,Saudi Arabia,1,842,gasly,213,GAS,alphatauri,9,8,50,93468.0,5122239.0,1.0,22820.0,22820.0,4.0,12,8.0,7,9,89254.0,15.0,6.174,308.70000000000005,1,672.0,870.0
2022,1075,77,jeddah,Saudi Arabia,1,844,leclerc,6,LEC,ferrari,2,2,50,91634.0,5059842.0,1.0,21038.0,21038.0,45.0,1,78.0,1,2,88225.0,15.0,6.174,308.70000000000005,1,1126.0,2081.0
2022,1075,77,jeddah,Saudi Arabia,1,846,norris,1,NOR,mclaren,11,7,50,92753.0,5115417.0,1.0,20383.0,20383.0,6.0,10,6.0,8,11,,15.0,6.174,308.70000000000005,1,1186.0,1612.0
2022,1075,77,jeddah,Saudi Arabia,1,847,russell,131,RUS,mercedes,6,5,50,92821.0,5092025.0,1.0,21415.0,21415.0,22.0,4,38.0,2,6,89104.0,15.0,6.174,308.70000000000005,1,161.0,3575.0
2022,1075,77,jeddah,Saudi Arabia,130,848,albon,3,ALB,williams,16,14,47,94368.0,,1.0,20683.0,20683.0,0.0,18,0.0,10,17,,15.0,6.174,290.178,1,609.0,161.0
2022,1075,77,jeddah,Saudi Arabia,3,849,latifi,3,LAT,williams,18,0,14,97530.0,,0.0,0.0,0.0,0.0,20,0.0,10,19,,15.0,6.174,86.436,1,56.0,138.0
2022,1075,77,jeddah,Saudi Arabia,131,852,tsunoda,213,TSU,alphatauri,19,0,0,,,0.0,0.0,0.0,4.0,11,8.0,7,20,,15.0,6.174,0.0,1,174.0,772.0
2022,1075,77,jeddah,Saudi Arabia,54,854,mick_schumacher,210,MSC,haas,0,0,0,,,0.0,0.0,0.0,0.0,15,12.0,5,14,,15.0,6.174,0.0,1,0.0,44.0
2022,1075,77,jeddah,Saudi Arabia,1,855,zhou,51,ZHO,alfa,12,11,50,93924.0,5141508.0,2.0,48837.0,24418.5,1.0,14,9.0,6,13,,15.0,6.174,308.70000000000005,1,2.0,110.0
2022,1076,1,albert_park,Australia,1,1,hamilton,131,HAM,mercedes,5,4,58,81886.0,5295091.0,1.0,17877.0,17877.0,28.0,5,65.0,2,5,78825.0,10.0,5.303,307.574,0,2206.5,3118.5
2022,1076,1,albert_park,Australia,11,4,alonso,214,ALO,alpine,10,17,57,80846.0,,2.0,37190.0,18595.0,2.0,14,22.0,5,10,,10.0,5.303,302.271,0,460.0,790.0
2022,1076,1,albert_park,Australia,3,20,vettel,117,VET,aston_martin,17,0,22,85189.0,,0.0,0.0,0.0,0.0,21,0.0,10,18,,10.0,5.303,116.666,0,346.0,376.0
2022,1076,1,albert_park,Australia,1,815,perez,9,PER,red_bull,3,2,58,81094.0,5287072.0,1.0,17434.0,17434.0,30.0,4,55.0,3,3,78240.0,10.0,5.303,307.574,0,1170.0,2929.5
2022,1076,1,albert_park,Australia,1,817,ricciardo,1,RIC,mclaren,7,6,58,82451.0,5320285.0,1.0,18150.0,18150.0,8.0,11,24.0,4,7,79032.0,10.0,5.303,307.574,0,743.0,1380.0
2022,1076,1,albert_park,Australia,1,822,bottas,51,BOT,alfa,12,8,58,81651.0,5334987.0,1.0,18413.0,18413.0,12.0,10,13.0,6,12,,10.0,5.303,307.574,0,1373.0,112.0
2022,1076,1,albert_park,Australia,11,825,kevin_magnussen,210,MAG,haas,16,14,57,83071.0,,1.0,19111.0,19111.0,12.0,9,12.0,7,17,,10.0,5.303,302.271,0,41.0,56.0
2022,1076,1,albert_park,Australia,95,830,max_verstappen,9,VER,red_bull,2,0,38,81677.0,,1.0,18281.0,18281.0,25.0,6,55.0,3,2,78154.0,10.0,5.303,201.514,0,2254.5,2474.0
2022,1076,1,albert_park,Australia,20,832,sainz,6,SAI,ferrari,9,0,1,,,0.0,0.0,0.0,33.0,3,104.0,1,9,79408.0,10.0,5.303,5.303,0,1019.5,1897.5
2022,1076,1,albert_park,Australia,1,839,ocon,214,OCO,alpine,8,7,58,82469.0,5328231.0,1.0,19128.0,19128.0,20.0,7,22.0,5,8,79061.0,10.0,5.303,307.574,0,419.0,700.0
2022,1076,1,albert_park,Australia,1,840,stroll,117,STR,aston_martin,19,12,58,83592.0,5355146.0,3.0,57204.0,19068.0,0.0,18,0.0,10,20,,10.0,5.303,307.574,0,196.0,308.0
2022,1076,1,albert_park,Australia,1,842,gasly,213,GAS,alphatauri,11,9,58,82731.0,5342769.0,1.0,18926.0,18926.0,6.0,12,10.0,8,11,,10.0,5.303,307.574,0,612.0,670.0
2022,1076,1,albert_park,Australia,1,844,leclerc,6,LEC,ferrari,1,1,58,80260.0,5266548.0,1.0,17973.0,17973.0,71.0,1,104.0,1,1,77868.0,10.0,5.303,307.574,0,1093.0,1714.0
2022,1076,1,albert_park,Australia,1,846,norris,1,NOR,mclaren,4,5,58,82248.0,5319851.0,1.0,17556.0,17556.0,16.0,8,24.0,4,4,78703.0,10.0,5.303,307.574,0,1070.0,1148.0
2022,1076,1,albert_park,Australia,1,847,russell,131,RUS,mercedes,6,3,58,81495.0,5292141.0,1.0,18479.0,18479.0,37.0,2,65.0,2,6,78933.0,10.0,5.303,307.574,0,183.0,2662.0
2022,1076,1,albert_park,Australia,1,848,albon,3,ALB,williams,20,10,58,82589.0,5345930.0,1.0,19845.0,19845.0,1.0,16,1.0,9,16,,10.0,5.303,307.574,0,546.0,116.0
2022,1076,1,albert_park,Australia,11,849,latifi,3,LAT,williams,18,16,57,83882.0,,2.0,36488.0,18244.0,0.0,20,1.0,9,19,,10.0,5.303,302.271,0,49.0,94.0
2022,1076,1,albert_park,Australia,11,852,tsunoda,213,TSU,alphatauri,13,15,57,83342.0,,1.0,18443.0,18443.0,4.0,13,10.0,8,13,,10.0,5.303,302.271,0,160.0,568.0
2022,1076,1,albert_park,Australia,11,854,mick_schumacher,210,MSC,haas,15,13,57,83006.0,,1.0,19039.0,19039.0,0.0,17,12.0,7,15,,10.0,5.303,302.271,0,0.0,68.0
2022,1076,1,albert_park,Australia,1,855,zhou,51,ZHO,alfa,14,11,58,82541.0,5348243.0,1.0,18380.0,18380.0,1.0,15,13.0,6,14,,10.0,5.303,307.574,0,3.0,114.0
2022,1077,21,imola,Italy,11,1,hamilton,131,HAM,mercedes,14,13,62,81419.0,,1.0,32740.0,32740.0,28.0,7,77.0,3,13,,37.0,4.909,304.358,0,1988.0,2151.5
2022,1077,21,imola,Italy,130,4,alonso,214,ALO,alpine,9,0,6,99685.0,,0.0,0.0,0.0,2.0,15,22.0,6,5,89202.0,37.0,4.909,29.454,0,404.0,573.0
2022,1077,21,imola,Italy,1,20,vettel,117,VET,aston_martin,13,8,63,81211.0,5598878.0,1.0,30484.0,30484.0,4.0,14,5.0,9,9,91062.0,37.0,4.909,309.267,0,315.0,236.0
2022,1077,21,imola,Italy,1,815,perez,9,PER,red_bull,3,2,63,78949.0,5544513.0,2.0,59993.0,29996.5,54.0,3,113.0,2,7,89808.0,37.0,4.909,309.267,0,1104.0,2027.5
2022,1077,21,imola,Italy,11,817,ricciardo,1,RIC,mclaren,6,18,62,81577.0,,3.0,92939.0,30979.666666666668,11.0,11,46.0,4,6,89742.0,37.0,4.909,304.358,0,659.0,925.0
2022,1077,21,imola,Italy,1,822,bottas,51,BOT,alfa,7,5,63,80758.0,5571167.0,1.0,40957.0,40957.0,24.0,8,25.0,5,8,90439.0,37.0,4.909,309.267,0,1246.0,126.0
2022,1077,21,imola,Italy,1,825,kevin_magnussen,210,MAG,haas,8,9,63,81238.0,5603246.0,1.0,33765.0,33765.0,15.0,10,15.0,8,4,89164.0,37.0,4.909,309.267,0,55.0,83.0
2022,1077,21,imola,Italy,1,830,max_verstappen,9,VER,red_bull,1,1,63,78446.0,5527986.0,2.0,59943.0,29971.5,59.0,2,113.0,2,1,87999.0,37.0,4.909,309.267,0,2069.0,1581.0
2022,1077,21,imola,Italy,4,832,sainz,6,SAI,ferrari,4,0,0,,,0.0,0.0,0.0,38.0,5,124.0,1,10,,37.0,4.909,0.0,0,945.0,1530.5
2022,1077,21,imola,Italy,11,839,ocon,214,OCO,alpine,16,14,62,81887.0,,1.0,31409.0,31409.0,20.0,9,22.0,6,19,,37.0,4.909,304.358,0,394.0,446.0
2022,1077,21,imola,Italy,11,840,stroll,117,STR,aston_martin,15,10,62,81750.0,,1.0,32667.0,32667.0,1.0,18,5.0,9,15,,37.0,4.909,304.358,0,173.0,164.0
2022,1077,21,imola,Italy,11,842,gasly,213,GAS,alphatauri,17,12,62,81713.0,,1.0,30405.0,30405.0,6.0,13,16.0,7,17,,37.0,4.909,304.358,0,552.0,464.0
2022,1077,21,imola,Italy,1,844,leclerc,6,LEC,ferrari,2,6,63,78574.0,5584058.0,3.0,98396.0,32798.666666666664,86.0,1,124.0,1,2,88778.0,37.0,4.909,309.267,0,1075.0,1347.0
2022,1077,21,imola,Italy,1,846,norris,1,NOR,mclaren,5,3,63,80903.0,5562820.0,1.0,30070.0,30070.0,35.0,6,46.0,4,3,89131.0,37.0,4.909,309.267,0,966.0,702.0
2022,1077,21,imola,Italy,1,847,russell,131,RUS,mercedes,11,4,63,80962.0,5570492.0,1.0,31079.0,31079.0,49.0,4,77.0,3,11,,37.0,4.909,309.267,0,216.0,1641.0
2022,1077,21,imola,Italy,11,848,albon,3,ALB,williams,18,11,62,81757.0,,1.0,30793.0,30793.0,1.0,17,1.0,10,20,,37.0,4.909,304.358,0,483.0,72.0
2022,1077,21,imola,Italy,11,849,latifi,3,LAT,williams,19,16,62,81338.0,,1.0,31125.0,31125.0,0.0,21,1.0,10,18,,37.0,4.909,304.358,0,42.0,50.0
2022,1077,21,imola,Italy,1,852,tsunoda,213,TSU,alphatauri,12,7,63,80544.0,5589096.0,1.0,30372.0,30372.0,10.0,12,16.0,7,16,,37.0,4.909,309.267,0,152.0,360.0
2022,1077,21,imola,Italy,11,854,mick_schumacher,210,MSC,haas,10,17,62,78999.0,,2.0,62304.0,31152.0,0.0,19,15.0,8,12,,37.0,4.909,304.358,0,0.0,98.0
2022,1077,21,imola,Italy,11,855,zhou,51,ZHO,alfa,0,15,62,81286.0,,1.0,32203.0,32203.0,1.0,16,25.0,5,14,,37.0,4.909,304.358,0,4.0,138.0
2022,1078,79,miami,USA,1,1,hamilton,131,HAM,mercedes,6,6,57,92941.0,5685626.0,1.0,18820.0,18820.0,36.0,6,95.0,3,6,89625.0,0.0,5.41,308.37,1,1767.5,1122.5
2022,1078,79,miami,USA,1,4,alonso,214,ALO,alpine,11,11,57,93331.0,5701386.0,1.0,21638.0,21638.0,2.0,16,26.0,6,11,,0.0,5.41,308.37,1,348.0,317.0
2022,1078,79,miami,USA,4,20,vettel,117,VET,aston_martin,0,17,54,93479.0,,1.0,19861.0,19861.0,4.0,14,6.0,9,13,,0.0,5.41,292.14,1,284.0,93.0
2022,1078,79,miami,USA,1,815,perez,9,PER,red_bull,4,4,57,91819.0,5674896.0,2.0,36952.0,18476.0,66.0,3,151.0,2,4,89036.0,0.0,5.41,308.37,1,1035.0,1146.5
2022,1078,79,miami,USA,1,817,ricciardo,1,RIC,mclaren,14,13,57,93265.0,5705160.0,2.0,38764.0,19382.0,11.0,11,46.0,4,14,,0.0,5.41,308.37,1,575.0,473.0
2022,1078,79,miami,USA,1,822,bottas,51,BOT,alfa,5,7,57,93184.0,5689331.0,1.0,19614.0,19614.0,30.0,8,31.0,5,5,89475.0,0.0,5.41,308.37,1,1099.0,156.0
2022,1078,79,miami,USA,33,825,kevin_magnussen,210,MAG,haas,16,16,56,93511.0,,2.0,40433.0,20216.5,15.0,10,15.0,8,16,,0.0,5.41,302.96000000000004,1,69.0,113.0
2022,1078,79,miami,USA,1,830,max_verstappen,9,VER,red_bull,3,1,57,91361.0,5664258.0,1.0,18798.0,18798.0,85.0,2,151.0,2,3,88991.0,0.0,5.41,308.37,1,1891.5,712.0
2022,1078,79,miami,USA,1,832,sainz,6,SAI,ferrari,2,3,57,91790.0,5672487.0,1.0,22063.0,22063.0,53.0,5,157.0,1,2,88986.0,0.0,5.41,308.37,1,881.5,1180.5
2022,1078,79,miami,USA,1,839,ocon,214,OCO,alpine,20,8,57,93163.0,5692644.0,1.0,19019.0,19019.0,24.0,9,26.0,6,20,,0.0,5.41,308.37,1,372.0,188.0
2022,1078,79,miami,USA,1,840,stroll,117,STR,aston_martin,0,10,57,93312.0,5701284.0,1.0,19074.0,19074.0,2.0,17,6.0,9,10,90676.0,0.0,5.41,308.37,1,149.0,22.0
2022,1078,79,miami,USA,22,842,gasly,213,GAS,alphatauri,7,0,45,94487.0,,2.0,38550.0,19275.0,6.0,13,16.0,7,7,89690.0,0.0,5.41,243.45000000000002,1,484.0,234.0
2022,1078,79,miami,USA,1,844,leclerc,6,LEC,ferrari,1,2,57,91488.0,5668044.0,1.0,19697.0,19697.0,104.0,1,157.0,1,1,88796.0,0.0,5.41,308.37,1,1063.0,1014.0
2022,1078,79,miami,USA,4,846,norris,1,NOR,mclaren,8,0,39,93411.0,,1.0,19986.0,19986.0,35.0,7,46.0,4,8,89750.0,0.0,5.41,210.99,1,856.0,244.0
2022,1078,79,miami,USA,1,847,russell,131,RUS,mercedes,12,5,57,92195.0,5682840.0,1.0,19035.0,19035.0,59.0,4,95.0,3,12,,0.0,5.41,308.37,1,259.0,604.0
2022,1078,79,miami,USA,1,848,albon,3,ALB,williams,18,9,57,93447.0,5696623.0,1.0,20059.0,20059.0,3.0,15,3.0,10,18,,0.0,5.41,308.37,1,422.0,30.0
2022,1078,79,miami,USA,1,849,latifi,3,LAT,williams,19,14,57,94169.0,5714194.0,1.0,19185.0,19185.0,0.0,21,3.0,10,19,,0.0,5.41,308.37,1,35.0,10.0
2022,1078,79,miami,USA,1,852,tsunoda,213,TSU,alphatauri,9,12,57,93035.0,5704404.0,2.0,38488.0,19244.0,10.0,12,16.0,7,9,89932.0,0.0,5.41,308.37,1,144.0,108.0
2022,1078,79,miami,USA,1,854,mick_schumacher,210,MSC,haas,15,15,57,92528.0,5737563.0,2.0,52794.0,26397.0,0.0,19,15.0,8,15,,0.0,5.41,308.37,1,0.0,128.0
2022,1078,79,miami,USA,47,855,zhou,51,ZHO,alfa,17,0,6,95731.0,,0.0,0.0,0.0,1.0,18,31.0,5,17,,0.0,5.41,32.46,1,5.0,174.0
2022,1079,4,catalunya,Spain,1,1,hamilton,131,HAM,mercedes,6,5,66,84253.0,5895009.0,3.0,75400.0,25133.333333333332,46.0,6,120.0,3,6,79512.0,109.0,4.657,307.362,0,1538.0,697.0
2022,1079,4,catalunya,Spain,11,4,alonso,214,ALO,alpine,20,9,65,86599.0,,3.0,69696.0,23232.0,4.0,15,34.0,6,17,,109.0,4.657,302.705,0,294.0,214.0
2022,1079,4,catalunya,Spain,11,20,vettel,117,VET,aston_martin,16,11,65,87629.0,,2.0,44992.0,22496.0,4.0,14,6.0,9,16,,109.0,4.657,302.705,0,253.0,28.0
2022,1079,4,catalunya,Spain,1,815,perez,9,PER,red_bull,5,2,66,84108.0,5853547.0,3.0,65345.0,21781.666666666668,85.0,3,195.0,1,5,79420.0,109.0,4.657,307.362,0,970.0,907.0
2022,1079,4,catalunya,Spain,11,817,ricciardo,1,RIC,mclaren,9,12,65,87285.0,,3.0,66677.0,22225.666666666668,11.0,12,50.0,4,9,80297.0,109.0,4.657,302.705,0,481.0,294.0
2022,1079,4,catalunya,Spain,1,822,bottas,51,BOT,alfa,7,6,66,86395.0,5900451.0,2.0,45528.0,22764.0,38.0,8,39.0,5,7,79608.0,109.0,4.657,307.362,0,952.0,204.0
2022,1079,4,catalunya,Spain,12,825,kevin_magnussen,210,MAG,haas,8,17,64,87537.0,,2.0,53510.0,26755.0,15.0,10,15.0,8,8,79682.0,109.0,4.657,298.048,0,83.0,133.0
2022,1079,4,catalunya,Spain,1,830,max_verstappen,9,VER,red_bull,2,1,66,85456.0,5840475.0,3.0,66080.0,22026.666666666668,110.0,1,195.0,1,2,79073.0,109.0,4.657,307.362,0,1714.0,1102.0
2022,1079,4,catalunya,Spain,1,832,sainz,6,SAI,ferrari,3,4,66,85985.0,5885683.0,3.0,66510.0,22170.0,65.0,5,169.0,2,3,79166.0,109.0,4.657,307.362,0,824.0,1139.0
2022,1079,4,catalunya,Spain,1,839,ocon,214,OCO,alpine,12,7,66,85935.0,5915872.0,3.0,67123.0,22374.333333333332,30.0,9,34.0,6,12,,109.0,4.657,307.362,0,356.0,240.0
2022,1079,4,catalunya,Spain,11,840,stroll,117,STR,aston_martin,17,15,65,86876.0,,3.0,70039.0,23346.333333333332,2.0,17,6.0,9,18,,109.0,4.657,302.705,0,125.0,34.0
2022,1079,4,catalunya,Spain,11,842,gasly,213,GAS,alphatauri,14,13,65,86987.0,,3.0,71793.0,23931.0,6.0,13,17.0,7,14,,109.0,4.657,302.705,0,416.0,121.0
2022,1079,4,catalunya,Spain,101,844,leclerc,6,LEC,ferrari,1,0,27,87030.0,,1.0,21794.0,21794.0,104.0,2,169.0,2,1,78750.0,109.0,4.657,125.739,0,1039.0,1264.0
2022,1079,4,catalunya,Spain,1,846,norris,1,NOR,mclaren,11,8,66,85619.0,5923710.0,3.0,67422.0,22474.0,39.0,7,50.0,4,11,,109.0,4.657,307.362,0,746.0,344.0
2022,1079,4,catalunya,Spain,1,847,russell,131,RUS,mercedes,4,3,66,84636.0,5873402.0,3.0,67008.0,22336.0,74.0,4,120.0,3,4,79393.0,109.0,4.657,307.362,0,317.0,790.0
2022,1079,4,catalunya,Spain,12,848,albon,3,ALB,williams,18,18,64,88281.0,,4.0,92808.0,23202.0,3.0,16,3.0,10,19,,109.0,4.657,298.048,0,361.0,13.0
2022,1079,4,catalunya,Spain,12,849,latifi,3,LAT,williams,19,16,64,87246.0,,3.0,68261.0,22753.666666666668,0.0,21,3.0,10,20,,109.0,4.657,298.048,0,28.0,16.0
2022,1079,4,catalunya,Spain,11,852,tsunoda,213,TSU,alphatauri,13,10,65,86828.0,,3.0,68201.0,22733.666666666668,11.0,11,17.0,7,13,,109.0,4.657,302.705,0,135.0,134.0
2022,1079,4,catalunya,Spain,11,854,mick_schumacher,210,MSC,haas,10,14,65,87447.0,,2.0,46709.0,23354.5,0.0,19,15.0,8,10,80368.0,109.0,4.657,302.705,0,0.0,138.0
2022,1079,4,catalunya,Spain,75,855,zhou,51,ZHO,alfa,15,0,28,88415.0,,1.0,23109.0,23109.0,1.0,18,39.0,5,15,,109.0,4.657,130.39600000000002,0,6.0,234.0
2022,1080,6,monaco,Monaco,1,1,hamilton,131,HAM,mercedes,8,8,64,77203.0,7040653.0,3.0,1235584.0,411861.3333333333,50.0,6,134.0,3,8,72560.0,7.0,3.337,213.568,1,1294.5,886.0
2022,1080,6,monaco,Monaco,1,4,alonso,214,ALO,alpine,7,7,64,75882.0,7036623.0,2.0,1206584.0,603292.0,10.0,13,40.0,6,7,72247.0,7.0,3.337,213.568,1,244.0,264.0
2022,1080,6,monaco,Monaco,1,20,vettel,117,VET,aston_martin,9,10,64,77558.0,7043801.0,3.0,1219593.0,406531.0,5.0,15,7.0,9,9,72732.0,7.0,3.337,213.568,1,223.0,41.0
2022,1080,6,monaco,Monaco,1,815,perez,9,PER,red_bull,3,1,64,76028.0,6990265.0,3.0,1221007.0,407002.3333333333,110.0,3,235.0,1,3,71629.0,7.0,3.337,213.568,1,915.0,1300.0
2022,1080,6,monaco,Monaco,1,817,ricciardo,1,RIC,mclaren,14,13,64,77532.0,7047900.0,2.0,1194729.0,597364.5,11.0,11,59.0,4,14,,7.0,3.337,213.568,1,387.0,397.0
2022,1080,6,monaco,Monaco,1,822,bottas,51,BOT,alfa,12,9,64,77600.0,7042790.0,2.0,1212564.0,606282.0,40.0,8,41.0,5,12,,7.0,3.337,213.568,1,807.0,266.0
2022,1080,6,monaco,Monaco,34,825,kevin_magnussen,210,MAG,haas,13,0,19,93754.0,,0.0,0.0,0.0,15.0,10,15.0,8,13,,7.0,3.337,63.403000000000006,1,97.0,141.0
2022,1080,6,monaco,Monaco,1,830,max_verstappen,9,VER,red_bull,4,3,64,76052.0,6991756.0,3.0,1229514.0,409838.0,125.0,1,235.0,1,4,71666.0,7.0,3.337,213.568,1,1526.5,1498.0
2022,1080,6,monaco,Monaco,1,832,sainz,6,SAI,ferrari,2,2,64,76421.0,6991419.0,2.0,1199459.0,599729.5,83.0,5,199.0,2,2,71601.0,7.0,3.337,213.568,1,776.5,1385.0
2022,1080,6,monaco,Monaco,1,839,ocon,214,OCO,alpine,10,12,64,77571.0,7045909.0,2.0,1211360.0,605680.0,30.0,9,40.0,6,10,73047.0,7.0,3.337,213.568,1,340.0,288.0
2022,1080,6,monaco,Monaco,1,840,stroll,117,STR,aston_martin,18,14,64,77672.0,7051067.0,4.0,1260096.0,315024.0,2.0,17,7.0,9,18,,7.0,3.337,213.568,1,101.0,48.0
2022,1080,6,monaco,Monaco,1,842,gasly,213,GAS,alphatauri,17,11,64,77344.0,7044554.0,3.0,1233716.0,411238.6666666667,6.0,14,17.0,7,17,,7.0,3.337,213.568,1,336.0,143.0
2022,1080,6,monaco,Monaco,1,844,leclerc,6,LEC,ferrari,1,4,64,76249.0,6993187.0,3.0,1230566.0,410188.6666666667,116.0,2,199.0,2,1,71376.0,7.0,3.337,213.568,1,1017.0,1506.0
2022,1080,6,monaco,Monaco,1,846,norris,1,NOR,mclaren,5,6,64,74693.0,7002496.0,4.0,1257268.0,314317.0,48.0,7,59.0,4,5,71849.0,7.0,3.337,213.568,1,644.0,450.0
2022,1080,6,monaco,Monaco,1,847,russell,131,RUS,mercedes,6,5,64,76830.0,7002233.0,2.0,1202897.0,601448.5,84.0,4,134.0,3,6,72112.0,7.0,3.337,213.568,1,385.0,982.0
2022,1080,6,monaco,Monaco,26,848,albon,3,ALB,williams,16,0,48,78023.0,,3.0,1244425.0,414808.3333333333,3.0,16,3.0,10,16,,7.0,3.337,160.17600000000002,1,294.0,19.0
2022,1080,6,monaco,Monaco,11,849,latifi,3,LAT,williams,19,15,63,78579.0,,4.0,1281873.0,320468.25,0.0,21,3.0,10,19,,7.0,3.337,210.23100000000002,1,21.0,22.0
2022,1080,6,monaco,Monaco,11,852,tsunoda,213,TSU,alphatauri,11,17,63,75334.0,,4.0,1250799.0,312699.75,11.0,12,17.0,7,11,,7.0,3.337,210.23100000000002,1,126.0,152.0
2022,1080,6,monaco,Monaco,3,854,mick_schumacher,210,MSC,haas,15,0,24,84778.0,,2.0,64491.0,32245.5,0.0,19,15.0,8,15,,7.0,3.337,80.08800000000001,1,0.0,144.0
2022,1080,6,monaco,Monaco,11,855,zhou,51,ZHO,alfa,20,16,63,78200.0,,2.0,1199829.0,599914.5,1.0,18,41.0,5,20,,7.0,3.337,210.23100000000002,1,7.0,298.0
2022,1081,73,baku,Azerbaijan,1,1,hamilton,131,HAM,mercedes,7,4,51,107044.0,5717620.0,2.0,42301.0,21150.5,62.0,6,161.0,3,7,102924.0,-7.0,6.003,306.153,1,1038.0,1078.0
2022,1081,73,baku,Azerbaijan,1,4,alonso,214,ALO,alpine,10,7,51,107989.0,5734537.0,1.0,20571.0,20571.0,16.0,11,47.0,5,10,103173.0,-7.0,6.003,306.153,1,198.0,313.0
2022,1081,73,baku,Azerbaijan,1,20,vettel,117,VET,aston_martin,9,6,51,108206.0,5730040.0,1.0,20249.0,20249.0,13.0,14,15.0,9,9,103091.0,-7.0,6.003,306.153,1,200.0,63.0
2022,1081,73,baku,Azerbaijan,1,815,perez,9,PER,red_bull,2,2,51,106046.0,5666764.0,2.0,45728.0,22864.0,129.0,2,279.0,1,2,101641.0,-7.0,6.003,306.153,1,866.0,1722.0
2022,1081,73,baku,Azerbaijan,1,817,ricciardo,1,RIC,mclaren,12,8,51,108276.0,5738148.0,1.0,21794.0,21794.0,15.0,13,65.0,4,12,,-7.0,6.003,306.153,1,297.0,491.0
2022,1081,73,baku,Azerbaijan,11,822,bottas,51,BOT,alfa,15,11,50,108179.0,,1.0,20979.0,20979.0,40.0,8,41.0,6,15,,-7.0,6.003,300.15,1,644.0,326.0
2022,1081,73,baku,Azerbaijan,131,825,kevin_magnussen,210,MAG,haas,16,0,31,108789.0,,1.0,21555.0,21555.0,15.0,12,15.0,8,16,,-7.0,6.003,186.09300000000002,1,111.0,147.0
2022,1081,73,baku,Azerbaijan,1,830,max_verstappen,9,VER,red_bull,3,1,51,106050.0,5645941.0,2.0,42190.0,21095.0,150.0,1,279.0,1,3,101706.0,-7.0,6.003,306.153,1,1344.0,1946.0
2022,1081,73,baku,Azerbaijan,9,832,sainz,6,SAI,ferrari,4,0,8,108978.0,,0.0,0.0,0.0,83.0,5,199.0,2,4,101814.0,-7.0,6.003,48.024,1,720.0,1601.0
2022,1081,73,baku,Azerbaijan,1,839,ocon,214,OCO,alpine,13,10,51,108297.0,5754125.0,1.0,22638.0,22638.0,31.0,9,47.0,5,13,,-7.0,6.003,306.153,1,321.0,338.0
2022,1081,73,baku,Azerbaijan,76,840,stroll,117,STR,aston_martin,19,16,46,108038.0,,1.0,22059.0,22059.0,2.0,17,15.0,9,19,,-7.0,6.003,276.13800000000003,1,77.0,78.0
2022,1081,73,baku,Azerbaijan,1,842,gasly,213,GAS,alphatauri,6,5,51,108519.0,5723240.0,1.0,22698.0,22698.0,16.0,10,27.0,7,6,102845.0,-7.0,6.003,306.153,1,260.0,169.0
2022,1081,73,baku,Azerbaijan,131,844,leclerc,6,LEC,ferrari,1,0,21,107531.0,,1.0,23212.0,23212.0,116.0,3,199.0,2,1,101359.0,-7.0,6.003,126.063,1,985.0,1696.0
2022,1081,73,baku,Azerbaijan,1,846,norris,1,NOR,mclaren,11,9,51,107997.0,5738497.0,1.0,21443.0,21443.0,50.0,7,65.0,4,11,,-7.0,6.003,306.153,1,543.0,532.0
2022,1081,73,baku,Azerbaijan,1,847,russell,131,RUS,mercedes,5,3,51,107177.0,5691936.0,2.0,41065.0,20532.5,99.0,4,161.0,3,5,102712.0,-7.0,6.003,306.153,1,468.0,1174.0
2022,1081,73,baku,Azerbaijan,11,848,albon,3,ALB,williams,17,12,50,107966.0,,2.0,47117.0,23558.5,3.0,16,3.0,10,17,,-7.0,6.003,300.15,1,212.0,24.0
2022,1081,73,baku,Azerbaijan,11,849,latifi,3,LAT,williams,18,15,50,109583.0,,2.0,51464.0,25732.0,0.0,21,3.0,10,18,,-7.0,6.003,300.15,1,14.0,26.0
2022,1081,73,baku,Azerbaijan,11,852,tsunoda,213,TSU,alphatauri,8,13,50,107523.0,,2.0,64583.0,32291.5,11.0,15,27.0,7,8,103056.0,-7.0,6.003,300.15,1,117.0,186.0
2022,1081,73,baku,Azerbaijan,11,854,mick_schumacher,210,MSC,haas,20,14,50,108410.0,,2.0,49204.0,24602.0,0.0,19,15.0,8,20,,-7.0,6.003,300.15,1,0.0,150.0
2022,1081,73,baku,Azerbaijan,9,855,zhou,51,ZHO,alfa,14,0,23,108723.0,,1.0,23001.0,23001.0,1.0,18,41.0,6,14,,-7.0,6.003,138.06900000000002,1,8.0,354.0
2022,1082,7,villeneuve,Canada,1,1,hamilton,131,HAM,mercedes,4,3,70,76167.0,5788763.0,2.0,47686.0,23843.0,77.0,6,188.0,3,4,82891.0,13.0,4.361,305.27,0,745.5,1285.0
2022,1082,7,villeneuve,Canada,1,4,alonso,214,ALO,alpine,2,9,70,76578.0,5811702.0,2.0,48918.0,24459.0,18.0,10,57.0,5,2,81944.0,13.0,4.361,305.27,0,139.0,373.0
2022,1082,7,villeneuve,Canada,1,20,vettel,117,VET,aston_martin,16,12,70,77956.0,5826002.0,2.0,47087.0,23543.5,13.0,14,16.0,8,17,,13.0,4.361,305.27,0,171.0,89.0
2022,1082,7,villeneuve,Canada,6,815,perez,9,PER,red_bull,13,0,7,78844.0,,0.0,0.0,0.0,129.0,2,304.0,1,13,,13.0,4.361,30.526999999999997,0,805.0,2137.0
2022,1082,7,villeneuve,Canada,1,817,ricciardo,1,RIC,mclaren,9,11,70,77932.0,5824804.0,2.0,52770.0,26385.0,15.0,13,65.0,4,9,83749.0,13.0,4.361,305.27,0,197.0,551.0
2022,1082,7,villeneuve,Canada,1,822,bottas,51,BOT,alfa,11,7,70,77010.0,5807004.0,1.0,26089.0,26089.0,46.0,8,51.0,6,11,,13.0,4.361,305.27,0,472.0,380.0
2022,1082,7,villeneuve,Canada,1,825,kevin_magnussen,210,MAG,haas,5,17,70,78046.0,5849937.0,1.0,38262.0,38262.0,15.0,12,15.0,9,5,82960.0,13.0,4.361,305.27,0,125.0,150.0
2022,1082,7,villeneuve,Canada,1,830,max_verstappen,9,VER,red_bull,1,1,70,75839.0,5781757.0,2.0,47921.0,23960.5,175.0,1,304.0,1,1,81299.0,13.0,4.361,305.27,0,1149.5,2328.0
2022,1082,7,villeneuve,Canada,1,832,sainz,6,SAI,ferrari,3,2,70,75749.0,5782750.0,2.0,49096.0,24548.0,102.0,5,228.0,2,3,82096.0,13.0,4.361,305.27,0,672.5,1800.0
2022,1082,7,villeneuve,Canada,1,839,ocon,214,OCO,alpine,7,6,70,77110.0,5805647.0,2.0,49629.0,24814.5,39.0,9,57.0,5,7,83529.0,13.0,4.361,305.27,0,288.0,408.0
2022,1082,7,villeneuve,Canada,1,840,stroll,117,STR,aston_martin,17,10,70,77421.0,5819979.0,1.0,25252.0,25252.0,3.0,18,16.0,8,18,,13.0,4.361,305.27,0,46.0,100.0
2022,1082,7,villeneuve,Canada,1,842,gasly,213,GAS,alphatauri,15,14,70,77810.0,5826940.0,2.0,47170.0,23585.0,16.0,11,27.0,7,16,,13.0,4.361,305.27,0,176.0,197.0
2022,1082,7,villeneuve,Canada,1,844,leclerc,6,LEC,ferrari,19,5,70,75901.0,5796925.0,1.0,26199.0,26199.0,126.0,3,228.0,2,15,,13.0,4.361,305.27,0,953.0,1904.0
2022,1082,7,villeneuve,Canada,1,846,norris,1,NOR,mclaren,14,15,70,77495.0,5833902.0,2.0,67166.0,33583.0,50.0,7,65.0,4,14,,13.0,4.361,305.27,0,439.0,570.0
2022,1082,7,villeneuve,Canada,1,847,russell,131,RUS,mercedes,8,4,70,76418.0,5794070.0,2.0,48020.0,24010.0,111.0,4,188.0,3,8,83557.0,13.0,4.361,305.27,0,563.0,1396.0
2022,1082,7,villeneuve,Canada,1,848,albon,3,ALB,williams,12,13,70,77951.0,5826650.0,2.0,47334.0,23667.0,3.0,17,3.0,10,12,,13.0,4.361,305.27,0,122.0,28.0
2022,1082,7,villeneuve,Canada,1,849,latifi,3,LAT,williams,18,16,70,78540.0,5841735.0,2.0,54054.0,27027.0,0.0,21,3.0,10,19,,13.0,4.361,305.27,0,7.0,30.0
2022,1082,7,villeneuve,Canada,3,852,tsunoda,213,TSU,alphatauri,20,0,47,78309.0,,2.0,46698.0,23349.0,11.0,15,27.0,7,20,,13.0,4.361,204.96699999999998,0,108.0,208.0
2022,1082,7,villeneuve,Canada,5,854,mick_schumacher,210,MSC,haas,6,0,18,78967.0,,0.0,0.0,0.0,0.0,19,15.0,9,6,83356.0,13.0,4.361,78.49799999999999,0,0.0,150.0
2022,1082,7,villeneuve,Canada,1,855,zhou,51,ZHO,alfa,10,8,70,76927.0,5808709.0,2.0,48261.0,24130.5,5.0,16,51.0,6,10,84030.0,13.0,4.361,305.27,0,13.0,406.0
2022,1083,9,silverstone,UK,1,1,hamilton,131,HAM,mercedes,5,3,52,90510.0,8276536.0,3.0,3105721.0,1035240.3333333334,93.0,6,204.0,3,5,101995.0,153.0,5.891,306.332,0,451.0,1505.0
2022,1083,9,silverstone,UK,1,4,alonso,214,ALO,alpine,7,5,52,91609.0,8279882.0,3.0,3113274.0,1037758.0,28.0,10,67.0,5,7,102116.0,153.0,5.891,306.332,0,86.0,449.0
2022,1083,9,silverstone,UK,1,20,vettel,117,VET,aston_martin,18,9,52,92471.0,8292667.0,3.0,3125687.0,1041895.6666666666,15.0,13,18.0,9,18,,153.0,5.891,306.332,0,144.0,112.0
2022,1083,9,silverstone,UK,1,815,perez,9,PER,red_bull,4,2,52,90937.0,8274090.0,3.0,3100229.0,1033409.6666666666,147.0,2,328.0,1,4,101616.0,153.0,5.891,306.332,0,762.0,2505.0
2022,1083,9,silverstone,UK,1,817,ricciardo,1,RIC,mclaren,14,13,52,92644.0,8303128.0,4.0,3153520.0,788380.0,15.0,14,73.0,4,14,,153.0,5.891,306.332,0,97.0,597.0
2022,1083,9,silverstone,UK,6,822,bottas,51,BOT,alfa,12,0,20,95103.0,,1.0,3055732.0,3055732.0,46.0,8,51.0,6,12,,153.0,5.891,117.82,0,292.0,426.0
2022,1083,9,silverstone,UK,1,825,kevin_magnussen,210,MAG,haas,17,10,52,92661.0,8294901.0,2.0,3093086.0,1546543.0,16.0,12,20.0,8,17,,153.0,5.891,306.332,0,140.0,155.0
2022,1083,9,silverstone,UK,1,830,max_verstappen,9,VER,red_bull,2,7,52,92354.0,8289088.0,4.0,3124723.0,781180.75,181.0,1,328.0,1,2,101055.0,153.0,5.891,306.332,0,935.0,2682.0
2022,1083,9,silverstone,UK,1,832,sainz,6,SAI,ferrari,1,1,52,90813.0,8270311.0,3.0,3088761.0,1029587.0,127.0,4,265.0,2,1,100983.0,153.0,5.891,306.332,0,635.0,2012.0
2022,1083,9,silverstone,UK,48,839,ocon,214,OCO,alpine,15,0,37,93537.0,,2.0,2981102.0,1490551.0,39.0,9,67.0,5,15,,153.0,5.891,217.967,0,253.0,490.0
2022,1083,9,silverstone,UK,1,840,stroll,117,STR,aston_martin,20,11,52,92379.0,8296458.0,3.0,3127429.0,1042476.3333333334,3.0,19,18.0,9,20,,153.0,5.891,306.332,0,15.0,124.0
2022,1083,9,silverstone,UK,130,842,gasly,213,GAS,alphatauri,11,0,26,94614.0,,2.0,3078582.0,1539291.0,16.0,11,27.0,7,11,,153.0,5.891,153.166,0,82.0,219.0
2022,1083,9,silverstone,UK,1,844,leclerc,6,LEC,ferrari,3,4,52,91282.0,8278857.0,2.0,3065165.0,1532582.5,138.0,3,265.0,2,3,101298.0,153.0,5.891,306.332,0,932.0,2120.0
2022,1083,9,silverstone,UK,1,846,norris,1,NOR,mclaren,6,6,52,91645.0,8282254.0,3.0,3100821.0,1033607.0,58.0,7,73.0,4,6,102084.0,153.0,5.891,306.332,0,337.0,624.0
2022,1083,9,silverstone,UK,4,847,russell,131,RUS,mercedes,8,0,0,,,0.0,0.0,0.0,111.0,5,204.0,3,8,102161.0,153.0,5.891,0.0,0,658.0,1614.0
2022,1083,9,silverstone,UK,4,848,albon,3,ALB,williams,16,0,0,,,0.0,0.0,0.0,3.0,18,3.0,10,16,,153.0,5.891,0.0,0,20.0,30.0
2022,1083,9,silverstone,UK,1,849,latifi,3,LAT,williams,10,12,52,93286.0,8302822.0,3.0,3109171.0,1036390.3333333334,0.0,20,3.0,10,10,123095.0,153.0,5.891,306.332,0,0.0,30.0
2022,1083,9,silverstone,UK,1,852,tsunoda,213,TSU,alphatauri,13,14,52,93832.0,8311221.0,3.0,3076068.0,1025356.0,11.0,15,27.0,7,13,,153.0,5.891,306.332,0,87.0,230.0
2022,1083,9,silverstone,UK,1,854,mick_schumacher,210,MSC,haas,19,8,52,92109.0,8289306.0,3.0,3125153.0,1041717.6666666666,4.0,17,20.0,8,19,,153.0,5.891,306.332,0,4.0,160.0
2022,1083,9,silverstone,UK,4,855,zhou,51,ZHO,alfa,9,0,0,,,0.0,0.0,0.0,5.0,16,51.0,6,9,102719.0,153.0,5.891,0.0,0,18.0,446.0
2022,1084,70,red_bull_ring,Austria,1,1,hamilton,131,HAM,mercedes,8,3,71,69000.0,5105529.0,2.0,45723.0,22861.5,109.0,6,237.0,3,9,73151.0,678.0,4.318,306.578,0,545.0,1731.0
2022,1084,70,red_bull_ring,Austria,11,4,alonso,214,ALO,alpine,19,10,70,68558.0,,3.0,67631.0,22543.666666666668,29.0,10,81.0,5,8,66103.0,678.0,4.318,302.26,0,113.0,537.0
2022,1084,70,red_bull_ring,Austria,11,20,vettel,117,VET,aston_martin,18,17,70,70001.0,,2.0,43695.0,21847.5,15.0,14,18.0,9,20,,678.0,4.318,302.26,0,116.0,136.0
2022,1084,70,red_bull_ring,Austria,130,815,perez,9,PER,red_bull,5,0,24,71843.0,,1.0,23681.0,23681.0,151.0,3,359.0,1,13,,678.0,4.318,103.63199999999999,0,913.0,2846.0
2022,1084,70,red_bull_ring,Austria,11,817,ricciardo,1,RIC,mclaren,11,9,70,69924.0,,2.0,43245.0,21622.5,17.0,12,81.0,4,16,,678.0,4.318,302.26,0,114.0,655.0
2022,1084,70,red_bull_ring,Austria,11,822,bottas,51,BOT,alfa,0,11,70,69266.0,,2.0,46955.0,23477.5,46.0,9,51.0,6,12,,678.0,4.318,302.26,0,330.0,458.0
2022,1084,70,red_bull_ring,Austria,11,825,kevin_magnussen,210,MAG,haas,7,8,70,69938.0,,2.0,44293.0,22146.5,22.0,11,34.0,7,6,65879.0,678.0,4.318,302.26,0,152.0,179.0
2022,1084,70,red_bull_ring,Austria,1,830,max_verstappen,9,VER,red_bull,1,2,71,67275.0,5065844.0,3.0,64785.0,21595.0,208.0,1,359.0,1,1,64984.0,678.0,4.318,306.578,0,1143.0,3010.0
2022,1084,70,red_bull_ring,Austria,131,832,sainz,6,SAI,ferrari,3,0,56,68649.0,,2.0,42704.0,21352.0,133.0,4,303.0,2,3,65066.0,678.0,4.318,241.808,0,750.0,2254.0
2022,1084,70,red_bull_ring,Austria,1,839,ocon,214,OCO,alpine,6,5,71,69559.0,5132748.0,2.0,43864.0,21932.0,52.0,8,81.0,5,5,65726.0,678.0,4.318,306.578,0,299.0,584.0
2022,1084,70,red_bull_ring,Austria,11,840,stroll,117,STR,aston_martin,12,13,70,70048.0,,2.0,43383.0,21691.5,3.0,19,18.0,9,17,,678.0,4.318,302.26,0,18.0,148.0
2022,1084,70,red_bull_ring,Austria,11,842,gasly,213,GAS,alphatauri,14,15,70,70104.0,,2.0,50334.0,25167.0,16.0,13,27.0,8,10,,678.0,4.318,302.26,0,98.0,240.0
2022,1084,70,red_bull_ring,Austria,1,844,leclerc,6,LEC,ferrari,2,1,71,67583.0,5064312.0,3.0,64501.0,21500.333333333332,170.0,2,303.0,2,2,65013.0,678.0,4.318,306.578,0,1076.0,2388.0
2022,1084,70,red_bull_ring,Austria,11,846,norris,1,NOR,mclaren,10,7,70,69304.0,,2.0,50008.0,25004.0,64.0,7,81.0,4,15,,678.0,4.318,302.26,0,401.0,686.0
2022,1084,70,red_bull_ring,Austria,1,847,russell,131,RUS,mercedes,4,4,71,69075.0,5123284.0,2.0,59932.0,29966.0,128.0,5,237.0,3,4,65431.0,678.0,4.318,306.578,0,774.0,1848.0
2022,1084,70,red_bull_ring,Austria,11,848,albon,3,ALB,williams,15,12,70,69669.0,,2.0,44423.0,22211.5,3.0,18,3.0,10,11,,678.0,4.318,302.26,0,23.0,30.0
2022,1084,70,red_bull_ring,Austria,140,849,latifi,3,LAT,williams,17,0,48,70890.0,,2.0,42928.0,21464.0,0.0,20,3.0,10,19,,678.0,4.318,207.26399999999998,0,0.0,30.0
2022,1084,70,red_bull_ring,Austria,11,852,tsunoda,213,TSU,alphatauri,16,16,70,70023.0,,2.0,43268.0,21634.0,11.0,16,27.0,8,14,,678.0,4.318,302.26,0,94.0,250.0
2022,1084,70,red_bull_ring,Austria,11,854,mick_schumacher,210,MSC,haas,9,6,70,69625.0,,2.0,45000.0,22500.0,12.0,15,34.0,7,7,66011.0,678.0,4.318,302.26,0,16.0,198.0
2022,1084,70,red_bull_ring,Austria,11,855,zhou,51,ZHO,alfa,13,14,70,69380.0,,2.0,51564.0,25782.0,5.0,17,51.0,6,18,,678.0,4.318,302.26,0,22.0,470.0
2022,1085,34,ricard,France,1,1,hamilton,131,HAM,mercedes,4,2,53,97668.0,5412699.0,1.0,37189.0,37189.0,127.0,6,270.0,3,4,91765.0,432.0,5.842,309.626,0,656.0,1984.0
2022,1085,34,ricard,France,1,4,alonso,214,ALO,alpine,7,6,53,98160.0,5444991.0,1.0,36524.0,36524.0,37.0,10,93.0,4,7,92552.0,432.0,5.842,309.626,0,148.0,637.0
2022,1085,34,ricard,France,1,20,vettel,117,VET,aston_martin,12,11,53,99044.0,5466606.0,1.0,36671.0,36671.0,15.0,14,19.0,9,14,,432.0,5.842,309.626,0,88.0,160.0
2022,1085,34,ricard,France,1,815,perez,9,PER,red_bull,3,4,53,97780.0,5419422.0,1.0,38061.0,38061.0,163.0,3,396.0,1,3,91335.0,432.0,5.842,309.626,0,1064.0,3171.0
2022,1085,34,ricard,France,1,817,ricciardo,1,RIC,mclaren,9,9,53,99133.0,5462484.0,1.0,36264.0,36264.0,19.0,12,89.0,5,11,,432.0,5.842,309.626,0,133.0,716.0
2022,1085,34,ricard,France,1,822,bottas,51,BOT,alfa,11,14,53,97963.0,5478778.0,2.0,74375.0,37187.5,46.0,9,51.0,6,13,,432.0,5.842,309.626,0,368.0,480.0
2022,1085,34,ricard,France,130,825,kevin_magnussen,210,MAG,haas,20,0,37,99265.0,,2.0,73182.0,36591.0,22.0,11,34.0,7,10,,432.0,5.842,216.154,0,162.0,217.0
2022,1085,34,ricard,France,1,830,max_verstappen,9,VER,red_bull,2,1,53,97491.0,5402112.0,1.0,35266.0,35266.0,233.0,1,396.0,1,2,91176.0,432.0,5.842,309.626,0,1351.0,3332.0
2022,1085,34,ricard,France,1,832,sainz,6,SAI,ferrari,19,5,53,95781.0,5430984.0,2.0,83750.0,41875.0,144.0,4,314.0,2,9,,432.0,5.842,309.626,0,861.0,2503.0
2022,1085,34,ricard,France,1,839,ocon,214,OCO,alpine,10,8,53,98684.0,5459071.0,1.0,44747.0,44747.0,56.0,8,93.0,4,12,,432.0,5.842,309.626,0,341.0,690.0
2022,1085,34,ricard,France,1,840,stroll,117,STR,aston_martin,15,10,53,99185.0,5464661.0,1.0,39844.0,39844.0,4.0,18,19.0,9,17,,432.0,5.842,309.626,0,22.0,172.0
2022,1085,34,ricard,France,1,842,gasly,213,GAS,alphatauri,14,12,53,98786.0,5467560.0,1.0,35969.0,35969.0,16.0,13,27.0,8,16,,432.0,5.842,309.626,0,110.0,260.0
2022,1085,34,ricard,France,3,844,leclerc,6,LEC,ferrari,1,0,17,98088.0,,0.0,0.0,0.0,170.0,2,314.0,2,1,90872.0,432.0,5.842,99.314,0,1201.0,2618.0
2022,1085,34,ricard,France,1,846,norris,1,NOR,mclaren,5,7,53,99037.0,5454138.0,1.0,37539.0,37539.0,70.0,7,89.0,5,5,92032.0,432.0,5.842,309.626,0,465.0,746.0
2022,1085,34,ricard,France,1,847,russell,131,RUS,mercedes,6,3,53,97548.0,5418607.0,1.0,38277.0,38277.0,143.0,5,270.0,3,6,92131.0,432.0,5.842,309.626,0,895.0,2120.0
2022,1085,34,ricard,France,1,848,albon,3,ALB,williams,13,13,53,99199.0,5470677.0,1.0,37380.0,37380.0,3.0,19,3.0,10,15,,432.0,5.842,309.626,0,26.0,30.0
2022,1085,34,ricard,France,130,849,latifi,3,LAT,williams,18,0,40,99650.0,,2.0,74439.0,37219.5,0.0,20,3.0,10,20,,432.0,5.842,233.67999999999998,0,0.0,30.0
2022,1085,34,ricard,France,140,852,tsunoda,213,TSU,alphatauri,8,0,17,100216.0,,1.0,37648.0,37648.0,11.0,16,27.0,8,8,92780.0,432.0,5.842,99.314,0,101.0,270.0
2022,1085,34,ricard,France,1,854,mick_schumacher,210,MSC,haas,17,15,53,99068.0,5482506.0,2.0,73707.0,36853.5,12.0,15,34.0,7,19,,432.0,5.842,309.626,0,28.0,236.0
2022,1085,34,ricard,France,16,855,zhou,51,ZHO,alfa,16,16,47,99368.0,,2.0,87234.0,43617.0,5.0,17,51.0,6,18,,432.0,5.842,274.57399999999996,0,26.0,490.0
2022,1086,11,hungaroring,Hungary,1,1,hamilton,131,HAM,mercedes,7,2,70,81386.0,5983746.0,2.0,43794.0,21897.0,146.0,6,304.0,3,7,78142.0,264.0,4.381,306.67,0,774.0,2263.0
2022,1086,11,hungaroring,Hungary,11,4,alonso,214,ALO,alpine,6,8,69,83979.0,,1.0,22083.0,22083.0,41.0,10,99.0,4,6,78078.0,264.0,4.381,302.289,0,187.0,742.0
2022,1086,11,hungaroring,Hungary,11,20,vettel,117,VET,aston_martin,18,10,69,82824.0,,2.0,46432.0,23216.0,16.0,14,20.0,9,18,,264.0,4.381,302.289,0,104.0,177.0
2022,1086,11,hungaroring,Hungary,1,815,perez,9,PER,red_bull,11,5,70,81940.0,5991600.0,2.0,42285.0,21142.5,173.0,3,431.0,1,11,,264.0,4.381,306.67,0,1207.0,3484.0
2022,1086,11,hungaroring,Hungary,11,817,ricciardo,1,RIC,mclaren,9,15,69,83654.0,,2.0,43079.0,21539.5,19.0,12,95.0,5,9,78379.0,264.0,4.381,302.289,0,144.0,776.0
2022,1086,11,hungaroring,Hungary,131,822,bottas,51,BOT,alfa,8,20,65,84002.0,,1.0,22272.0,22272.0,46.0,9,51.0,6,8,78157.0,264.0,4.381,284.765,0,402.0,500.0
2022,1086,11,hungaroring,Hungary,11,825,kevin_magnussen,210,MAG,haas,13,16,69,83511.0,,3.0,75998.0,25332.666666666668,22.0,11,34.0,7,13,,264.0,4.381,302.289,0,172.0,255.0
2022,1086,11,hungaroring,Hungary,1,830,max_verstappen,9,VER,red_bull,10,1,70,82126.0,5975912.0,2.0,42579.0,21289.5,258.0,1,431.0,1,10,78823.0,264.0,4.381,306.67,0,1584.0,3636.0
2022,1086,11,hungaroring,Hungary,1,832,sainz,6,SAI,ferrari,2,4,70,82000.0,5990491.0,2.0,46276.0,23138.0,156.0,5,334.0,2,2,77421.0,264.0,4.381,306.67,0,984.0,2753.0
2022,1086,11,hungaroring,Hungary,11,839,ocon,214,OCO,alpine,5,9,69,84149.0,,1.0,23581.0,23581.0,58.0,8,99.0,4,5,78018.0,264.0,4.381,302.289,0,379.0,794.0
2022,1086,11,hungaroring,Hungary,11,840,stroll,117,STR,aston_martin,14,11,69,82437.0,,2.0,43394.0,21697.0,4.0,18,20.0,9,14,,264.0,4.381,302.289,0,26.0,182.0
2022,1086,11,hungaroring,Hungary,11,842,gasly,213,GAS,alphatauri,0,12,69,83199.0,,2.0,43164.0,21582.0,16.0,13,27.0,8,19,,264.0,4.381,302.289,0,120.0,270.0
2022,1086,11,hungaroring,Hungary,1,844,leclerc,6,LEC,ferrari,3,6,70,81622.0,5991959.0,3.0,65291.0,21763.666666666668,178.0,2,334.0,2,3,77567.0,264.0,4.381,306.67,0,1308.0,2888.0
2022,1086,11,hungaroring,Hungary,1,846,norris,1,NOR,mclaren,4,7,70,83043.0,6054212.0,2.0,45422.0,22711.0,76.0,7,95.0,5,4,77769.0,264.0,4.381,306.67,0,525.0,806.0
2022,1086,11,hungaroring,Hungary,1,847,russell,131,RUS,mercedes,1,3,70,82766.0,5988249.0,2.0,44506.0,22253.0,158.0,4,304.0,3,1,77377.0,264.0,4.381,306.67,0,1016.0,2406.0
2022,1086,11,hungaroring,Hungary,11,848,albon,3,ALB,williams,17,17,69,83047.0,,3.0,77338.0,25779.333333333332,3.0,19,3.0,10,17,,264.0,4.381,302.289,0,28.0,30.0
2022,1086,11,hungaroring,Hungary,11,849,latifi,3,LAT,williams,19,18,69,82478.0,,3.0,73094.0,24364.666666666668,0.0,20,3.0,10,20,,264.0,4.381,302.289,0,0.0,30.0
2022,1086,11,hungaroring,Hungary,12,852,tsunoda,213,TSU,alphatauri,16,19,68,83538.0,,3.0,65721.0,21907.0,11.0,16,27.0,8,16,,264.0,4.381,297.908,0,108.0,270.0
2022,1086,11,hungaroring,Hungary,11,854,mick_schumacher,210,MSC,haas,15,14,69,83151.0,,2.0,45519.0,22759.5,12.0,15,34.0,7,15,,264.0,4.381,302.289,0,40.0,274.0
2022,1086,11,hungaroring,Hungary,11,855,zhou,51,ZHO,alfa,12,13,69,82029.0,,2.0,50539.0,25269.5,5.0,17,51.0,6,12,,264.0,4.381,302.289,0,30.0,510.0
2022,1087,13,spa,Belgium,130,1,hamilton,131,HAM,mercedes,4,0,0,,,0.0,0.0,0.0,146.0,6,316.0,3,7,105503.0,401.0,7.004,0.0,0,892.0,2534.0
2022,1087,13,spa,Belgium,1,4,alonso,214,ALO,alpine,3,5,44,112868.0,5226150.0,2.0,46595.0,23297.5,51.0,9,115.0,4,6,105368.0,401.0,7.004,308.176,0,236.0,852.0
2022,1087,13,spa,Belgium,1,20,vettel,117,VET,aston_martin,10,8,44,112515.0,5231001.0,2.0,46055.0,23027.5,20.0,12,24.0,9,16,,401.0,7.004,308.176,0,120.0,190.0
2022,1087,13,spa,Belgium,1,815,perez,9,PER,red_bull,2,2,44,110764.0,5170735.0,2.0,44999.0,22499.5,191.0,2,475.0,1,3,104462.0,401.0,7.004,308.176,0,1344.0,3807.0
2022,1087,13,spa,Belgium,1,817,ricciardo,1,RIC,mclaren,7,15,44,113080.0,5260057.0,2.0,46231.0,23115.5,19.0,13,95.0,5,11,,401.0,7.004,308.176,0,152.0,836.0
2022,1087,13,spa,Belgium,3,822,bottas,51,BOT,alfa,13,0,1,,,0.0,0.0,0.0,46.0,10,51.0,6,20,,401.0,7.004,7.004,0,424.0,510.0
2022,1087,13,spa,Belgium,11,825,kevin_magnussen,210,MAG,haas,12,16,43,113332.0,,2.0,50211.0,25105.5,22.0,11,34.0,7,18,,401.0,7.004,301.17199999999997,0,179.0,293.0
2022,1087,13,spa,Belgium,1,830,max_verstappen,9,VER,red_bull,14,1,44,109354.0,5152894.0,2.0,45204.0,22602.0,284.0,1,475.0,1,1,103665.0,401.0,7.004,308.176,0,1809.0,3978.0
2022,1087,13,spa,Belgium,1,832,sainz,6,SAI,ferrari,1,3,44,111977.0,5179780.0,2.0,45293.0,22646.5,171.0,4,357.0,2,2,104297.0,401.0,7.004,308.176,0,1117.0,3017.0
2022,1087,13,spa,Belgium,1,839,ocon,214,OCO,alpine,16,7,44,111717.0,5228534.0,2.0,47002.0,23501.0,64.0,8,115.0,4,5,105180.0,401.0,7.004,308.176,0,423.0,910.0
2022,1087,13,spa,Belgium,1,840,stroll,117,STR,aston_martin,9,11,44,112880.0,5255972.0,2.0,46904.0,23452.0,4.0,19,24.0,9,14,,401.0,7.004,308.176,0,29.0,198.0
2022,1087,13,spa,Belgium,1,842,gasly,213,GAS,alphatauri,0,9,44,113002.0,5245075.0,2.0,45399.0,22699.5,18.0,14,29.0,8,12,,401.0,7.004,308.176,0,132.0,272.0
2022,1087,13,spa,Belgium,1,844,leclerc,6,LEC,ferrari,15,6,44,109984.0,5227830.0,3.0,70721.0,23573.666666666668,186.0,3,357.0,2,4,104553.0,401.0,7.004,308.176,0,1408.0,3146.0
2022,1087,13,spa,Belgium,1,846,norris,1,NOR,mclaren,17,12,44,111678.0,5257633.0,2.0,46596.0,23298.0,76.0,7,95.0,5,10,106178.0,401.0,7.004,308.176,0,566.0,866.0
2022,1087,13,spa,Belgium,1,847,russell,131,RUS,mercedes,5,4,44,110793.0,5182034.0,2.0,45802.0,22901.0,170.0,5,316.0,3,8,105776.0,401.0,7.004,308.176,0,1137.0,2662.0
2022,1087,13,spa,Belgium,1,848,albon,3,ALB,williams,6,10,44,113055.0,5254794.0,2.0,47749.0,23874.5,4.0,18,4.0,10,9,105837.0,401.0,7.004,308.176,0,31.0,31.0
2022,1087,13,spa,Belgium,11,849,latifi,3,LAT,williams,11,18,43,112256.0,,3.0,83407.0,27802.333333333332,0.0,20,4.0,10,17,,401.0,7.004,301.17199999999997,0,0.0,32.0
2022,1087,13,spa,Belgium,1,852,tsunoda,213,TSU,alphatauri,0,13,44,112436.0,5258111.0,2.0,54308.0,27154.0,11.0,16,29.0,8,19,,401.0,7.004,308.176,0,109.0,274.0
2022,1087,13,spa,Belgium,11,854,mick_schumacher,210,MSC,haas,19,17,43,112646.0,,2.0,49140.0,24570.0,12.0,15,34.0,7,15,,401.0,7.004,301.17199999999997,0,52.0,312.0
2022,1087,13,spa,Belgium,1,855,zhou,51,ZHO,alfa,18,14,44,112317.0,5259146.0,2.0,47108.0,23554.0,5.0,17,51.0,6,13,,401.0,7.004,308.176,0,34.0,510.0
2022,1088,39,zandvoort,Netherlands,1,1,hamilton,131,HAM,mercedes,4,4,72,73854.0,5815789.0,3.0,52365.0,17455.0,158.0,6,346.0,3,4,70648.0,6.0,4.259,306.648,0,1014.0,2804.0
2022,1088,39,zandvoort,Netherlands,1,4,alonso,214,ALO,alpine,13,6,72,74144.0,5821527.0,3.0,56841.0,18947.0,59.0,9,125.0,4,13,,6.0,4.259,306.648,0,293.0,968.0
2022,1088,39,zandvoort,Netherlands,1,20,vettel,117,VET,aston_martin,19,14,72,74862.0,5838780.0,4.0,74605.0,18651.25,20.0,12,25.0,9,19,,6.0,4.259,306.648,0,136.0,205.0
2022,1088,39,zandvoort,Netherlands,1,815,perez,9,PER,red_bull,5,5,72,74404.0,5820941.0,4.0,70936.0,17734.0,201.0,3,511.0,1,5,71077.0,6.0,4.259,306.648,0,1479.0,4161.0
2022,1088,39,zandvoort,Netherlands,1,817,ricciardo,1,RIC,mclaren,17,17,72,75577.0,5840537.0,5.0,93619.0,18723.8,19.0,13,101.0,5,17,,6.0,4.259,306.648,0,160.0,894.0
2022,1088,39,zandvoort,Netherlands,5,822,bottas,51,BOT,alfa,16,0,53,76844.0,,2.0,40790.0,20395.0,46.0,10,51.0,6,16,,6.0,4.259,225.72700000000003,0,440.0,510.0
2022,1088,39,zandvoort,Netherlands,1,825,kevin_magnussen,210,MAG,haas,18,15,72,75369.0,5839642.0,4.0,82333.0,20583.25,22.0,11,34.0,7,18,,6.0,4.259,306.648,0,186.0,326.0
2022,1088,39,zandvoort,Netherlands,1,830,max_verstappen,9,VER,red_bull,1,1,72,73652.0,5802773.0,4.0,73012.0,18253.0,310.0,1,511.0,1,1,70342.0,6.0,4.259,306.648,0,2034.0,4344.0
2022,1088,39,zandvoort,Netherlands,1,832,sainz,6,SAI,ferrari,3,8,72,74643.0,5823689.0,3.0,70362.0,23454.0,175.0,5,376.0,2,3,70434.0,6.0,4.259,306.648,0,1239.0,3257.0
2022,1088,39,zandvoort,Netherlands,1,839,ocon,214,OCO,alpine,12,9,72,75084.0,5823890.0,3.0,55098.0,18366.0,66.0,8,125.0,4,12,,6.0,4.259,306.648,0,465.0,1026.0
2022,1088,39,zandvoort,Netherlands,1,840,stroll,117,STR,aston_martin,10,10,72,75043.0,5825232.0,4.0,73678.0,18419.5,5.0,18,25.0,9,10,,6.0,4.259,306.648,0,32.0,212.0
2022,1088,39,zandvoort,Netherlands,1,842,gasly,213,GAS,alphatauri,11,11,72,75165.0,5829782.0,4.0,70034.0,17508.5,18.0,14,29.0,8,11,,6.0,4.259,306.648,0,144.0,276.0
2022,1088,39,zandvoort,Netherlands,1,844,leclerc,6,LEC,ferrari,2,3,72,74413.0,5813702.0,4.0,71748.0,17937.0,201.0,2,376.0,2,2,70363.0,6.0,4.259,306.648,0,1505.0,3368.0
2022,1088,39,zandvoort,Netherlands,1,846,norris,1,NOR,mclaren,7,7,72,74706.0,5822079.0,3.0,61684.0,20561.333333333332,82.0,7,101.0,5,7,71174.0,6.0,4.259,306.648,0,613.0,922.0
2022,1088,39,zandvoort,Netherlands,1,847,russell,131,RUS,mercedes,6,2,72,73671.0,5806844.0,3.0,61464.0,20488.0,188.0,4,346.0,3,6,71147.0,6.0,4.259,306.648,0,1266.0,2946.0
2022,1088,39,zandvoort,Netherlands,1,848,albon,3,ALB,williams,15,12,72,75534.0,5833163.0,4.0,73858.0,18464.5,4.0,19,4.0,10,15,,6.0,4.259,306.648,0,32.0,33.0
2022,1088,39,zandvoort,Netherlands,11,849,latifi,3,LAT,williams,20,18,71,76066.0,,4.0,75527.0,18881.75,0.0,20,4.0,10,20,,6.0,4.259,302.389,0,0.0,34.0
2022,1088,39,zandvoort,Netherlands,24,852,tsunoda,213,TSU,alphatauri,9,0,43,77138.0,,3.0,90751.0,30250.333333333332,11.0,16,29.0,8,9,72556.0,6.0,4.259,183.137,0,110.0,278.0
2022,1088,39,zandvoort,Netherlands,1,854,mick_schumacher,210,MSC,haas,8,13,72,75233.0,5835768.0,4.0,83054.0,20763.5,12.0,15,34.0,7,8,71442.0,6.0,4.259,306.648,0,64.0,340.0
2022,1088,39,zandvoort,Netherlands,1,855,zhou,51,ZHO,alfa,14,16,72,75940.0,5840093.0,4.0,79297.0,19824.25,5.0,17,51.0,6,14,,6.0,4.259,306.648,0,38.0,510.0
2022,1089,14,monza,Italy,1,1,hamilton,131,HAM,mercedes,19,5,53,84434.0,4832891.0,1.0,24282.0,24282.0,168.0,6,371.0,3,5,81524.0,162.0,5.793,307.029,0,1136.0,3080.0
2022,1089,14,monza,Italy,34,4,alonso,214,ALO,alpine,6,0,31,87203.0,,0.0,0.0,0.0,59.0,9,125.0,4,10,,162.0,5.793,179.583,0,348.0,1070.0
2022,1089,14,monza,Italy,5,20,vettel,117,VET,aston_martin,11,0,10,87501.0,,0.0,0.0,0.0,20.0,13,25.0,9,17,,162.0,5.793,57.93,0,152.0,219.0
2022,1089,14,monza,Italy,1,815,perez,9,PER,red_bull,13,6,53,84030.0,4833602.0,2.0,46997.0,23498.5,210.0,3,545.0,1,4,81206.0,162.0,5.793,307.029,0,1604.0,4530.0
2022,1089,14,monza,Italy,44,817,ricciardo,1,RIC,mclaren,4,0,45,86603.0,,1.0,25164.0,25164.0,19.0,14,107.0,5,8,81925.0,162.0,5.793,260.685,0,168.0,948.0
2022,1089,14,monza,Italy,11,822,bottas,51,BOT,alfa,15,13,52,85706.0,,1.0,24758.0,24758.0,46.0,10,52.0,6,12,,162.0,5.793,301.236,0,448.0,511.0
2022,1089,14,monza,Italy,11,825,kevin_magnussen,210,MAG,haas,16,16,52,86798.0,,2.0,55010.0,27505.0,22.0,12,34.0,7,19,,162.0,5.793,301.236,0,193.0,340.0
2022,1089,14,monza,Italy,1,830,max_verstappen,9,VER,red_bull,7,1,53,84745.0,4827511.0,2.0,47882.0,23941.0,335.0,1,545.0,1,2,80306.0,162.0,5.793,307.029,0,2259.0,4716.0
2022,1089,14,monza,Italy,1,832,sainz,6,SAI,ferrari,18,4,53,84446.0,4832572.0,2.0,48253.0,24126.5,187.0,5,406.0,2,3,80429.0,162.0,5.793,307.029,0,1361.0,3471.0
2022,1089,14,monza,Italy,1,839,ocon,214,OCO,alpine,14,11,53,86593.0,4835834.0,1.0,24336.0,24336.0,66.0,8,125.0,4,11,,162.0,5.793,307.029,0,501.0,1114.0
2022,1089,14,monza,Italy,5,840,stroll,117,STR,aston_martin,12,0,39,87467.0,,1.0,24254.0,24254.0,5.0,18,25.0,9,18,,162.0,5.793,225.927,0,35.0,226.0
2022,1089,14,monza,Italy,1,842,gasly,213,GAS,alphatauri,5,8,53,86718.0,4833907.0,1.0,25376.0,25376.0,22.0,11,33.0,8,9,82648.0,162.0,5.793,307.029,0,160.0,284.0
2022,1089,14,monza,Italy,1,844,leclerc,6,LEC,ferrari,1,2,53,84336.0,4829957.0,3.0,71154.0,23718.0,219.0,2,406.0,2,1,80161.0,162.0,5.793,307.029,0,1620.0,3574.0
2022,1089,14,monza,Italy,1,846,norris,1,NOR,mclaren,3,7,53,84718.0,4833718.0,2.0,51498.0,25749.0,88.0,7,107.0,5,7,81584.0,162.0,5.793,307.029,0,662.0,974.0
2022,1089,14,monza,Italy,1,847,russell,131,RUS,mercedes,2,3,53,85288.0,4830916.0,2.0,49189.0,24594.5,203.0,4,371.0,3,6,81542.0,162.0,5.793,307.029,0,1395.0,3214.0
2022,1089,14,monza,Italy,11,849,latifi,3,LAT,williams,10,15,52,86798.0,,2.0,51045.0,25522.5,0.0,21,6.0,10,16,,162.0,5.793,301.236,0,0.0,37.0
2022,1089,14,monza,Italy,11,852,tsunoda,213,TSU,alphatauri,20,14,52,86857.0,,2.0,47913.0,23956.5,11.0,16,33.0,8,15,,162.0,5.793,301.236,0,110.0,290.0
2022,1089,14,monza,Italy,1,854,mick_schumacher,210,MSC,haas,17,12,53,85298.0,4836060.0,1.0,24817.0,24817.0,12.0,15,34.0,7,20,,162.0,5.793,307.029,0,76.0,340.0
2022,1089,14,monza,Italy,1,855,zhou,51,ZHO,alfa,9,10,53,86361.0,4835421.0,1.0,25366.0,25366.0,6.0,17,52.0,6,14,,162.0,5.793,307.029,0,43.0,512.0
2022,1089,14,monza,Italy,1,856,de_vries,3,DEV,williams,8,9,53,86624.0,4834633.0,1.0,24628.0,24628.0,2.0,20,6.0,10,13,,162.0,5.793,307.029,0,2.0,40.0
2022,1091,15,marina_bay,Singapore,1,1,hamilton,131,HAM,mercedes,3,9,59,110622.0,7401753.0,1.0,41019.0,41019.0,170.0,6,373.0,3,3,109466.0,18.0,5.063,298.717,1,1256.0,3317.0
2022,1091,15,marina_bay,Singapore,5,4,alonso,214,ALO,alpine,5,0,20,120463.0,,0.0,0.0,0.0,59.0,9,125.0,5,5,109966.0,18.0,5.063,101.25999999999999,1,397.0,1146.0
2022,1091,15,marina_bay,Singapore,1,20,vettel,117,VET,aston_martin,13,8,59,110669.0,7400270.0,1.0,29704.0,29704.0,24.0,12,37.0,7,14,,18.0,5.063,298.717,1,171.0,244.0
2022,1091,15,marina_bay,Singapore,1,815,perez,9,PER,red_bull,2,1,59,108165.0,7340238.0,1.0,29550.0,29550.0,235.0,3,576.0,1,2,109434.0,18.0,5.063,298.717,1,1729.0,4896.0
2022,1091,15,marina_bay,Singapore,1,817,ricciardo,1,RIC,mclaren,16,5,59,111006.0,7393520.0,1.0,30946.0,30946.0,29.0,11,129.0,4,17,,18.0,5.063,298.717,1,186.0,1014.0
2022,1091,15,marina_bay,Singapore,1,822,bottas,51,BOT,alfa,15,11,59,111864.0,7429082.0,1.0,32167.0,32167.0,46.0,10,52.0,6,16,,18.0,5.063,298.717,1,454.0,513.0
2022,1091,15,marina_bay,Singapore,1,825,kevin_magnussen,210,MAG,haas,9,12,59,112067.0,7432848.0,2.0,71850.0,35925.0,22.0,14,34.0,8,9,111573.0,18.0,5.063,298.717,1,200.0,340.0
2022,1091,15,marina_bay,Singapore,1,830,max_verstappen,9,VER,red_bull,8,7,59,109142.0,7399063.0,2.0,59182.0,29591.0,341.0,1,576.0,1,8,111395.0,18.0,5.063,298.717,1,2475.0,5076.0
2022,1091,15,marina_bay,Singapore,1,832,sainz,6,SAI,ferrari,4,3,59,108414.0,7350543.0,1.0,30603.0,30603.0,202.0,5,439.0,2,4,109583.0,18.0,5.063,298.717,1,1480.0,3699.0
2022,1091,15,marina_bay,Singapore,5,839,ocon,214,OCO,alpine,17,0,26,121105.0,,0.0,0.0,0.0,66.0,8,125.0,5,18,,18.0,5.063,131.638,1,537.0,1178.0
2022,1091,15,marina_bay,Singapore,1,840,stroll,117,STR,aston_martin,11,6,59,110283.0,7396568.0,1.0,29863.0,29863.0,13.0,15,37.0,7,12,,18.0,5.063,298.717,1,46.0,262.0
2022,1091,15,marina_bay,Singapore,1,842,gasly,213,GAS,alphatauri,7,10,59,110569.0,7409814.0,1.0,29867.0,29867.0,23.0,13,34.0,9,7,111211.0,18.0,5.063,298.717,1,177.0,297.0
2022,1091,15,marina_bay,Singapore,1,844,leclerc,6,LEC,ferrari,1,2,59,108753.0,7342833.0,1.0,32058.0,32058.0,237.0,2,439.0,2,1,109412.0,18.0,5.063,298.717,1,1741.0,3824.0
2022,1091,15,marina_bay,Singapore,1,846,norris,1,NOR,mclaren,6,4,59,109212.0,7361371.0,1.0,30528.0,30528.0,100.0,7,129.0,4,6,110584.0,18.0,5.063,298.717,1,714.0,1054.0
2022,1091,15,marina_bay,Singapore,12,847,russell,131,RUS,mercedes,0,14,57,106458.0,,4.0,123195.0,30798.75,203.0,4,373.0,3,11,,18.0,5.063,288.591,1,1514.0,3420.0
2022,1091,15,marina_bay,Singapore,130,848,albon,3,ALB,williams,18,0,25,122121.0,,0.0,0.0,0.0,4.0,19,6.0,10,19,,18.0,5.063,126.57499999999999,1,33.0,43.0
2022,1091,15,marina_bay,Singapore,130,849,latifi,3,LAT,williams,19,0,7,125585.0,,0.0,0.0,0.0,0.0,21,6.0,10,20,,18.0,5.063,35.440999999999995,1,0.0,46.0
2022,1091,15,marina_bay,Singapore,3,852,tsunoda,213,TSU,alphatauri,10,0,34,118716.0,,1.0,31293.0,31293.0,11.0,17,34.0,9,10,111983.0,18.0,5.063,172.142,1,110.0,304.0
2022,1091,15,marina_bay,Singapore,11,854,mick_schumacher,210,MSC,haas,12,13,58,110290.0,,2.0,65923.0,32961.5,12.0,16,34.0,8,13,,18.0,5.063,293.654,1,88.0,340.0
2022,1091,15,marina_bay,Singapore,4,855,zhou,51,ZHO,alfa,14,0,6,125556.0,,0.0,0.0,0.0,6.0,18,52.0,6,15,,18.0,5.063,30.378,1,48.0,514.0
2022,1092,22,suzuka,Japan,1,1,hamilton,131,HAM,mercedes,6,5,28,105530.0,10944330.0,2.0,421563.0,210781.5,180.0,6,387.0,3,6,90261.0,45.0,5.807,162.596,0,1374.0,3503.0
2022,1092,22,suzuka,Japan,1,4,alonso,214,ALO,alpine,7,7,28,104412.0,10950373.0,3.0,445066.0,148355.33333333334,65.0,9,143.0,4,7,90322.0,45.0,5.807,162.596,0,446.0,1222.0
2022,1092,22,suzuka,Japan,1,20,vettel,117,VET,aston_martin,9,6,28,106964.0,10950362.0,2.0,433865.0,216932.5,32.0,11,45.0,7,9,90554.0,45.0,5.807,162.596,0,190.0,287.0
2022,1092,22,suzuka,Japan,1,815,perez,9,PER,red_bull,4,2,28,106120.0,10931070.0,2.0,417839.0,208919.5,253.0,2,619.0,1,4,89709.0,45.0,5.807,162.596,0,1853.0,5264.0
2022,1092,22,suzuka,Japan,1,817,ricciardo,1,RIC,mclaren,11,11,28,107843.0,10976881.0,2.0,427126.0,213563.0,29.0,12,130.0,5,11,,45.0,5.807,162.596,0,200.0,1089.0
2022,1092,22,suzuka,Japan,1,822,bottas,51,BOT,alfa,12,15,28,107820.0,10990500.0,2.0,432422.0,216211.0,46.0,10,52.0,6,12,,45.0,5.807,162.596,0,460.0,515.0
2022,1092,22,suzuka,Japan,1,825,kevin_magnussen,210,MAG,haas,18,14,28,108072.0,10990020.0,2.0,427623.0,213811.5,22.0,14,34.0,8,18,,45.0,5.807,162.596,0,207.0,340.0
2022,1092,22,suzuka,Japan,1,830,max_verstappen,9,VER,red_bull,1,1,28,104911.0,10904004.0,2.0,411707.0,205853.5,366.0,1,619.0,1,1,89304.0,45.0,5.807,162.596,0,2691.0,5452.0
2022,1092,22,suzuka,Japan,3,832,sainz,6,SAI,ferrari,3,0,0,,,0.0,0.0,0.0,202.0,5,454.0,2,3,89361.0,45.0,5.807,0.0,0,1599.0,3944.0
2022,1092,22,suzuka,Japan,1,839,ocon,214,OCO,alpine,5,4,28,106559.0,10943689.0,2.0,418773.0,209386.5,78.0,8,143.0,4,5,90165.0,45.0,5.807,162.596,0,584.0,1266.0
2022,1092,22,suzuka,Japan,1,840,stroll,117,STR,aston_martin,19,12,28,105205.0,10977908.0,3.0,448338.0,149446.0,13.0,15,45.0,7,19,,45.0,5.807,162.596,0,57.0,312.0
2022,1092,22,suzuka,Japan,1,842,gasly,213,GAS,alphatauri,17,18,28,106545.0,11012095.0,4.0,499262.0,124815.5,23.0,13,34.0,9,17,,45.0,5.807,162.596,0,184.0,311.0
2022,1092,22,suzuka,Japan,1,844,leclerc,6,LEC,ferrari,2,3,28,104489.0,10935767.0,2.0,415872.0,207936.0,252.0,3,454.0,2,2,89314.0,45.0,5.807,162.596,0,1877.0,4064.0
2022,1092,22,suzuka,Japan,1,846,norris,1,NOR,mclaren,10,10,28,108175.0,10974786.0,2.0,430851.0,215425.5,101.0,7,130.0,5,10,91003.0,45.0,5.807,162.596,0,765.0,1124.0
2022,1092,22,suzuka,Japan,1,847,russell,131,RUS,mercedes,8,8,28,107004.0,10951665.0,2.0,429785.0,214892.5,207.0,4,387.0,3,8,90389.0,45.0,5.807,162.596,0,1622.0,3586.0
2022,1092,22,suzuka,Japan,9,848,albon,3,ALB,williams,16,0,0,,,0.0,0.0,0.0,4.0,19,8.0,10,16,,45.0,5.807,0.0,0,34.0,51.0
2022,1092,22,suzuka,Japan,1,849,latifi,3,LAT,williams,20,9,28,108371.0,10974147.0,2.0,432458.0,216229.0,2.0,20,8.0,10,20,,45.0,5.807,162.596,0,2.0,56.0
2022,1092,22,suzuka,Japan,1,852,tsunoda,213,TSU,alphatauri,13,13,28,105893.0,10979603.0,3.0,450673.0,150224.33333333334,11.0,17,34.0,9,13,,45.0,5.807,162.596,0,110.0,318.0
2022,1092,22,suzuka,Japan,1,854,mick_schumacher,210,MSC,haas,15,17,28,105387.0,10996527.0,2.0,425465.0,212732.5,12.0,16,34.0,8,15,,45.0,5.807,162.596,0,100.0,340.0
2022,1092,22,suzuka,Japan,1,855,zhou,51,ZHO,alfa,14,16,28,104411.0,10991047.0,3.0,458834.0,152944.66666666666,6.0,18,52.0,6,14,,45.0,5.807,162.596,0,53.0,516.0
2022,1093,69,americas,USA,1,1,hamilton,131,HAM,mercedes,3,2,56,99830.0,6136710.0,2.0,48497.0,24248.5,198.0,6,416.0,3,5,94947.0,161.0,5.513,308.728,0,1495.0,3686.0
2022,1093,69,americas,USA,1,4,alonso,214,ALO,alpine,14,7,56,101538.0,6186765.0,2.0,63577.0,31788.5,71.0,9,149.0,4,9,95876.0,161.0,5.513,308.728,0,499.0,1300.0
2022,1093,69,americas,USA,1,20,vettel,117,VET,aston_martin,10,8,56,102546.0,6197041.0,2.0,62464.0,31232.0,36.0,11,49.0,7,12,,161.0,5.513,308.728,0,213.0,337.0
2022,1093,69,americas,USA,1,815,perez,9,PER,red_bull,9,4,56,99563.0,6139980.0,2.0,48204.0,24102.0,265.0,3,656.0,1,4,94645.0,161.0,5.513,308.728,0,1989.0,5633.0
2022,1093,69,americas,USA,1,817,ricciardo,1,RIC,mclaren,15,16,56,102420.0,6222174.0,2.0,50642.0,25321.0,29.0,12,138.0,5,17,,161.0,5.513,308.728,0,214.0,1167.0
2022,1093,69,americas,USA,20,822,bottas,51,BOT,alfa,7,0,16,103391.0,,1.0,25013.0,25013.0,46.0,10,52.0,6,10,96319.0,161.0,5.513,88.208,0,460.0,517.0
2022,1093,69,americas,USA,1,825,kevin_magnussen,210,MAG,haas,13,9,56,102206.0,6197521.0,1.0,29039.0,29039.0,24.0,13,36.0,8,16,,161.0,5.513,308.728,0,216.0,342.0
2022,1093,69,americas,USA,1,830,max_verstappen,9,VER,red_bull,2,1,56,99541.0,6131687.0,2.0,56120.0,28060.0,391.0,1,656.0,1,3,94448.0,161.0,5.513,308.728,0,2907.0,5814.0
2022,1093,69,americas,USA,130,832,sainz,6,SAI,ferrari,1,0,1,,,0.0,0.0,0.0,202.0,5,469.0,2,1,94356.0,161.0,5.513,5.513,0,1699.0,4176.0
2022,1093,69,americas,USA,1,839,ocon,214,OCO,alpine,0,11,56,102394.0,6204562.0,2.0,49527.0,24763.5,78.0,8,149.0,4,18,,161.0,5.513,308.728,0,623.0,1334.0
2022,1093,69,americas,USA,4,840,stroll,117,STR,aston_martin,5,0,21,103080.0,,1.0,25417.0,25417.0,13.0,15,49.0,7,7,95598.0,161.0,5.513,115.773,0,67.0,362.0
2022,1093,69,americas,USA,1,842,gasly,213,GAS,alphatauri,11,14,56,102320.0,6213450.0,2.0,52588.0,26294.0,23.0,14,35.0,9,13,,161.0,5.513,308.728,0,191.0,324.0
2022,1093,69,americas,USA,1,844,leclerc,6,LEC,ferrari,12,3,56,99731.0,6139188.0,2.0,48069.0,24034.5,267.0,2,469.0,2,2,94421.0,161.0,5.513,308.728,0,2018.0,4288.0
2022,1093,69,americas,USA,1,846,norris,1,NOR,mclaren,6,6,56,101322.0,6185472.0,2.0,47728.0,23864.0,109.0,7,138.0,5,8,95690.0,161.0,5.513,308.728,0,824.0,1210.0
2022,1093,69,americas,USA,1,847,russell,131,RUS,mercedes,4,5,56,98788.0,6176502.0,3.0,78494.0,26164.666666666668,218.0,4,416.0,3,6,94988.0,161.0,5.513,308.728,0,1729.0,3786.0
2022,1093,69,americas,USA,1,848,albon,3,ALB,williams,8,13,56,101674.0,6211744.0,2.0,48935.0,24467.5,4.0,19,8.0,10,11,,161.0,5.513,308.728,0,35.0,60.0
2022,1093,69,americas,USA,1,849,latifi,3,LAT,williams,17,17,56,103485.0,6235275.0,2.0,49516.0,24758.0,2.0,20,8.0,10,20,,161.0,5.513,308.728,0,4.0,64.0
2022,1093,69,americas,USA,1,852,tsunoda,213,TSU,alphatauri,19,10,56,101243.0,6202606.0,2.0,46929.0,23464.5,12.0,17,35.0,9,15,,161.0,5.513,308.728,0,111.0,330.0
2022,1093,69,americas,USA,1,854,mick_schumacher,210,MSC,haas,16,15,56,101804.0,6216177.0,2.0,49860.0,24930.0,12.0,16,36.0,8,19,,161.0,5.513,308.728,0,112.0,344.0
2022,1093,69,americas,USA,1,855,zhou,51,ZHO,alfa,18,12,56,102471.0,6207851.0,2.0,52341.0,26170.5,6.0,18,52.0,6,14,,161.0,5.513,308.728,0,54.0,518.0
2022,1094,32,rodriguez,Mexico,1,1,hamilton,131,HAM,mercedes,3,2,71,82062.0,5931915.0,1.0,23194.0,23194.0,216.0,5,447.0,3,3,78084.0,2227.0,4.304,305.584,0,1618.0,3887.0
2022,1094,32,rodriguez,Mexico,5,4,alonso,214,ALO,alpine,9,19,63,82866.0,,1.0,23159.0,23159.0,71.0,9,153.0,4,9,78939.0,2227.0,4.304,271.15200000000004,0,542.0,1362.0
2022,1094,32,rodriguez,Mexico,11,20,vettel,117,VET,aston_martin,16,14,70,83086.0,,1.0,22534.0,22534.0,36.0,11,49.0,7,17,,2227.0,4.304,301.28000000000003,0,234.0,386.0
2022,1094,32,rodriguez,Mexico,1,815,perez,9,PER,red_bull,4,3,71,81775.0,5934826.0,1.0,24892.0,24892.0,280.0,2,696.0,1,4,78128.0,2227.0,4.304,305.584,0,2122.0,5999.0
2022,1094,32,rodriguez,Mexico,11,817,ricciardo,1,RIC,mclaren,11,7,70,82022.0,,1.0,22280.0,22280.0,35.0,12,146.0,5,11,,2227.0,4.304,301.28000000000003,0,234.0,1255.0
2022,1094,32,rodriguez,Mexico,11,822,bottas,51,BOT,alfa,6,10,70,83363.0,,1.0,23863.0,23863.0,47.0,10,53.0,6,6,78401.0,2227.0,4.304,301.28000000000003,0,461.0,520.0
2022,1094,32,rodriguez,Mexico,11,825,kevin_magnussen,210,MAG,haas,19,17,70,83300.0,,1.0,23722.0,23722.0,24.0,13,36.0,8,15,,2227.0,4.304,301.28000000000003,0,224.0,346.0
2022,1094,32,rodriguez,Mexico,1,830,max_verstappen,9,VER,red_bull,1,1,71,82046.0,5916729.0,1.0,22487.0,22487.0,416.0,1,696.0,1,1,77775.0,2227.0,4.304,305.584,0,3142.0,6184.0
2022,1094,32,rodriguez,Mexico,1,832,sainz,6,SAI,ferrari,5,5,71,82199.0,5974852.0,1.0,23469.0,23469.0,212.0,6,487.0,2,5,78351.0,2227.0,4.304,305.584,0,1784.0,4399.0
2022,1094,32,rodriguez,Mexico,11,839,ocon,214,OCO,alpine,10,8,70,83279.0,,1.0,22343.0,22343.0,82.0,8,153.0,4,10,79010.0,2227.0,4.304,301.28000000000003,0,666.0,1390.0
2022,1094,32,rodriguez,Mexico,11,840,stroll,117,STR,aston_martin,20,15,70,82463.0,,2.0,46628.0,23314.0,13.0,15,49.0,7,18,,2227.0,4.304,301.28000000000003,0,77.0,410.0
2022,1094,32,rodriguez,Mexico,11,842,gasly,213,GAS,alphatauri,14,11,70,82277.0,,1.0,29168.0,29168.0,23.0,14,35.0,9,14,,2227.0,4.304,301.28000000000003,0,198.0,336.0
2022,1094,32,rodriguez,Mexico,1,844,leclerc,6,LEC,ferrari,7,6,71,82603.0,5985503.0,1.0,22193.0,22193.0,275.0,3,487.0,2,7,78555.0,2227.0,4.304,305.584,0,2155.0,4510.0
2022,1094,32,rodriguez,Mexico,11,846,norris,1,NOR,mclaren,8,9,70,83402.0,,1.0,22585.0,22585.0,111.0,7,146.0,5,8,78721.0,2227.0,4.304,301.28000000000003,0,877.0,1300.0
2022,1094,32,rodriguez,Mexico,1,847,russell,131,RUS,mercedes,2,4,71,80153.0,5966160.0,2.0,45913.0,22956.5,231.0,4,447.0,3,2,78079.0,2227.0,4.304,305.584,0,1849.0,3988.0
2022,1094,32,rodriguez,Mexico,11,848,albon,3,ALB,williams,17,12,70,82914.0,,1.0,23182.0,23182.0,4.0,19,8.0,10,19,,2227.0,4.304,301.28000000000003,0,36.0,68.0
2022,1094,32,rodriguez,Mexico,12,849,latifi,3,LAT,williams,18,18,69,83709.0,,2.0,47865.0,23932.5,2.0,20,8.0,10,20,,2227.0,4.304,296.976,0,6.0,72.0
2022,1094,32,rodriguez,Mexico,130,852,tsunoda,213,TSU,alphatauri,13,0,50,83403.0,,1.0,22468.0,22468.0,12.0,17,35.0,9,13,,2227.0,4.304,215.20000000000002,0,112.0,342.0
2022,1094,32,rodriguez,Mexico,11,854,mick_schumacher,210,MSC,haas,15,16,70,83641.0,,1.0,23679.0,23679.0,12.0,16,36.0,8,16,,2227.0,4.304,301.28000000000003,0,120.0,348.0
2022,1094,32,rodriguez,Mexico,11,855,zhou,51,ZHO,alfa,12,13,70,82260.0,,1.0,24218.0,24218.0,6.0,18,53.0,6,12,,2227.0,4.304,301.28000000000003,0,55.0,522.0
2022,1095,18,interlagos,Brazil,1,1,hamilton,131,HAM,mercedes,2,2,71,73942.0,5915573.0,2.0,47496.0,23748.0,240.0,5,505.0,3,8,72611.0,785.0,4.309,305.939,0,1749.0,4122.0
2022,1095,18,interlagos,Brazil,1,4,alonso,214,ALO,alpine,17,5,71,74164.0,5923605.0,3.0,76123.0,25374.333333333332,81.0,9,167.0,4,7,72504.0,785.0,4.309,305.939,0,594.0,1432.0
2022,1095,18,interlagos,Brazil,1,20,vettel,117,VET,aston_martin,9,11,71,75549.0,5940227.0,2.0,48276.0,24138.0,36.0,11,50.0,7,13,,785.0,4.309,305.939,0,255.0,435.0
2022,1095,18,interlagos,Brazil,1,815,perez,9,PER,red_bull,4,7,71,74283.0,5928124.0,2.0,46021.0,23010.5,290.0,3,719.0,1,9,75601.0,785.0,4.309,305.939,0,2261.0,6358.0
2022,1095,18,interlagos,Brazil,4,817,ricciardo,1,RIC,mclaren,11,0,0,,,0.0,0.0,0.0,35.0,12,148.0,5,14,,785.0,4.309,0.0,0,252.0,1341.0
2022,1095,18,interlagos,Brazil,1,822,bottas,51,BOT,alfa,14,9,71,75511.0,5936596.0,2.0,48524.0,24262.0,49.0,10,55.0,6,18,,785.0,4.309,305.939,0,464.0,525.0
2022,1095,18,interlagos,Brazil,4,825,kevin_magnussen,210,MAG,haas,8,0,0,,,0.0,0.0,0.0,25.0,13,37.0,8,1,71674.0,785.0,4.309,0.0,0,227.0,351.0
2022,1095,18,interlagos,Brazil,1,830,max_verstappen,9,VER,red_bull,3,6,71,74195.0,5924100.0,3.0,86726.0,28908.666666666668,429.0,1,719.0,1,2,71877.0,785.0,4.309,305.939,0,3363.0,6532.0
2022,1095,18,interlagos,Brazil,1,832,sainz,6,SAI,ferrari,7,3,71,73953.0,5918095.0,3.0,72505.0,24168.333333333332,234.0,6,524.0,2,5,72357.0,785.0,4.309,305.939,0,1885.0,4628.0
2022,1095,18,interlagos,Brazil,1,839,ocon,214,OCO,alpine,16,8,71,75093.0,5932734.0,2.0,48313.0,24156.5,86.0,8,167.0,4,6,72425.0,785.0,4.309,305.939,0,700.0,1474.0
2022,1095,18,interlagos,Brazil,1,840,stroll,117,STR,aston_martin,15,10,71,74831.0,5937596.0,2.0,47233.0,23616.5,14.0,15,50.0,7,15,,785.0,4.309,305.939,0,88.0,460.0
2022,1095,18,interlagos,Brazil,1,842,gasly,213,GAS,alphatauri,10,14,71,75327.0,5945911.0,3.0,69797.0,23265.666666666668,23.0,14,35.0,9,12,,785.0,4.309,305.939,0,205.0,344.0
2022,1095,18,interlagos,Brazil,1,844,leclerc,6,LEC,ferrari,5,4,71,74253.0,5922485.0,3.0,76376.0,25458.666666666668,290.0,2,524.0,2,10,,785.0,4.309,305.939,0,2275.0,4746.0
2022,1095,18,interlagos,Brazil,6,846,norris,1,NOR,mclaren,6,0,50,75855.0,,2.0,54007.0,27003.5,113.0,7,148.0,5,4,72263.0,785.0,4.309,215.45000000000002,0,926.0,1382.0
2022,1095,18,interlagos,Brazil,1,847,russell,131,RUS,mercedes,1,1,71,73785.0,5914044.0,2.0,47001.0,23500.5,265.0,4,505.0,3,3,72059.0,785.0,4.309,305.939,0,1986.0,4256.0
2022,1095,18,interlagos,Brazil,1,848,albon,3,ALB,williams,19,15,71,75613.0,5950060.0,3.0,71035.0,23678.333333333332,4.0,19,8.0,10,11,,785.0,4.309,305.939,0,37.0,74.0
2022,1095,18,interlagos,Brazil,1,849,latifi,3,LAT,williams,18,16,71,75327.0,5951082.0,3.0,76739.0,25579.666666666668,2.0,20,8.0,10,16,,785.0,4.309,305.939,0,8.0,76.0
2022,1095,18,interlagos,Brazil,11,852,tsunoda,213,TSU,alphatauri,0,17,70,75508.0,,3.0,70567.0,23522.333333333332,12.0,17,35.0,9,19,,785.0,4.309,301.63,0,113.0,346.0
2022,1095,18,interlagos,Brazil,1,854,mick_schumacher,210,MSC,haas,12,13,71,75251.0,5943943.0,2.0,49643.0,24821.5,12.0,16,37.0,8,20,,785.0,4.309,305.939,0,120.0,354.0
2022,1095,18,interlagos,Brazil,1,855,zhou,51,ZHO,alfa,13,12,71,75802.0,5943369.0,2.0,49443.0,24721.5,6.0,18,55.0,6,17,,785.0,4.309,305.939,0,56.0,528.0
2022,1096,24,yas_marina,UAE,9,1,hamilton,131,HAM,mercedes,5,18,55,89788.0,,1.0,21270.0,21270.0,240.0,6,515.0,3,5,84508.0,3.0,5.554,305.47,0,1862.0,4398.0
2022,1096,24,yas_marina,UAE,47,4,alonso,214,ALO,alpine,10,0,27,90579.0,,1.0,21740.0,21740.0,81.0,9,173.0,4,11,,3.0,5.554,149.958,0,638.0,1522.0
2022,1096,24,yas_marina,UAE,1,20,vettel,117,VET,aston_martin,9,10,58,90312.0,5349812.0,1.0,23186.0,23186.0,37.0,12,55.0,7,9,84961.0,3.0,5.554,322.132,0,277.0,478.0
2022,1096,24,yas_marina,UAE,1,815,perez,9,PER,red_bull,2,3,58,88972.0,5276007.0,2.0,42727.0,21363.5,305.0,3,759.0,1,2,84052.0,3.0,5.554,322.132,0,2403.0,6715.0
2022,1096,24,yas_marina,UAE,1,817,ricciardo,1,RIC,mclaren,13,9,58,90785.0,5349182.0,1.0,21893.0,21893.0,37.0,11,159.0,5,10,85045.0,3.0,5.554,322.132,0,270.0,1412.0
2022,1096,24,yas_marina,UAE,11,822,bottas,51,BOT,alfa,18,15,57,90352.0,,1.0,22573.0,22573.0,49.0,10,55.0,6,18,,3.0,5.554,316.57800000000003,0,467.0,531.0
2022,1096,24,yas_marina,UAE,11,825,kevin_magnussen,210,MAG,haas,16,17,57,91158.0,,1.0,22387.0,22387.0,25.0,13,37.0,8,16,,3.0,5.554,316.57800000000003,0,230.0,357.0
2022,1096,24,yas_marina,UAE,1,830,max_verstappen,9,VER,red_bull,1,1,58,89392.0,5265914.0,1.0,22735.0,22735.0,454.0,1,759.0,1,1,83824.0,3.0,5.554,322.132,0,3584.0,6898.0
2022,1096,24,yas_marina,UAE,1,832,sainz,6,SAI,ferrari,4,4,58,88879.0,5290806.0,2.0,43505.0,21752.5,246.0,5,554.0,2,4,84242.0,3.0,5.554,322.132,0,1987.0,4861.0
2022,1096,24,yas_marina,UAE,1,839,ocon,214,OCO,alpine,8,7,58,89333.0,5323154.0,2.0,43629.0,21814.5,92.0,8,173.0,4,8,84830.0,3.0,5.554,322.132,0,736.0,1570.0
2022,1096,24,yas_marina,UAE,1,840,stroll,117,STR,aston_martin,14,8,58,89620.0,5342845.0,2.0,43616.0,21808.0,18.0,15,55.0,7,14,,3.0,5.554,322.132,0,102.0,496.0
2022,1096,24,yas_marina,UAE,11,842,gasly,213,GAS,alphatauri,17,14,57,91081.0,,1.0,21855.0,21855.0,23.0,14,35.0,9,17,,3.0,5.554,316.57800000000003,0,212.0,347.0
2022,1096,24,yas_marina,UAE,1,844,leclerc,6,LEC,ferrari,3,2,58,89719.0,5274685.0,1.0,22210.0,22210.0,308.0,2,554.0,2,3,84092.0,3.0,5.554,322.132,0,2413.0,4976.0
2022,1096,24,yas_marina,UAE,1,846,norris,1,NOR,mclaren,7,6,58,88391.0,5322148.0,2.0,43793.0,21896.5,122.0,7,159.0,5,7,84769.0,3.0,5.554,322.132,0,978.0,1442.0
2022,1096,24,yas_marina,UAE,1,847,russell,131,RUS,mercedes,6,5,58,88836.0,5301802.0,2.0,52174.0,26087.0,275.0,4,515.0,3,6,84511.0,3.0,5.554,322.132,0,2118.0,4540.0
2022,1096,24,yas_marina,UAE,11,848,albon,3,ALB,williams,19,13,57,89939.0,,2.0,43591.0,21795.5,4.0,19,8.0,10,19,,3.0,5.554,316.57800000000003,0,38.0,78.0
2022,1096,24,yas_marina,UAE,130,849,latifi,3,LAT,williams,20,19,55,90309.0,,2.0,47597.0,23798.5,2.0,20,8.0,10,20,,3.0,5.554,305.47,0,10.0,80.0
2022,1096,24,yas_marina,UAE,1,852,tsunoda,213,TSU,alphatauri,11,11,58,89489.0,5355285.0,2.0,43853.0,21926.5,12.0,17,35.0,9,12,,3.0,5.554,322.132,0,114.0,348.0
2022,1096,24,yas_marina,UAE,11,854,mick_schumacher,210,MSC,haas,12,16,57,89833.0,,2.0,45806.0,22903.0,12.0,16,37.0,8,13,,3.0,5.554,316.57800000000003,0,120.0,360.0
2022,1096,24,yas_marina,UAE,11,855,zhou,51,ZHO,alfa,15,12,57,89600.0,,2.0,45594.0,22797.0,6.0,18,55.0,6,15,,3.0,5.554,316.57800000000003,0,57.0,534.0
2023,1098,3,bahrain,Bahrain,1,1,hamilton,131,HAM,mercedes,7,5,57,96546.0,5687713.0,2.0,49372.0,24686.0,10.0,5,16.0,3,7,90384.0,7.0,5.412,308.484,0,1726.0,4169.0
2023,1098,3,bahrain,Bahrain,1,4,alonso,117,ALO,aston_martin,5,3,57,96156.0,5675373.0,2.0,50669.0,25334.5,15.0,3,23.0,2,5,90336.0,7.0,5.412,308.484,0,612.0,474.0
2023,1098,3,bahrain,Bahrain,11,807,hulkenberg,210,HUL,haas,10,15,56,96616.0,,3.0,90924.0,30308.0,0.0,15,0.0,9,10,,7.0,5.412,303.072,0,162.0,326.0
2023,1098,3,bahrain,Bahrain,1,815,perez,9,PER,red_bull,2,2,57,96344.0,5648723.0,2.0,49355.0,24677.5,18.0,2,43.0,1,2,89846.0,7.0,5.412,308.484,0,2248.0,6322.0
2023,1098,3,bahrain,Bahrain,1,822,bottas,51,BOT,alfa,12,8,57,97379.0,5709383.0,2.0,51042.0,25521.0,4.0,8,4.0,5,12,,7.0,5.412,308.484,0,425.0,486.0
2023,1098,3,bahrain,Bahrain,11,825,kevin_magnussen,210,MAG,haas,17,13,56,96471.0,,3.0,75908.0,25302.666666666668,0.0,13,0.0,9,17,,7.0,5.412,303.072,0,208.0,292.0
2023,1098,3,bahrain,Bahrain,1,830,max_verstappen,9,VER,red_bull,1,1,57,96236.0,5636736.0,2.0,49199.0,24599.5,25.0,1,43.0,1,1,89708.0,7.0,5.412,308.484,0,3351.0,5746.0
2023,1098,3,bahrain,Bahrain,1,832,sainz,6,SAI,ferrari,4,4,57,97130.0,5684788.0,2.0,48727.0,24363.5,12.0,4,12.0,4,4,90154.0,7.0,5.412,308.484,0,1843.0,4534.0
2023,1098,3,bahrain,Bahrain,26,839,ocon,214,OCO,alpine,9,0,41,96797.0,,3.0,110946.0,36982.0,0.0,18,2.0,6,9,90984.0,7.0,5.412,221.892,0,678.0,1429.0
2023,1098,3,bahrain,Bahrain,1,840,stroll,117,STR,aston_martin,8,6,57,96546.0,5691238.0,2.0,50088.0,25044.0,8.0,6,23.0,2,8,90836.0,7.0,5.412,308.484,0,106.0,452.0
2023,1098,3,bahrain,Bahrain,1,842,gasly,214,GAS,alpine,20,9,57,95068.0,5710489.0,3.0,75500.0,25166.666666666668,2.0,9,2.0,6,20,,7.0,5.412,308.484,0,198.0,1288.0
2023,1098,3,bahrain,Bahrain,5,844,leclerc,6,LEC,ferrari,3,0,39,97170.0,,2.0,48989.0,24494.5,0.0,19,12.0,4,3,90000.0,7.0,5.412,211.06799999999998,0,2235.0,4092.0
2023,1098,3,bahrain,Bahrain,12,846,norris,1,NOR,mclaren,11,17,55,95822.0,,6.0,195334.0,32555.666666666668,0.0,17,0.0,10,11,,7.0,5.412,297.65999999999997,0,902.0,1312.0
2023,1098,3,bahrain,Bahrain,1,847,russell,131,RUS,mercedes,6,7,57,97221.0,5692609.0,2.0,51468.0,25734.0,6.0,7,16.0,3,6,90340.0,7.0,5.412,308.484,0,1966.0,3798.0
2023,1098,3,bahrain,Bahrain,1,848,albon,3,ALB,williams,15,10,57,97144.0,5726510.0,3.0,74432.0,24810.666666666668,1.0,10,1.0,7,15,,7.0,5.412,308.484,0,36.0,73.0
2023,1098,3,bahrain,Bahrain,1,852,tsunoda,213,TSU,alphatauri,14,11,57,96637.0,5727606.0,3.0,75457.0,25152.333333333332,0.0,11,0.0,8,14,,7.0,5.412,308.484,0,103.0,314.0
2023,1098,3,bahrain,Bahrain,11,855,zhou,51,ZHO,alfa,13,16,56,93996.0,,3.0,81236.0,27078.666666666668,0.0,16,4.0,5,13,,7.0,5.412,303.072,0,52.0,438.0
2023,1098,3,bahrain,Bahrain,11,856,de_vries,213,DEV,alphatauri,19,14,56,97709.0,,2.0,50252.0,25126.0,0.0,14,0.0,8,19,,7.0,5.412,303.072,0,2.0,280.0
2023,1098,3,bahrain,Bahrain,10,857,piastri,1,PIA,mclaren,18,0,13,100691.0,,0.0,0.0,0.0,0.0,20,0.0,10,18,,7.0,5.412,70.356,0,0.0,1182.0
2023,1098,3,bahrain,Bahrain,11,858,sargeant,3,SAR,williams,16,12,56,96037.0,,3.0,76317.0,25439.0,0.0,12,1.0,7,16,,7.0,5.412,303.072,0,0.0,66.0
2023,1099,77,jeddah,Saudi Arabia,1,1,hamilton,131,HAM,mercedes,7,5,50,92941.0,4905959.0,1.0,21102.0,21102.0,20.0,5,38.0,3,8,89223.0,15.0,6.174,308.70000000000005,1,1600.0,3420.0
2023,1099,77,jeddah,Saudi Arabia,1,4,alonso,117,ALO,aston_martin,2,3,50,92240.0,4895622.0,1.0,26879.0,26879.0,30.0,3,38.0,2,3,88730.0,15.0,6.174,308.70000000000005,1,591.0,441.0
2023,1099,77,jeddah,Saudi Arabia,1,807,hulkenberg,210,HUL,haas,10,12,50,93780.0,4945482.0,1.0,21567.0,21567.0,0.0,15,1.0,7,11,,15.0,6.174,308.70000000000005,1,127.0,257.0
2023,1099,77,jeddah,Saudi Arabia,1,815,perez,9,PER,red_bull,1,1,50,92188.0,4874894.0,1.0,20715.0,20715.0,43.0,2,87.0,1,1,88265.0,15.0,6.174,308.70000000000005,1,2100.0,5177.0
2023,1099,77,jeddah,Saudi Arabia,11,822,bottas,51,BOT,alfa,14,18,49,94384.0,,3.0,65504.0,21834.666666666668,4.0,9,4.0,6,14,,15.0,6.174,302.526,1,383.0,390.0
2023,1099,77,jeddah,Saudi Arabia,1,825,kevin_magnussen,210,MAG,haas,13,10,50,93374.0,4939720.0,1.0,20870.0,20870.0,1.0,12,1.0,7,13,,15.0,6.174,308.70000000000005,1,187.0,222.0
2023,1099,77,jeddah,Saudi Arabia,1,830,max_verstappen,9,VER,red_bull,15,2,50,91906.0,4880249.0,1.0,20824.0,20824.0,44.0,1,87.0,1,15,,15.0,6.174,308.70000000000005,1,3111.0,4608.0
2023,1099,77,jeddah,Saudi Arabia,1,832,sainz,6,SAI,ferrari,4,6,50,92822.0,4910770.0,1.0,20760.0,20760.0,20.0,4,26.0,4,5,88931.0,15.0,6.174,308.70000000000005,1,1692.0,3649.0
2023,1099,77,jeddah,Saudi Arabia,1,839,ocon,214,OCO,alpine,6,8,50,93222.0,4927726.0,1.0,20762.0,20762.0,4.0,10,8.0,5,7,89078.0,15.0,6.174,308.70000000000005,1,618.0,1147.0
2023,1099,77,jeddah,Saudi Arabia,5,840,stroll,117,STR,aston_martin,5,0,16,95140.0,,1.0,21150.0,21150.0,8.0,7,38.0,2,6,88945.0,15.0,6.174,98.784,1,110.0,430.0
2023,1099,77,jeddah,Saudi Arabia,1,842,gasly,214,GAS,alpine,9,9,50,93392.0,4929641.0,1.0,20719.0,20719.0,4.0,11,8.0,5,10,89357.0,15.0,6.174,308.70000000000005,1,184.0,1006.0
2023,1099,77,jeddah,Saudi Arabia,1,844,leclerc,6,LEC,ferrari,12,7,50,93056.0,4918056.0,1.0,20026.0,20026.0,6.0,8,26.0,4,2,88420.0,15.0,6.174,308.70000000000005,1,2055.0,3206.0
2023,1099,77,jeddah,Saudi Arabia,1,846,norris,1,NOR,mclaren,19,17,50,94122.0,4961339.0,2.0,50796.0,25398.0,0.0,20,0.0,10,19,,15.0,6.174,308.70000000000005,1,826.0,1044.0
2023,1099,77,jeddah,Saudi Arabia,1,847,russell,131,RUS,mercedes,3,4,50,92433.0,4900760.0,1.0,20828.0,20828.0,18.0,6,38.0,3,4,88857.0,15.0,6.174,308.70000000000005,1,1814.0,3042.0
2023,1099,77,jeddah,Saudi Arabia,23,848,albon,3,ALB,williams,17,0,27,95567.0,,1.0,21397.0,21397.0,1.0,13,1.0,8,17,,15.0,6.174,166.698,1,34.0,59.0
2023,1099,77,jeddah,Saudi Arabia,1,852,tsunoda,213,TSU,alphatauri,16,11,50,93931.0,4942388.0,1.0,21414.0,21414.0,0.0,14,0.0,9,16,,15.0,6.174,308.70000000000005,1,92.0,245.0
2023,1099,77,jeddah,Saudi Arabia,1,855,zhou,51,ZHO,alfa,11,13,50,93894.0,4950954.0,2.0,42985.0,21492.5,0.0,17,4.0,6,12,,15.0,6.174,308.70000000000005,1,47.0,342.0
2023,1099,77,jeddah,Saudi Arabia,1,856,de_vries,213,DEV,alphatauri,18,14,50,93609.0,4952372.0,1.0,21116.0,21116.0,0.0,18,0.0,9,18,,15.0,6.174,308.70000000000005,1,2.0,210.0
2023,1099,77,jeddah,Saudi Arabia,1,857,piastri,1,PIA,mclaren,8,15,50,94287.0,4959915.0,1.0,31534.0,31534.0,0.0,19,0.0,10,9,89243.0,15.0,6.174,308.70000000000005,1,0.0,906.0
2023,1099,77,jeddah,Saudi Arabia,1,858,sargeant,3,SAR,williams,20,16,50,94469.0,4961187.0,1.0,21064.0,21064.0,0.0,16,1.0,8,20,,15.0,6.174,308.70000000000005,1,0.0,52.0
2023,1100,1,albert_park,Australia,1,1,hamilton,131,HAM,mercedes,3,2,58,80613.0,9158550.0,3.0,3656286.0,1218762.0,38.0,4,56.0,3,3,77104.0,10.0,5.303,307.574,0,1480.0,2651.0
2023,1100,1,albert_park,Australia,1,4,alonso,117,ALO,aston_martin,4,3,58,80476.0,9159140.0,3.0,3646319.0,1215439.6666666667,45.0,3,65.0,2,4,77139.0,10.0,5.303,307.574,0,577.0,446.0
2023,1100,1,albert_park,Australia,1,807,hulkenberg,210,HUL,haas,10,7,58,81124.0,9163310.0,3.0,3676093.0,1225364.3333333333,6.0,9,7.0,7,10,77735.0,10.0,5.303,307.574,0,96.0,193.0
2023,1100,1,albert_park,Australia,1,815,perez,9,PER,red_bull,0,5,58,80235.0,9161691.0,5.0,3703013.0,740602.6,54.0,2,123.0,1,20,,10.0,5.303,307.574,0,1953.0,4035.0
2023,1100,1,albert_park,Australia,1,822,bottas,51,BOT,alfa,0,11,58,82233.0,9164884.0,6.0,3662236.0,610372.6666666666,4.0,11,6.0,8,19,,10.0,5.303,307.574,0,341.0,295.0
2023,1100,1,albert_park,Australia,3,825,kevin_magnussen,210,MAG,haas,14,17,52,81685.0,,2.0,961017.0,480508.5,1.0,17,7.0,7,14,,10.0,5.303,275.756,0,166.0,164.0
2023,1100,1,albert_park,Australia,1,830,max_verstappen,9,VER,red_bull,1,1,58,80342.0,9158371.0,3.0,3649370.0,1216456.6666666667,69.0,1,123.0,1,1,76732.0,10.0,5.303,307.574,0,2870.0,3462.0
2023,1100,1,albert_park,Australia,1,832,sainz,6,SAI,ferrari,5,12,58,80467.0,9164965.0,4.0,3691821.0,922955.25,20.0,5,26.0,4,5,77270.0,10.0,5.303,307.574,0,1537.0,2745.0
2023,1100,1,albert_park,Australia,4,839,ocon,214,OCO,alpine,11,14,56,81203.0,,3.0,1835789.0,611929.6666666666,4.0,12,8.0,6,11,,10.0,5.303,296.968,0,556.0,861.0
2023,1100,1,albert_park,Australia,1,840,stroll,117,STR,aston_martin,6,4,58,80934.0,9161453.0,3.0,3648200.0,1216066.6666666667,20.0,6,65.0,2,6,77308.0,10.0,5.303,307.574,0,125.0,462.0
2023,1100,1,albert_park,Australia,4,842,gasly,214,GAS,alpine,9,13,56,80995.0,,2.0,1802206.0,901103.0,4.0,14,8.0,6,9,77675.0,10.0,5.303,296.968,0,170.0,716.0
2023,1100,1,albert_park,Australia,4,844,leclerc,6,LEC,ferrari,7,0,0,,,0.0,0.0,0.0,6.0,10,26.0,4,7,77369.0,10.0,5.303,0.0,0,1860.0,2284.0
2023,1100,1,albert_park,Australia,1,846,norris,1,NOR,mclaren,13,6,58,81173.0,9162072.0,3.0,3679914.0,1226638.0,8.0,8,12.0,5,13,,10.0,5.303,307.574,0,752.0,772.0
2023,1100,1,albert_park,Australia,5,847,russell,131,RUS,mercedes,2,0,17,82680.0,,2.0,949970.0,474985.0,18.0,7,56.0,3,2,76968.0,10.0,5.303,90.151,0,1644.0,2260.0
2023,1100,1,albert_park,Australia,3,848,albon,3,ALB,williams,8,0,6,83349.0,,0.0,0.0,0.0,1.0,18,1.0,10,8,77609.0,10.0,5.303,31.817999999999998,0,31.0,45.0
2023,1100,1,albert_park,Australia,1,852,tsunoda,213,TSU,alphatauri,12,10,58,81789.0,9164423.0,4.0,3663107.0,915776.75,1.0,16,1.0,9,12,,10.0,5.303,307.574,0,82.0,176.0
2023,1100,1,albert_park,Australia,1,855,zhou,51,ZHO,alfa,17,9,58,81819.0,9164084.0,5.0,3685244.0,737048.8,2.0,15,6.0,8,17,,10.0,5.303,307.574,0,44.0,248.0
2023,1100,1,albert_park,Australia,4,856,de_vries,213,DEV,alphatauri,15,15,56,81183.0,,4.0,1755971.0,438992.75,0.0,20,1.0,9,15,,10.0,5.303,296.968,0,2.0,142.0
2023,1100,1,albert_park,Australia,1,857,piastri,1,PIA,mclaren,16,8,58,81335.0,9163753.0,4.0,3684862.0,921215.5,4.0,13,12.0,5,16,,10.0,5.303,307.574,0,4.0,638.0
2023,1100,1,albert_park,Australia,4,858,sargeant,3,SAR,williams,18,16,56,81456.0,,6.0,1800797.0,300132.8333333333,0.0,19,1.0,10,18,,10.0,5.303,296.968,0,0.0,38.0
2023,1101,73,baku,Azerbaijan,1,1,hamilton,131,HAM,mercedes,5,6,51,105346.0,5608581.0,1.0,20324.0,20324.0,48.0,4,76.0,3,5,101177.0,-7.0,6.003,306.153,1,1360.0,1831.0
2023,1101,73,baku,Azerbaijan,1,4,alonso,117,ALO,aston_martin,6,4,51,104241.0,5584460.0,1.0,23148.0,23148.0,60.0,3,87.0,2,6,101253.0,-7.0,6.003,306.153,1,578.0,499.0
2023,1101,73,baku,Azerbaijan,11,807,hulkenberg,210,HUL,haas,0,17,50,106731.0,,1.0,24748.0,24748.0,6.0,10,7.0,7,17,,-7.0,6.003,300.15,1,65.0,134.0
2023,1101,73,baku,Azerbaijan,1,815,perez,9,PER,red_bull,3,1,51,104589.0,5562436.0,1.0,20389.0,20389.0,87.0,2,180.0,1,3,100495.0,-7.0,6.003,306.153,1,1830.0,2923.0
2023,1101,73,baku,Azerbaijan,11,822,bottas,51,BOT,alfa,13,18,50,106304.0,,3.0,64333.0,21444.333333333332,4.0,12,6.0,8,14,,-7.0,6.003,300.15,1,299.0,199.0
2023,1101,73,baku,Azerbaijan,1,825,kevin_magnussen,210,MAG,haas,16,13,51,105850.0,5652165.0,1.0,30951.0,30951.0,1.0,18,7.0,7,18,,-7.0,6.003,306.153,1,145.0,104.0
2023,1101,73,baku,Azerbaijan,1,830,max_verstappen,9,VER,red_bull,2,2,51,104232.0,5564573.0,1.0,20707.0,20707.0,93.0,1,180.0,1,2,100391.0,-7.0,6.003,306.153,1,2628.0,2384.0
2023,1101,73,baku,Azerbaijan,1,832,sainz,6,SAI,ferrari,4,5,51,105175.0,5607927.0,1.0,21970.0,21970.0,34.0,5,62.0,4,4,101016.0,-7.0,6.003,306.153,1,1384.0,1822.0
2023,1101,73,baku,Azerbaijan,1,839,ocon,214,OCO,alpine,0,15,51,105908.0,5660230.0,1.0,20367.0,20367.0,4.0,13,8.0,6,12,,-7.0,6.003,306.153,1,494.0,557.0
2023,1101,73,baku,Azerbaijan,1,840,stroll,117,STR,aston_martin,9,7,51,105627.0,5614053.0,1.0,23161.0,23161.0,27.0,8,87.0,2,9,101611.0,-7.0,6.003,306.153,1,147.0,536.0
2023,1101,73,baku,Azerbaijan,1,842,gasly,214,GAS,alpine,17,14,51,105540.0,5653768.0,2.0,41404.0,20702.0,4.0,14,8.0,6,19,,-7.0,6.003,306.153,1,152.0,398.0
2023,1101,73,baku,Azerbaijan,1,844,leclerc,6,LEC,ferrari,1,3,51,104561.0,5583653.0,1.0,21126.0,21126.0,28.0,6,62.0,4,1,100203.0,-7.0,6.003,306.153,1,1669.0,1360.0
2023,1101,73,baku,Azerbaijan,1,846,norris,1,NOR,mclaren,7,9,51,105738.0,5642812.0,1.0,20346.0,20346.0,10.0,9,14.0,5,7,101281.0,-7.0,6.003,306.153,1,674.0,504.0
2023,1101,73,baku,Azerbaijan,1,847,russell,131,RUS,mercedes,11,8,51,103370.0,5636676.0,2.0,41848.0,20924.0,28.0,7,76.0,3,11,,-7.0,6.003,306.153,1,1469.0,1402.0
2023,1101,73,baku,Azerbaijan,1,848,albon,3,ALB,williams,12,12,51,105925.0,5651059.0,1.0,21103.0,21103.0,1.0,17,1.0,10,13,,-7.0,6.003,306.153,1,28.0,31.0
2023,1101,73,baku,Azerbaijan,1,852,tsunoda,213,TSU,alphatauri,8,10,51,105727.0,5646298.0,1.0,20497.0,20497.0,2.0,16,2.0,9,8,101581.0,-7.0,6.003,306.153,1,73.0,109.0
2023,1101,73,baku,Azerbaijan,25,855,zhou,51,ZHO,alfa,15,0,36,107553.0,,1.0,22247.0,22247.0,2.0,15,6.0,8,16,,-7.0,6.003,216.108,1,40.0,150.0
2023,1101,73,baku,Azerbaijan,3,856,de_vries,213,DEV,alphatauri,18,0,9,108781.0,,0.0,0.0,0.0,0.0,20,2.0,9,20,,-7.0,6.003,54.027,1,2.0,76.0
2023,1101,73,baku,Azerbaijan,1,857,piastri,1,PIA,mclaren,10,11,51,105631.0,5648937.0,1.0,20902.0,20902.0,4.0,11,14.0,5,10,101611.0,-7.0,6.003,306.153,1,8.0,370.0
2023,1101,73,baku,Azerbaijan,1,858,sargeant,3,SAR,williams,14,16,51,106501.0,5663379.0,1.0,21015.0,21015.0,0.0,19,1.0,10,15,,-7.0,6.003,306.153,1,0.0,24.0
2023,1102,79,miami,USA,1,1,hamilton,131,HAM,mercedes,13,6,57,90669.0,5309490.0,1.0,22150.0,22150.0,56.0,4,96.0,3,13,,0.0,5.41,308.37,1,1246.0,983.0
2023,1102,79,miami,USA,1,4,alonso,117,ALO,aston_martin,2,3,57,90519.0,5284546.0,1.0,22631.0,22631.0,75.0,3,102.0,2,2,87202.0,0.0,5.41,308.37,1,594.0,583.0
2023,1102,79,miami,USA,1,807,hulkenberg,210,HUL,haas,12,15,57,90901.0,5333191.0,1.0,23120.0,23120.0,6.0,11,8.0,7,12,,0.0,5.41,308.37,1,34.0,75.0
2023,1102,79,miami,USA,1,815,perez,9,PER,red_bull,1,2,57,90560.0,5263625.0,1.0,21884.0,21884.0,105.0,2,224.0,1,1,86841.0,0.0,5.41,308.37,1,1700.0,1849.0
2023,1102,79,miami,USA,1,822,bottas,51,BOT,alfa,10,13,57,91838.0,5329878.0,1.0,23158.0,23158.0,4.0,13,6.0,8,10,,0.0,5.41,308.37,1,257.0,101.0
2023,1102,79,miami,USA,1,825,kevin_magnussen,210,MAG,haas,4,10,57,91691.0,5321186.0,1.0,22616.0,22616.0,2.0,17,8.0,7,4,87767.0,0.0,5.41,308.37,1,125.0,46.0
2023,1102,79,miami,USA,1,830,max_verstappen,9,VER,red_bull,9,1,57,89708.0,5258241.0,1.0,22688.0,22688.0,119.0,1,224.0,1,9,,0.0,5.41,308.37,1,2406.0,1314.0
2023,1102,79,miami,USA,1,832,sainz,6,SAI,ferrari,3,5,57,91362.0,5300752.0,1.0,22278.0,22278.0,44.0,5,78.0,4,3,87349.0,0.0,5.41,308.37,1,1226.0,884.0
2023,1102,79,miami,USA,1,839,ocon,214,OCO,alpine,8,9,57,91143.0,5316364.0,1.0,21942.0,21942.0,6.0,12,14.0,6,8,87935.0,0.0,5.41,308.37,1,434.0,239.0
2023,1102,79,miami,USA,1,840,stroll,117,STR,aston_martin,18,12,57,90862.0,5322995.0,1.0,22651.0,22651.0,27.0,8,102.0,2,18,,0.0,5.41,308.37,1,161.0,630.0
2023,1102,79,miami,USA,1,842,gasly,214,GAS,alpine,5,8,57,91971.0,5313911.0,1.0,22417.0,22417.0,8.0,10,14.0,6,5,87786.0,0.0,5.41,308.37,1,137.0,80.0
2023,1102,79,miami,USA,1,844,leclerc,6,LEC,ferrari,7,7,57,91434.0,5311229.0,1.0,22068.0,22068.0,34.0,7,78.0,4,7,87861.0,0.0,5.41,308.37,1,1466.0,408.0
2023,1102,79,miami,USA,1,846,norris,1,NOR,mclaren,16,17,57,92401.0,5345958.0,1.0,24090.0,24090.0,10.0,9,14.0,5,16,,0.0,5.41,308.37,1,584.0,225.0
2023,1102,79,miami,USA,1,847,russell,131,RUS,mercedes,6,4,57,91015.0,5291470.0,1.0,22335.0,22335.0,40.0,6,96.0,3,6,87804.0,0.0,5.41,308.37,1,1306.0,564.0
2023,1102,79,miami,USA,1,848,albon,3,ALB,williams,11,14,57,91852.0,5331102.0,1.0,22482.0,22482.0,1.0,18,1.0,10,11,,0.0,5.41,308.37,1,25.0,17.0
2023,1102,79,miami,USA,1,852,tsunoda,213,TSU,alphatauri,17,11,57,91038.0,5322550.0,1.0,22390.0,22390.0,2.0,16,2.0,9,17,,0.0,5.41,308.37,1,64.0,43.0
2023,1102,79,miami,USA,1,855,zhou,51,ZHO,alfa,14,16,57,91736.0,5336681.0,1.0,22796.0,22796.0,2.0,15,6.0,8,14,,0.0,5.41,308.37,1,36.0,52.0
2023,1102,79,miami,USA,1,856,de_vries,213,DEV,alphatauri,15,18,57,91562.0,5347190.0,1.0,23487.0,23487.0,0.0,20,2.0,9,15,,0.0,5.41,308.37,1,2.0,10.0
2023,1102,79,miami,USA,11,857,piastri,1,PIA,mclaren,19,19,56,92006.0,,1.0,22205.0,22205.0,4.0,14,14.0,5,19,,0.0,5.41,302.96000000000004,1,12.0,80.0
2023,1102,79,miami,USA,11,858,sargeant,3,SAR,williams,20,20,56,92384.0,,1.0,48938.0,48938.0,0.0,19,1.0,10,20,,0.0,5.41,302.96000000000004,1,0.0,10.0
2023,1104,6,monaco,Monaco,1,1,hamilton,131,HAM,mercedes,5,4,78,75650.0,6571042.0,2.0,51279.0,25639.5,69.0,4,119.0,3,6,71725.0,7.0,3.337,260.286,1,1135.0,667.0
2023,1104,6,monaco,Monaco,1,4,alonso,117,ALO,aston_martin,2,2,78,76674.0,6559901.0,2.0,50330.0,25165.0,93.0,3,120.0,2,2,71449.0,7.0,3.337,260.286,1,622.0,727.0
2023,1104,6,monaco,Monaco,12,807,hulkenberg,210,HUL,haas,18,17,76,76991.0,,3.0,92891.0,30963.666666666668,6.0,12,8.0,7,18,,7.0,3.337,253.61200000000002,1,40.0,54.0
2023,1104,6,monaco,Monaco,12,815,perez,9,PER,red_bull,20,16,76,76269.0,,5.0,136656.0,27331.2,105.0,2,249.0,1,20,,7.0,3.337,253.61200000000002,1,1552.0,1520.0
2023,1104,6,monaco,Monaco,11,822,bottas,51,BOT,alfa,15,11,77,77824.0,,1.0,30395.0,30395.0,4.0,14,6.0,8,15,,7.0,3.337,256.949,1,215.0,54.0
2023,1104,6,monaco,Monaco,130,825,kevin_magnussen,210,MAG,haas,17,0,70,78351.0,,1.0,51052.0,51052.0,2.0,17,8.0,7,17,,7.0,3.337,233.59,1,105.0,62.0
2023,1104,6,monaco,Monaco,1,830,max_verstappen,9,VER,red_bull,1,1,78,76604.0,6531980.0,1.0,24798.0,24798.0,144.0,1,249.0,1,1,71365.0,7.0,3.337,260.286,1,2184.0,1726.0
2023,1104,6,monaco,Monaco,1,832,sainz,6,SAI,ferrari,4,8,78,76449.0,6595371.0,2.0,53552.0,26776.0,48.0,6,90.0,4,5,71630.0,7.0,3.337,260.286,1,1072.0,486.0
2023,1104,6,monaco,Monaco,1,839,ocon,214,OCO,alpine,3,3,78,76528.0,6568970.0,2.0,50540.0,25270.0,21.0,9,35.0,5,4,71553.0,7.0,3.337,260.286,1,377.0,113.0
2023,1104,6,monaco,Monaco,3,840,stroll,117,STR,aston_martin,14,0,53,77769.0,,1.0,24656.0,24656.0,27.0,8,120.0,2,14,,7.0,3.337,176.86100000000002,1,175.0,824.0
2023,1104,6,monaco,Monaco,1,842,gasly,214,GAS,alpine,7,7,78,75831.0,6594342.0,2.0,53851.0,26925.5,14.0,10,35.0,5,7,71933.0,7.0,3.337,260.286,1,128.0,146.0
2023,1104,6,monaco,Monaco,1,844,leclerc,6,LEC,ferrari,6,6,78,75773.0,6593870.0,2.0,49905.0,24952.5,42.0,7,90.0,4,3,71471.0,7.0,3.337,260.286,1,1256.0,564.0
2023,1104,6,monaco,Monaco,11,846,norris,1,NOR,mclaren,10,9,77,77844.0,,2.0,58091.0,29045.5,12.0,11,17.0,6,10,72254.0,7.0,3.337,256.949,1,495.0,97.0
2023,1104,6,monaco,Monaco,1,847,russell,131,RUS,mercedes,8,5,78,76798.0,6588264.0,1.0,30980.0,30980.0,50.0,5,119.0,3,8,71964.0,7.0,3.337,260.286,1,1149.0,770.0
2023,1104,6,monaco,Monaco,11,848,albon,3,ALB,williams,13,14,77,76672.0,,2.0,51280.0,25640.0,1.0,18,1.0,10,13,,7.0,3.337,256.949,1,22.0,10.0
2023,1104,6,monaco,Monaco,12,852,tsunoda,213,TSU,alphatauri,9,15,76,77680.0,,1.0,33706.0,33706.0,2.0,16,2.0,9,9,72082.0,7.0,3.337,253.61200000000002,1,55.0,12.0
2023,1104,6,monaco,Monaco,11,855,zhou,51,ZHO,alfa,19,13,77,76926.0,,2.0,51401.0,25700.5,2.0,15,6.0,8,19,,7.0,3.337,256.949,1,32.0,56.0
2023,1104,6,monaco,Monaco,11,856,de_vries,213,DEV,alphatauri,12,12,77,77561.0,,1.0,24539.0,24539.0,0.0,19,2.0,9,12,,7.0,3.337,256.949,1,2.0,14.0
2023,1104,6,monaco,Monaco,11,857,piastri,1,PIA,mclaren,11,10,77,77513.0,,1.0,25851.0,25851.0,5.0,13,17.0,6,11,,7.0,3.337,256.949,1,17.0,114.0
2023,1104,6,monaco,Monaco,12,858,sargeant,3,SAR,williams,16,18,76,77302.0,,3.0,78096.0,26032.0,0.0,20,1.0,10,16,,7.0,3.337,253.61200000000002,1,0.0,10.0
2023,1105,4,catalunya,Spain,1,1,hamilton,131,HAM,mercedes,4,2,66,76676.0,5302030.0,2.0,45306.0,22653.0,87.0,4,152.0,2,5,72818.0,109.0,4.657,307.362,0,1024.0,884.0
2023,1105,4,catalunya,Spain,1,4,alonso,117,ALO,aston_martin,8,7,66,78083.0,5342067.0,2.0,45454.0,22727.0,99.0,3,134.0,3,9,73507.0,109.0,4.657,307.362,0,650.0,920.0
2023,1105,4,catalunya,Spain,11,807,hulkenberg,210,HUL,haas,7,15,65,78776.0,,3.0,70039.0,23346.333333333332,6.0,12,8.0,7,8,73229.0,109.0,4.657,302.705,0,40.0,69.0
2023,1105,4,catalunya,Spain,1,815,perez,9,PER,red_bull,11,4,66,76666.0,5313752.0,2.0,43312.0,21656.0,117.0,2,287.0,1,11,,109.0,4.657,307.362,0,1404.0,1926.0
2023,1105,4,catalunya,Spain,11,822,bottas,51,BOT,alfa,16,19,65,78242.0,,2.0,47788.0,23894.0,4.0,14,8.0,8,16,,109.0,4.657,302.705,0,173.0,60.0
2023,1105,4,catalunya,Spain,11,825,kevin_magnussen,210,MAG,haas,17,18,65,78069.0,,3.0,69215.0,23071.666666666668,2.0,17,8.0,7,17,,109.0,4.657,302.705,0,83.0,76.0
2023,1105,4,catalunya,Spain,1,830,max_verstappen,9,VER,red_bull,1,1,66,76330.0,5277940.0,2.0,44598.0,22299.0,170.0,1,287.0,1,1,72272.0,109.0,4.657,307.362,0,1963.0,2126.0
2023,1105,4,catalunya,Spain,1,832,sainz,6,SAI,ferrari,2,5,66,78403.0,5323638.0,2.0,44696.0,22348.0,58.0,6,100.0,4,2,72734.0,109.0,4.657,307.362,0,928.0,638.0
2023,1105,4,catalunya,Spain,1,839,ocon,214,OCO,alpine,6,8,66,78946.0,5347182.0,2.0,46222.0,23111.0,25.0,9,40.0,5,7,73083.0,109.0,4.657,307.362,0,324.0,178.0
2023,1105,4,catalunya,Spain,1,840,stroll,117,STR,aston_martin,5,6,66,78722.0,5341260.0,2.0,45726.0,22863.0,35.0,8,134.0,3,6,72994.0,109.0,4.657,307.362,0,197.0,1016.0
2023,1105,4,catalunya,Spain,1,842,gasly,214,GAS,alpine,10,10,66,78375.0,5351470.0,2.0,46998.0,23499.0,15.0,10,40.0,5,4,72816.0,109.0,4.657,307.362,0,120.0,210.0
2023,1105,4,catalunya,Spain,1,844,leclerc,6,LEC,ferrari,19,11,66,78357.0,5352359.0,2.0,44781.0,22390.5,42.0,7,100.0,4,19,,109.0,4.657,307.362,0,1031.0,712.0
2023,1105,4,catalunya,Spain,11,846,norris,1,NOR,mclaren,3,17,65,77182.0,,3.0,82648.0,27549.333333333332,12.0,11,17.0,6,3,72792.0,109.0,4.657,302.705,0,398.0,131.0
2023,1105,4,catalunya,Spain,1,847,russell,131,RUS,mercedes,12,3,66,77875.0,5310329.0,2.0,44329.0,22164.5,65.0,5,152.0,2,12,,109.0,4.657,307.362,0,996.0,998.0
2023,1105,4,catalunya,Spain,11,848,albon,3,ALB,williams,18,16,65,79133.0,,2.0,46768.0,23384.0,1.0,18,1.0,10,18,,109.0,4.657,302.705,0,19.0,10.0
2023,1105,4,catalunya,Spain,1,852,tsunoda,213,TSU,alphatauri,15,12,66,78904.0,5353356.0,2.0,44185.0,22092.5,2.0,16,2.0,9,15,,109.0,4.657,307.362,0,45.0,16.0
2023,1105,4,catalunya,Spain,1,855,zhou,51,ZHO,alfa,13,9,66,78753.0,5349818.0,2.0,46319.0,23159.5,4.0,15,8.0,8,13,,109.0,4.657,307.362,0,30.0,64.0
2023,1105,4,catalunya,Spain,11,856,de_vries,213,DEV,alphatauri,14,14,65,78594.0,,2.0,44498.0,22249.0,0.0,19,2.0,9,14,,109.0,4.657,302.705,0,2.0,18.0
2023,1105,4,catalunya,Spain,11,857,piastri,1,PIA,mclaren,9,13,65,78679.0,,2.0,45232.0,22616.0,5.0,13,17.0,6,10,73682.0,109.0,4.657,302.705,0,22.0,148.0
2023,1105,4,catalunya,Spain,11,858,sargeant,3,SAR,williams,20,20,65,79247.0,,2.0,46410.0,23205.0,0.0,20,1.0,10,20,,109.0,4.657,302.705,0,0.0,10.0
2023,1106,7,villeneuve,Canada,1,1,hamilton,131,HAM,mercedes,3,3,70,75396.0,5642946.0,2.0,48088.0,24044.0,102.0,4,167.0,2,4,87627.0,13.0,4.361,305.27,0,910.0,1109.0
2023,1106,7,villeneuve,Canada,1,4,alonso,117,ALO,aston_martin,2,2,70,75779.0,5647918.0,2.0,47959.0,23979.5,117.0,3,154.0,3,3,87286.0,13.0,4.361,305.27,0,696.0,1105.0
2023,1106,7,villeneuve,Canada,11,807,hulkenberg,210,HUL,haas,5,15,69,77232.0,,2.0,49080.0,24540.0,6.0,13,8.0,8,2,87102.0,13.0,4.361,300.909,0,36.0,77.0
2023,1106,7,villeneuve,Canada,1,815,perez,9,PER,red_bull,12,6,70,74481.0,5689376.0,2.0,46499.0,23249.5,126.0,2,321.0,1,12,,13.0,4.361,305.27,0,1250.0,2324.0
2023,1106,7,villeneuve,Canada,1,822,bottas,51,BOT,alfa,14,10,70,76625.0,5702780.0,1.0,24038.0,24038.0,5.0,15,9.0,7,15,,13.0,4.361,305.27,0,131.0,67.0
2023,1106,7,villeneuve,Canada,11,825,kevin_magnussen,210,MAG,haas,13,17,69,76126.0,,2.0,49424.0,24712.0,2.0,18,8.0,8,14,,13.0,4.361,300.909,0,61.0,78.0
2023,1106,7,villeneuve,Canada,1,830,max_verstappen,9,VER,red_bull,1,1,70,75594.0,5638348.0,2.0,47554.0,23777.0,195.0,1,321.0,1,1,85858.0,13.0,4.361,305.27,0,1742.0,2522.0
2023,1106,7,villeneuve,Canada,1,832,sainz,6,SAI,ferrari,11,5,70,75911.0,5659888.0,1.0,24133.0,24133.0,68.0,5,122.0,4,8,89294.0,13.0,4.361,305.27,0,784.0,808.0
2023,1106,7,villeneuve,Canada,1,839,ocon,214,OCO,alpine,6,8,70,76782.0,5700040.0,2.0,48100.0,24050.0,29.0,9,44.0,5,6,87945.0,13.0,4.361,305.27,0,271.0,246.0
2023,1106,7,villeneuve,Canada,1,840,stroll,117,STR,aston_martin,16,9,70,76564.0,5702750.0,2.0,47550.0,23775.0,37.0,8,154.0,3,13,,13.0,4.361,305.27,0,221.0,1194.0
2023,1106,7,villeneuve,Canada,1,842,gasly,214,GAS,alpine,15,12,70,76425.0,5703597.0,2.0,51632.0,25816.0,15.0,10,44.0,5,17,,13.0,4.361,305.27,0,112.0,282.0
2023,1106,7,villeneuve,Canada,1,844,leclerc,6,LEC,ferrari,10,4,70,75907.0,5656996.0,1.0,24343.0,24343.0,54.0,7,122.0,4,11,,13.0,4.361,305.27,0,810.0,904.0
2023,1106,7,villeneuve,Canada,1,846,norris,1,NOR,mclaren,7,13,70,76374.0,5706711.0,2.0,49432.0,24716.0,12.0,11,17.0,6,7,88046.0,13.0,4.361,305.27,0,299.0,153.0
2023,1106,7,villeneuve,Canada,23,847,russell,131,RUS,mercedes,4,0,53,77097.0,,1.0,88943.0,88943.0,65.0,6,167.0,2,5,87893.0,13.0,4.361,231.13299999999998,0,830.0,1220.0
2023,1106,7,villeneuve,Canada,1,848,albon,3,ALB,williams,9,7,70,76917.0,5699161.0,1.0,25064.0,25064.0,7.0,12,7.0,9,10,,13.0,4.361,305.27,0,22.0,16.0
2023,1106,7,villeneuve,Canada,1,852,tsunoda,213,TSU,alphatauri,19,14,70,76666.0,5711771.0,2.0,51169.0,25584.5,2.0,17,2.0,10,16,,13.0,4.361,305.27,0,35.0,19.0
2023,1106,7,villeneuve,Canada,11,855,zhou,51,ZHO,alfa,20,16,69,77090.0,,2.0,51670.0,25835.0,4.0,16,9.0,7,20,,13.0,4.361,300.909,0,28.0,70.0
2023,1106,7,villeneuve,Canada,11,856,de_vries,213,DEV,alphatauri,17,18,69,76656.0,,2.0,48746.0,24373.0,0.0,19,2.0,10,18,,13.0,4.361,300.909,0,2.0,20.0
2023,1106,7,villeneuve,Canada,1,857,piastri,1,PIA,mclaren,8,11,70,76598.0,5703449.0,2.0,48264.0,24132.0,5.0,14,17.0,6,9,91349.0,13.0,4.361,305.27,0,27.0,158.0
2023,1106,7,villeneuve,Canada,5,858,sargeant,3,SAR,williams,18,0,6,78437.0,,0.0,0.0,0.0,0.0,20,7.0,9,19,,13.0,4.361,26.165999999999997,0,0.0,22.0
2023,1107,70,red_bull_ring,Austria,1,1,hamilton,131,HAM,mercedes,5,8,71,69160.0,5182803.0,3.0,66132.0,22044.0,106.0,4,178.0,2,5,64819.0,678.0,4.318,306.578,0,776.0,1322.0
2023,1107,70,red_bull_ring,Austria,1,4,alonso,117,ALO,aston_martin,7,5,71,69108.0,5163924.0,3.0,60964.0,20321.333333333332,131.0,3,175.0,3,7,64911.0,678.0,4.318,306.578,0,746.0,1282.0
2023,1107,70,red_bull_ring,Austria,75,807,hulkenberg,210,HUL,haas,8,0,12,71066.0,,2.0,38669.0,19334.5,9.0,12,11.0,7,8,65090.0,678.0,4.318,51.815999999999995,0,45.0,82.0
2023,1107,70,red_bull_ring,Austria,1,815,perez,9,PER,red_bull,15,3,71,68111.0,5150795.0,3.0,60350.0,20116.666666666668,148.0,2,377.0,1,15,,678.0,4.318,306.578,0,1108.0,2719.0
2023,1107,70,red_bull_ring,Austria,11,822,bottas,51,BOT,alfa,14,15,70,69940.0,,3.0,70890.0,23630.0,5.0,15,9.0,8,14,,678.0,4.318,302.26,0,87.0,73.0
2023,1107,70,red_bull_ring,Austria,11,825,kevin_magnussen,210,MAG,haas,0,18,70,70176.0,,3.0,74491.0,24830.333333333332,2.0,18,11.0,7,19,,678.0,4.318,302.26,0,38.0,86.0
2023,1107,70,red_bull_ring,Austria,1,830,max_verstappen,9,VER,red_bull,1,1,71,67012.0,5133607.0,4.0,80703.0,20175.75,229.0,1,377.0,1,1,64391.0,678.0,4.318,306.578,0,1542.0,2916.0
2023,1107,70,red_bull_ring,Austria,1,832,sainz,6,SAI,ferrari,3,6,71,68880.0,5164984.0,3.0,71246.0,23748.666666666668,82.0,5,154.0,4,3,64581.0,678.0,4.318,306.578,0,632.0,996.0
2023,1107,70,red_bull_ring,Austria,11,839,ocon,214,OCO,alpine,12,14,70,69797.0,,3.0,70598.0,23532.666666666668,31.0,9,47.0,5,12,,678.0,4.318,302.26,0,216.0,321.0
2023,1107,70,red_bull_ring,Austria,1,840,stroll,117,STR,aston_martin,6,9,71,68463.0,5192650.0,4.0,84865.0,21216.25,44.0,8,175.0,3,6,64893.0,678.0,4.318,306.578,0,251.0,1370.0
2023,1107,70,red_bull_ring,Austria,1,842,gasly,214,GAS,alpine,9,10,71,69046.0,5201274.0,3.0,65998.0,21999.333333333332,16.0,11,47.0,5,9,65170.0,678.0,4.318,306.578,0,105.0,360.0
2023,1107,70,red_bull_ring,Austria,1,844,leclerc,6,LEC,ferrari,2,2,71,68820.0,5138762.0,3.0,61288.0,20429.333333333332,72.0,6,154.0,4,2,64439.0,678.0,4.318,306.578,0,592.0,1088.0
2023,1107,70,red_bull_ring,Austria,1,846,norris,1,NOR,mclaren,4,4,71,68739.0,5159934.0,3.0,61454.0,20484.666666666668,24.0,10,29.0,6,4,64658.0,678.0,4.318,306.578,0,210.0,173.0
2023,1107,70,red_bull_ring,Austria,1,847,russell,131,RUS,mercedes,11,7,71,69283.0,5182010.0,3.0,61910.0,20636.666666666668,72.0,7,178.0,2,11,,678.0,4.318,306.578,0,637.0,1424.0
2023,1107,70,red_bull_ring,Austria,1,848,albon,3,ALB,williams,10,11,71,69560.0,5213374.0,3.0,65982.0,21994.0,7.0,13,7.0,9,10,65823.0,678.0,4.318,306.578,0,25.0,28.0
2023,1107,70,red_bull_ring,Austria,11,852,tsunoda,213,TSU,alphatauri,16,19,70,69620.0,,4.0,94615.0,23653.75,2.0,17,2.0,10,16,,678.0,4.318,302.26,0,25.0,20.0
2023,1107,70,red_bull_ring,Austria,11,855,zhou,51,ZHO,alfa,17,12,70,69786.0,,3.0,63751.0,21250.333333333332,4.0,16,9.0,8,17,,678.0,4.318,302.26,0,26.0,76.0
2023,1107,70,red_bull_ring,Austria,11,856,de_vries,213,DEV,alphatauri,0,17,70,69852.0,,3.0,59440.0,19813.333333333332,0.0,20,2.0,10,20,,678.0,4.318,302.26,0,2.0,20.0
2023,1107,70,red_bull_ring,Austria,11,857,piastri,1,PIA,mclaren,13,16,70,69862.0,,4.0,92016.0,23004.0,5.0,14,29.0,6,13,,678.0,4.318,302.26,0,32.0,188.0
2023,1107,70,red_bull_ring,Austria,11,858,sargeant,3,SAR,williams,18,13,70,69611.0,,3.0,62074.0,20691.333333333332,0.0,19,7.0,9,18,,678.0,4.318,302.26,0,0.0,34.0
2023,1108,9,silverstone,UK,1,1,hamilton,131,HAM,mercedes,7,3,52,90545.0,5123721.0,1.0,29169.0,29169.0,121.0,4,203.0,2,7,87211.0,153.0,5.891,306.332,0,657.0,1531.0
2023,1108,9,silverstone,UK,1,4,alonso,117,ALO,aston_martin,9,7,52,91338.0,5134131.0,1.0,28679.0,28679.0,137.0,3,181.0,3,9,87659.0,153.0,5.891,306.332,0,802.0,1449.0
2023,1108,9,silverstone,UK,1,807,hulkenberg,210,HUL,haas,11,13,52,91776.0,5143601.0,2.0,71975.0,35987.5,9.0,14,11.0,8,11,,153.0,5.891,306.332,0,54.0,89.0
2023,1108,9,silverstone,UK,1,815,perez,9,PER,red_bull,15,6,52,90914.0,5129820.0,1.0,28060.0,28060.0,156.0,2,411.0,1,16,,153.0,5.891,306.332,0,959.0,3103.0
2023,1108,9,silverstone,UK,1,822,bottas,51,BOT,alfa,20,12,52,91852.0,5142768.0,1.0,29662.0,29662.0,5.0,15,9.0,9,15,,153.0,5.891,306.332,0,43.0,79.0
2023,1108,9,silverstone,UK,5,825,kevin_magnussen,210,MAG,haas,19,0,31,93356.0,,0.0,0.0,0.0,2.0,18,11.0,8,20,,153.0,5.891,182.621,0,15.0,92.0
2023,1108,9,silverstone,UK,1,830,max_verstappen,9,VER,red_bull,1,1,52,90275.0,5116938.0,1.0,29056.0,29056.0,255.0,1,411.0,1,1,86720.0,153.0,5.891,306.332,0,1343.0,3290.0
2023,1108,9,silverstone,UK,1,832,sainz,6,SAI,ferrari,5,10,52,91366.0,5136386.0,1.0,28869.0,28869.0,83.0,5,157.0,4,5,87148.0,153.0,5.891,306.332,0,469.0,1167.0
2023,1108,9,silverstone,UK,44,839,ocon,214,OCO,alpine,13,0,9,93941.0,,0.0,0.0,0.0,31.0,10,47.0,6,13,,153.0,5.891,53.019,0,155.0,393.0
2023,1108,9,silverstone,UK,1,840,stroll,117,STR,aston_martin,12,14,52,91508.0,5144421.0,1.0,28561.0,28561.0,44.0,8,181.0,3,12,,153.0,5.891,306.332,0,277.0,1528.0
2023,1108,9,silverstone,UK,130,842,gasly,214,GAS,alpine,10,18,46,91539.0,,1.0,28458.0,28458.0,16.0,12,47.0,6,10,87689.0,153.0,5.891,270.986,0,98.0,426.0
2023,1108,9,silverstone,UK,1,844,leclerc,6,LEC,ferrari,4,9,52,91255.0,5135627.0,2.0,57049.0,28524.5,74.0,7,157.0,4,4,87136.0,153.0,5.891,306.332,0,358.0,1246.0
2023,1108,9,silverstone,UK,1,846,norris,1,NOR,mclaren,2,2,52,90543.0,5120736.0,1.0,28438.0,28438.0,42.0,9,59.0,5,2,86961.0,153.0,5.891,306.332,0,130.0,233.0
2023,1108,9,silverstone,UK,1,847,russell,131,RUS,mercedes,6,5,52,91124.0,5128144.0,1.0,29455.0,29455.0,82.0,6,203.0,2,6,87155.0,153.0,5.891,306.332,0,444.0,1638.0
2023,1108,9,silverstone,UK,1,848,albon,3,ALB,williams,8,8,52,91273.0,5134816.0,1.0,29634.0,29634.0,11.0,13,11.0,7,8,87530.0,153.0,5.891,306.332,0,32.0,44.0
2023,1108,9,silverstone,UK,1,852,tsunoda,213,TSU,alphatauri,16,16,52,92084.0,5148163.0,2.0,56956.0,28478.0,2.0,17,2.0,10,17,,153.0,5.891,306.332,0,15.0,20.0
2023,1108,9,silverstone,UK,1,855,zhou,51,ZHO,alfa,17,15,52,91769.0,5146758.0,3.0,92260.0,30753.333333333332,4.0,16,9.0,9,18,,153.0,5.891,306.332,0,24.0,82.0
2023,1108,9,silverstone,UK,1,856,de_vries,213,DEV,alphatauri,18,17,52,92353.0,5150066.0,2.0,56655.0,28327.5,0.0,20,2.0,10,19,,153.0,5.891,306.332,0,0.0,20.0
2023,1108,9,silverstone,UK,1,857,piastri,1,PIA,mclaren,3,4,52,90850.0,5124714.0,1.0,28655.0,28655.0,17.0,11,59.0,5,3,87092.0,153.0,5.891,306.332,0,49.0,278.0
2023,1108,9,silverstone,UK,1,858,sargeant,3,SAR,williams,14,11,52,91699.0,5140570.0,1.0,28847.0,28847.0,0.0,19,11.0,7,14,,153.0,5.891,306.332,0,0.0,54.0
2023,1109,11,hungaroring,Hungary,1,1,hamilton,131,HAM,mercedes,1,4,70,81601.0,5927768.0,2.0,43702.0,21851.0,133.0,4,223.0,2,1,76609.0,264.0,4.381,306.67,0,780.0,1742.0
2023,1109,11,hungaroring,Hungary,1,4,alonso,117,ALO,aston_martin,8,9,70,82745.0,5964343.0,2.0,47068.0,23534.0,139.0,3,184.0,3,8,77035.0,264.0,4.381,306.67,0,926.0,1592.0
2023,1109,11,hungaroring,Hungary,11,807,hulkenberg,210,HUL,haas,10,14,69,83573.0,,2.0,44877.0,22438.5,9.0,14,11.0,8,10,77186.0,264.0,4.381,302.289,0,63.0,95.0
2023,1109,11,hungaroring,Hungary,1,815,perez,9,PER,red_bull,9,3,70,82295.0,5926237.0,2.0,42742.0,21371.0,171.0,2,452.0,1,9,77045.0,264.0,4.381,306.67,0,1112.0,3493.0
2023,1109,11,hungaroring,Hungary,11,817,ricciardo,213,RIC,alphatauri,13,13,69,83934.0,,2.0,44161.0,22080.5,0.0,21,2.0,10,13,,264.0,4.381,302.289,0,251.0,20.0
2023,1109,11,hungaroring,Hungary,11,822,bottas,51,BOT,alfa,7,12,69,83651.0,,2.0,45356.0,22678.0,5.0,15,9.0,9,7,77034.0,264.0,4.381,302.289,0,44.0,85.0
2023,1109,11,hungaroring,Hungary,11,825,kevin_magnussen,210,MAG,haas,19,17,69,83864.0,,2.0,44905.0,22452.5,2.0,18,11.0,8,19,,264.0,4.381,302.289,0,17.0,98.0
2023,1109,11,hungaroring,Hungary,1,830,max_verstappen,9,VER,red_bull,2,1,70,80504.0,5888634.0,2.0,43087.0,21543.5,281.0,1,452.0,1,2,76612.0,264.0,4.381,306.67,0,1599.0,3696.0
2023,1109,11,hungaroring,Hungary,1,832,sainz,6,SAI,ferrari,11,8,70,82584.0,5959707.0,2.0,43453.0,21726.5,87.0,6,167.0,4,11,,264.0,4.381,306.67,0,544.0,1323.0
2023,1109,11,hungaroring,Hungary,130,839,ocon,214,OCO,alpine,12,0,2,,,0.0,0.0,0.0,31.0,10,47.0,6,12,,264.0,4.381,8.762,0,186.0,438.0
2023,1109,11,hungaroring,Hungary,11,840,stroll,117,STR,aston_martin,14,10,69,83425.0,,2.0,44313.0,22156.5,45.0,9,184.0,3,14,,264.0,4.381,302.289,0,314.0,1656.0
2023,1109,11,hungaroring,Hungary,130,842,gasly,214,GAS,alpine,15,0,1,,,0.0,0.0,0.0,16.0,12,47.0,6,15,,264.0,4.381,4.381,0,112.0,450.0
2023,1109,11,hungaroring,Hungary,1,844,leclerc,6,LEC,ferrari,6,7,70,82469.0,5958951.0,2.0,49856.0,24928.0,80.0,7,167.0,4,6,76992.0,264.0,4.381,306.67,0,438.0,1400.0
2023,1109,11,hungaroring,Hungary,1,846,norris,1,NOR,mclaren,3,2,70,82178.0,5922365.0,2.0,42971.0,21485.5,60.0,8,87.0,5,3,76694.0,264.0,4.381,306.67,0,190.0,348.0
2023,1109,11,hungaroring,Hungary,1,847,russell,131,RUS,mercedes,18,6,70,82158.0,5954459.0,2.0,43561.0,21780.5,90.0,5,223.0,2,18,,264.0,4.381,306.67,0,528.0,1846.0
2023,1109,11,hungaroring,Hungary,11,848,albon,3,ALB,williams,16,11,69,84051.0,,2.0,43838.0,21919.0,11.0,13,11.0,7,16,,264.0,4.381,302.289,0,42.0,64.0
2023,1109,11,hungaroring,Hungary,11,852,tsunoda,213,TSU,alphatauri,17,15,69,83269.0,,2.0,47351.0,23675.5,2.0,17,2.0,10,17,,264.0,4.381,302.289,0,17.0,20.0
2023,1109,11,hungaroring,Hungary,11,855,zhou,51,ZHO,alfa,5,16,69,83743.0,,2.0,52064.0,26032.0,4.0,16,9.0,9,5,76971.0,264.0,4.381,302.289,0,28.0,88.0
2023,1109,11,hungaroring,Hungary,1,857,piastri,1,PIA,mclaren,4,5,70,82736.0,5951206.0,2.0,43201.0,21600.5,27.0,11,87.0,5,4,76905.0,264.0,4.381,306.67,0,76.0,418.0
2023,1109,11,hungaroring,Hungary,31,858,sargeant,3,SAR,williams,20,0,67,83496.0,,2.0,46198.0,23099.0,0.0,19,11.0,7,20,,264.0,4.381,293.52700000000004,0,0.0,74.0
2023,1110,13,spa,Belgium,1,1,hamilton,131,HAM,mercedes,3,4,44,107305.0,5000121.0,3.0,69269.0,23089.666666666668,148.0,4,247.0,2,4,107087.0,401.0,7.004,308.176,0,908.0,1941.0
2023,1110,13,spa,Belgium,1,4,alonso,117,ALO,aston_martin,9,5,44,110938.0,5006634.0,2.0,46883.0,23441.5,149.0,3,196.0,3,9,107843.0,401.0,7.004,308.176,0,1045.0,1718.0
2023,1110,13,spa,Belgium,1,807,hulkenberg,210,HUL,haas,0,18,44,109907.0,5060900.0,2.0,49809.0,24904.5,9.0,14,11.0,8,20,,401.0,7.004,308.176,0,72.0,101.0
2023,1110,13,spa,Belgium,1,815,perez,9,PER,red_bull,2,2,44,110308.0,4972755.0,2.0,46394.0,23197.0,189.0,2,503.0,1,3,107045.0,401.0,7.004,308.176,0,1258.0,3912.0
2023,1110,13,spa,Belgium,1,817,ricciardo,213,RIC,alphatauri,19,16,44,110994.0,5053521.0,2.0,46133.0,23066.5,0.0,21,3.0,10,19,,401.0,7.004,308.176,0,232.0,21.0
2023,1110,13,spa,Belgium,1,822,bottas,51,BOT,alfa,13,12,44,110515.0,5035641.0,2.0,47148.0,23574.0,5.0,15,9.0,9,14,,401.0,7.004,308.176,0,45.0,89.0
2023,1110,13,spa,Belgium,1,825,kevin_magnussen,210,MAG,haas,16,15,44,110993.0,5052204.0,2.0,47210.0,23605.0,2.0,18,11.0,8,13,,401.0,7.004,308.176,0,18.0,104.0
2023,1110,13,spa,Belgium,1,830,max_verstappen,9,VER,red_bull,6,1,44,108922.0,4950450.0,2.0,45899.0,22949.5,314.0,1,503.0,1,1,106168.0,401.0,7.004,308.176,0,1869.0,4128.0
2023,1110,13,spa,Belgium,130,832,sainz,6,SAI,ferrari,4,0,23,113138.0,,1.0,23303.0,23303.0,92.0,7,191.0,4,5,107152.0,401.0,7.004,161.09199999999998,0,616.0,1491.0
2023,1110,13,spa,Belgium,1,839,ocon,214,OCO,alpine,14,8,44,110439.0,5025169.0,2.0,46424.0,23212.0,35.0,10,57.0,6,15,,401.0,7.004,308.176,0,217.0,467.0
2023,1110,13,spa,Belgium,1,840,stroll,117,STR,aston_martin,10,9,44,111297.0,5029790.0,1.0,25397.0,25397.0,47.0,9,196.0,3,10,108841.0,401.0,7.004,308.176,0,353.0,1780.0
2023,1110,13,spa,Belgium,1,842,gasly,214,GAS,alpine,12,11,44,110911.0,5033534.0,1.0,25664.0,25664.0,22.0,12,57.0,6,12,,401.0,7.004,308.176,0,130.0,484.0
2023,1110,13,spa,Belgium,1,844,leclerc,6,LEC,ferrari,1,3,44,110436.0,4982709.0,2.0,46372.0,23186.0,99.0,5,191.0,4,2,106988.0,401.0,7.004,308.176,0,531.0,1582.0
2023,1110,13,spa,Belgium,1,846,norris,1,NOR,mclaren,7,7,44,111682.0,5024169.0,2.0,48756.0,24378.0,69.0,8,103.0,5,7,107669.0,401.0,7.004,308.176,0,259.0,504.0
2023,1110,13,spa,Belgium,1,847,russell,131,RUS,mercedes,8,6,44,110603.0,5013551.0,1.0,23837.0,23837.0,99.0,6,247.0,2,8,107805.0,401.0,7.004,308.176,0,609.0,2036.0
2023,1110,13,spa,Belgium,1,848,albon,3,ALB,williams,15,14,44,109841.0,5046634.0,3.0,72140.0,24046.666666666668,11.0,13,11.0,7,16,,401.0,7.004,308.176,0,52.0,84.0
2023,1110,13,spa,Belgium,1,852,tsunoda,213,TSU,alphatauri,11,10,44,111394.0,5030671.0,2.0,45347.0,22673.5,3.0,17,3.0,10,11,,401.0,7.004,308.176,0,20.0,22.0
2023,1110,13,spa,Belgium,1,855,zhou,51,ZHO,alfa,17,13,44,110188.0,5045891.0,2.0,48494.0,24247.0,4.0,16,9.0,9,17,,401.0,7.004,308.176,0,32.0,90.0
2023,1110,13,spa,Belgium,130,857,piastri,1,PIA,mclaren,5,0,0,,,0.0,0.0,0.0,34.0,11,103.0,5,6,107365.0,401.0,7.004,0.0,0,110.0,590.0
2023,1110,13,spa,Belgium,1,858,sargeant,3,SAR,williams,18,17,44,110486.0,5054926.0,3.0,70617.0,23539.0,0.0,19,11.0,7,18,,401.0,7.004,308.176,0,0.0,94.0
2023,1111,39,zandvoort,Netherlands,1,1,hamilton,131,HAM,mercedes,13,6,72,73904.0,8657620.0,5.0,2511450.0,502290.0,156.0,4,255.0,2,13,,6.0,4.259,306.648,0,1026.0,2124.0
2023,1111,39,zandvoort,Netherlands,1,4,alonso,117,ALO,aston_martin,5,2,72,73837.0,8648155.0,5.0,2541860.0,508372.0,168.0,3,215.0,3,5,71506.0,6.0,4.259,306.648,0,1168.0,1841.0
2023,1111,39,zandvoort,Netherlands,1,807,hulkenberg,210,HUL,haas,14,12,72,74472.0,8665251.0,5.0,2507321.0,501464.2,9.0,14,11.0,8,15,,6.0,4.259,306.648,0,75.0,107.0
2023,1111,39,zandvoort,Netherlands,1,815,perez,9,PER,red_bull,7,4,72,74231.0,8655093.0,6.0,2585715.0,430952.5,201.0,2,540.0,1,7,71880.0,6.0,4.259,306.648,0,1405.0,4347.0
2023,1111,39,zandvoort,Netherlands,1,822,bottas,51,BOT,alfa,18,14,72,74698.0,8671799.0,5.0,2497766.0,499553.2,5.0,15,9.0,9,19,,6.0,4.259,306.648,0,46.0,90.0
2023,1111,39,zandvoort,Netherlands,1,825,kevin_magnussen,210,MAG,haas,0,16,72,75489.0,8679515.0,6.0,2520933.0,420155.5,2.0,18,11.0,8,18,,6.0,4.259,306.648,0,19.0,110.0
2023,1111,39,zandvoort,Netherlands,1,830,max_verstappen,9,VER,red_bull,1,1,72,73889.0,8644411.0,6.0,2581587.0,430264.5,339.0,1,540.0,1,1,70567.0,6.0,4.259,306.648,0,2139.0,4566.0
2023,1111,39,zandvoort,Netherlands,1,832,sainz,6,SAI,ferrari,6,5,72,74934.0,8656952.0,5.0,2522867.0,504573.4,102.0,5,201.0,4,6,71754.0,6.0,4.259,306.648,0,698.0,1661.0
2023,1111,39,zandvoort,Netherlands,1,839,ocon,214,OCO,alpine,16,10,72,74570.0,8662757.0,6.0,2552687.0,425447.8333333333,36.0,11,73.0,6,17,,6.0,4.259,306.648,0,249.0,513.0
2023,1111,39,zandvoort,Netherlands,1,840,stroll,117,STR,aston_martin,11,11,72,75171.0,8664498.0,7.0,2545639.0,363662.71428571426,47.0,9,215.0,3,11,,6.0,4.259,306.648,0,380.0,1902.0
2023,1111,39,zandvoort,Netherlands,1,842,gasly,214,GAS,alpine,12,3,72,74441.0,8651469.0,5.0,2536977.0,507395.4,37.0,10,73.0,6,12,,6.0,4.259,306.648,0,163.0,542.0
2023,1111,39,zandvoort,Netherlands,140,844,leclerc,6,LEC,ferrari,9,0,41,77277.0,,2.0,59888.0,29944.0,99.0,6,201.0,4,9,72665.0,6.0,4.259,174.61900000000003,0,624.0,1740.0
2023,1111,39,zandvoort,Netherlands,1,846,norris,1,NOR,mclaren,2,7,72,74390.0,8657643.0,6.0,2566798.0,427799.6666666667,75.0,8,111.0,5,2,71104.0,6.0,4.259,306.648,0,326.0,684.0
2023,1111,39,zandvoort,Netherlands,1,847,russell,131,RUS,mercedes,3,17,72,75124.0,8700165.0,7.0,2593450.0,370492.85714285716,99.0,7,255.0,2,3,71294.0,6.0,4.259,306.648,0,690.0,2212.0
2023,1111,39,zandvoort,Netherlands,1,848,albon,3,ALB,williams,4,8,72,74468.0,8659566.0,4.0,2523676.0,630919.0,15.0,13,15.0,7,4,71419.0,6.0,4.259,306.648,0,66.0,102.0
2023,1111,39,zandvoort,Netherlands,1,852,tsunoda,213,TSU,alphatauri,17,15,72,76253.0,8682344.0,5.0,2521623.0,504324.6,3.0,17,3.0,10,14,,6.0,4.259,306.648,0,22.0,23.0
2023,1111,39,zandvoort,Netherlands,3,855,zhou,51,ZHO,alfa,15,0,62,75417.0,,4.0,85227.0,21306.75,4.0,16,9.0,9,16,,6.0,4.259,264.058,0,34.0,90.0
2023,1111,39,zandvoort,Netherlands,1,857,piastri,1,PIA,mclaren,8,9,72,74299.0,8660991.0,5.0,2533581.0,506716.2,36.0,12,111.0,5,8,71938.0,6.0,4.259,306.648,0,142.0,778.0
2023,1111,39,zandvoort,Netherlands,3,858,sargeant,3,SAR,williams,10,0,14,77399.0,,0.0,0.0,0.0,0.0,19,15.0,7,10,76748.0,6.0,4.259,59.626000000000005,0,0.0,110.0
2023,1111,39,zandvoort,Netherlands,1,859,lawson,213,LAW,alphatauri,19,13,72,74820.0,8670558.0,7.0,2559222.0,365603.14285714284,0.0,22,3.0,10,20,,6.0,4.259,306.648,0,0.0,24.0
2023,1112,14,monza,Italy,1,1,hamilton,131,HAM,mercedes,8,6,51,85582.0,4463822.0,1.0,24255.0,24255.0,164.0,4,273.0,2,8,80820.0,162.0,5.793,295.443,0,1142.0,2307.0
2023,1112,14,monza,Italy,1,4,alonso,117,ALO,aston_martin,10,9,51,86105.0,4467437.0,1.0,24798.0,24798.0,170.0,3,217.0,4,10,81417.0,162.0,5.793,295.443,0,1278.0,1944.0
2023,1112,14,monza,Italy,11,807,hulkenberg,210,HUL,haas,13,17,50,85894.0,,2.0,50423.0,25211.5,9.0,14,11.0,8,13,,162.0,5.793,289.65000000000003,0,78.0,110.0
2023,1112,14,monza,Italy,1,815,perez,9,PER,red_bull,5,2,51,85522.0,4427207.0,1.0,23819.0,23819.0,219.0,2,583.0,1,5,80688.0,162.0,5.793,295.443,0,1537.0,4772.0
2023,1112,14,monza,Italy,1,822,bottas,51,BOT,alfa,14,10,51,85988.0,4485199.0,1.0,24658.0,24658.0,6.0,15,10.0,9,14,,162.0,5.793,295.443,0,48.0,91.0
2023,1112,14,monza,Italy,11,825,kevin_magnussen,210,MAG,haas,19,18,50,86278.0,,2.0,49425.0,24712.5,2.0,18,11.0,8,19,,162.0,5.793,289.65000000000003,0,20.0,110.0
2023,1112,14,monza,Italy,1,830,max_verstappen,9,VER,red_bull,2,1,51,85240.0,4421143.0,1.0,24228.0,24228.0,364.0,1,583.0,1,2,80307.0,162.0,5.793,295.443,0,2410.0,4978.0
2023,1112,14,monza,Italy,1,832,sainz,6,SAI,ferrari,1,3,51,85501.0,4432336.0,1.0,25183.0,25183.0,117.0,5,228.0,3,1,80294.0,162.0,5.793,295.443,0,781.0,1814.0
2023,1112,14,monza,Italy,38,839,ocon,214,OCO,alpine,18,0,39,86963.0,,1.0,24249.0,24249.0,36.0,11,73.0,6,18,,162.0,5.793,225.927,0,281.0,568.0
2023,1112,14,monza,Italy,1,840,stroll,117,STR,aston_martin,20,16,51,86617.0,4508409.0,1.0,25667.0,25667.0,47.0,9,217.0,4,20,,162.0,5.793,295.443,0,400.0,1986.0
2023,1112,14,monza,Italy,1,842,gasly,214,GAS,alpine,17,15,51,85758.0,4503653.0,2.0,52062.0,26031.0,37.0,10,73.0,6,17,,162.0,5.793,295.443,0,196.0,594.0
2023,1112,14,monza,Italy,1,844,leclerc,6,LEC,ferrari,3,4,51,85580.0,4432520.0,1.0,23931.0,23931.0,111.0,6,228.0,3,3,80361.0,162.0,5.793,295.443,0,707.0,1888.0
2023,1112,14,monza,Italy,1,846,norris,1,NOR,mclaren,9,8,51,86144.0,4466592.0,1.0,23727.0,23727.0,79.0,8,115.0,5,9,80979.0,162.0,5.793,295.443,0,395.0,864.0
2023,1112,14,monza,Italy,1,847,russell,131,RUS,mercedes,4,5,51,85847.0,4444171.0,1.0,24215.0,24215.0,109.0,7,273.0,2,4,80671.0,162.0,5.793,295.443,0,771.0,2402.0
2023,1112,14,monza,Italy,1,848,albon,3,ALB,williams,6,7,51,86389.0,4466249.0,1.0,24538.0,24538.0,21.0,13,21.0,7,6,80760.0,162.0,5.793,295.443,0,86.0,124.0
2023,1112,14,monza,Italy,5,852,tsunoda,213,TSU,alphatauri,11,0,0,,,0.0,0.0,0.0,3.0,17,3.0,10,11,,162.0,5.793,0.0,0,23.0,25.0
2023,1112,14,monza,Italy,1,855,zhou,51,ZHO,alfa,16,14,51,85983.0,4501307.0,2.0,50355.0,25177.5,4.0,16,10.0,9,16,,162.0,5.793,295.443,0,36.0,92.0
2023,1112,14,monza,Italy,1,857,piastri,1,PIA,mclaren,7,12,51,85072.0,4494217.0,2.0,55932.0,27966.0,36.0,12,115.0,5,7,80785.0,162.0,5.793,295.443,0,174.0,950.0
2023,1112,14,monza,Italy,1,858,sargeant,3,SAR,williams,15,13,51,86840.0,4499700.0,1.0,24779.0,24779.0,0.0,19,21.0,7,15,,162.0,5.793,295.443,0,0.0,138.0
2023,1112,14,monza,Italy,1,859,lawson,213,LAW,alphatauri,12,11,51,85842.0,4491781.0,2.0,48493.0,24246.5,0.0,20,3.0,10,12,,162.0,5.793,295.443,0,0.0,26.0
2023,1113,15,marina_bay,Singapore,1,1,hamilton,131,HAM,mercedes,5,3,62,95867.0,6398687.0,2.0,66212.0,33106.0,180.0,3,289.0,2,5,91485.0,18.0,5.063,313.906,1,1266.0,2488.0
2023,1113,15,marina_bay,Singapore,1,4,alonso,117,ALO,aston_martin,7,15,62,96456.0,6485021.0,2.0,83378.0,41689.0,170.0,4,217.0,4,7,91615.0,18.0,5.063,313.906,1,1373.0,2022.0
2023,1113,15,marina_bay,Singapore,1,807,hulkenberg,210,HUL,haas,9,13,62,99923.0,6483619.0,1.0,35497.0,35497.0,9.0,14,12.0,8,9,91808.0,18.0,5.063,313.906,1,81.0,111.0
2023,1113,15,marina_bay,Singapore,1,815,perez,9,PER,red_bull,13,8,62,97108.0,6456952.0,1.0,28977.0,28977.0,223.0,2,597.0,1,13,,18.0,5.063,313.906,1,1655.0,5164.0
2023,1113,15,marina_bay,Singapore,39,822,bottas,51,BOT,alfa,16,0,51,98075.0,,1.0,30487.0,30487.0,6.0,15,10.0,9,16,,18.0,5.063,258.21299999999997,1,50.0,93.0
2023,1113,15,marina_bay,Singapore,1,825,kevin_magnussen,210,MAG,haas,6,10,62,98107.0,6469534.0,2.0,64553.0,32276.5,3.0,18,12.0,8,6,91575.0,18.0,5.063,313.906,1,21.0,112.0
2023,1113,15,marina_bay,Singapore,1,830,max_verstappen,9,VER,red_bull,11,5,62,96575.0,6418859.0,1.0,29698.0,29698.0,374.0,1,597.0,1,11,,18.0,5.063,313.906,1,2665.0,5350.0
2023,1113,15,marina_bay,Singapore,1,832,sainz,6,SAI,ferrari,1,1,62,97666.0,6397418.0,1.0,29499.0,29499.0,142.0,5,265.0,3,1,90984.0,18.0,5.063,313.906,1,879.0,1996.0
2023,1113,15,marina_bay,Singapore,6,839,ocon,214,OCO,alpine,8,0,42,99930.0,,1.0,29755.0,29755.0,36.0,12,81.0,6,8,91673.0,18.0,5.063,212.646,1,311.0,628.0
2023,1113,15,marina_bay,Singapore,54,840,stroll,117,STR,aston_martin,0,0,0,,,0.0,0.0,0.0,47.0,9,217.0,4,20,,18.0,5.063,0.0,1,420.0,2058.0
2023,1113,15,marina_bay,Singapore,1,842,gasly,214,GAS,alpine,12,6,62,98277.0,6435859.0,1.0,31802.0,31802.0,45.0,10,81.0,6,12,,18.0,5.063,313.906,1,233.0,662.0
2023,1113,15,marina_bay,Singapore,1,844,leclerc,6,LEC,ferrari,3,4,62,98275.0,6418595.0,1.0,32888.0,32888.0,123.0,6,265.0,3,3,91063.0,18.0,5.063,313.906,1,796.0,2104.0
2023,1113,15,marina_bay,Singapore,1,846,norris,1,NOR,mclaren,4,2,62,98046.0,6398230.0,1.0,29485.0,29485.0,97.0,8,139.0,5,4,91270.0,18.0,5.063,313.906,1,482.0,1030.0
2023,1113,15,marina_bay,Singapore,3,847,russell,131,RUS,mercedes,2,16,61,96273.0,,2.0,60015.0,30007.5,109.0,7,289.0,2,2,91056.0,18.0,5.063,308.84299999999996,1,840.0,2574.0
2023,1113,15,marina_bay,Singapore,1,848,albon,3,ALB,williams,14,11,62,97342.0,6470835.0,2.0,59925.0,29962.5,21.0,13,21.0,7,14,,18.0,5.063,313.906,1,106.0,148.0
2023,1113,15,marina_bay,Singapore,4,852,tsunoda,213,TSU,alphatauri,15,0,0,,,0.0,0.0,0.0,3.0,17,5.0,10,15,,18.0,5.063,0.0,1,24.0,29.0
2023,1113,15,marina_bay,Singapore,1,855,zhou,51,ZHO,alfa,0,12,62,99316.0,6481067.0,2.0,60669.0,30334.5,4.0,16,10.0,9,19,,18.0,5.063,313.906,1,38.0,94.0
2023,1113,15,marina_bay,Singapore,1,857,piastri,1,PIA,mclaren,17,7,62,98492.0,6438897.0,1.0,29369.0,29369.0,42.0,11,139.0,5,17,,18.0,5.063,313.906,1,212.0,1110.0
2023,1113,15,marina_bay,Singapore,1,858,sargeant,3,SAR,williams,18,14,62,98531.0,6484307.0,2.0,94561.0,47280.5,0.0,20,21.0,7,18,,18.0,5.063,313.906,1,0.0,158.0
2023,1113,15,marina_bay,Singapore,1,859,lawson,213,LAW,alphatauri,10,9,62,99028.0,6463336.0,1.0,32348.0,32348.0,2.0,19,5.0,10,10,92268.0,18.0,5.063,313.906,1,2.0,32.0
2023,1114,22,suzuka,Japan,1,1,hamilton,131,HAM,mercedes,7,5,53,95611.0,5507797.0,2.0,48472.0,24236.0,190.0,3,305.0,2,7,89908.0,45.0,5.807,307.771,0,1387.0,2656.0
2023,1114,22,suzuka,Japan,1,4,alonso,117,ALO,aston_martin,10,8,53,97203.0,5533146.0,2.0,48380.0,24190.0,174.0,4,221.0,4,10,90560.0,45.0,5.807,307.771,0,1454.0,2095.0
2023,1114,22,suzuka,Japan,11,807,hulkenberg,210,HUL,haas,18,14,52,97250.0,,3.0,70518.0,23506.0,9.0,14,12.0,8,18,,45.0,5.807,301.964,0,84.0,113.0
2023,1114,22,suzuka,Japan,130,815,perez,9,PER,red_bull,5,0,15,99704.0,,4.0,2590513.0,647628.25,223.0,2,623.0,1,5,89650.0,45.0,5.807,87.105,0,1773.0,5521.0
2023,1114,22,suzuka,Japan,130,822,bottas,51,BOT,alfa,16,0,7,122755.0,,2.0,109314.0,54657.0,6.0,15,10.0,9,16,,45.0,5.807,40.649,0,52.0,95.0
2023,1114,22,suzuka,Japan,11,825,kevin_magnussen,210,MAG,haas,15,15,52,97842.0,,2.0,47674.0,23837.0,3.0,18,12.0,8,15,,45.0,5.807,301.964,0,22.0,114.0
2023,1114,22,suzuka,Japan,1,830,max_verstappen,9,VER,red_bull,1,1,53,94183.0,5458421.0,2.0,48078.0,24039.0,400.0,1,623.0,1,1,88877.0,45.0,5.807,307.771,0,2921.0,5692.0
2023,1114,22,suzuka,Japan,1,832,sainz,6,SAI,ferrari,6,6,53,96187.0,5508642.0,2.0,46449.0,23224.5,150.0,5,285.0,3,6,89850.0,45.0,5.807,307.771,0,981.0,2222.0
2023,1114,22,suzuka,Japan,1,839,ocon,214,OCO,alpine,14,9,53,97398.0,5538099.0,2.0,50845.0,25422.5,38.0,12,84.0,6,14,,45.0,5.807,307.771,0,328.0,699.0
2023,1114,22,suzuka,Japan,65,840,stroll,117,STR,aston_martin,17,0,20,99050.0,,1.0,23441.0,23441.0,47.0,10,221.0,4,17,,45.0,5.807,116.14000000000001,0,440.0,2132.0
2023,1114,22,suzuka,Japan,1,842,gasly,214,GAS,alpine,12,10,53,96371.0,5541576.0,2.0,49139.0,24569.5,46.0,11,84.0,6,12,,45.0,5.807,307.771,0,265.0,736.0
2023,1114,22,suzuka,Japan,1,844,leclerc,6,LEC,ferrari,4,4,53,96362.0,5502419.0,2.0,46123.0,23061.5,135.0,6,285.0,3,4,89542.0,45.0,5.807,307.771,0,889.0,2340.0
2023,1114,22,suzuka,Japan,1,846,norris,1,NOR,mclaren,3,2,53,95247.0,5477808.0,2.0,46705.0,23352.5,115.0,7,172.0,5,3,89493.0,45.0,5.807,307.771,0,585.0,1195.0
2023,1114,22,suzuka,Japan,1,847,russell,131,RUS,mercedes,8,7,53,97653.0,5516080.0,1.0,24034.0,24034.0,115.0,8,305.0,2,8,90219.0,45.0,5.807,307.771,0,905.0,2738.0
2023,1114,22,suzuka,Japan,130,848,albon,3,ALB,williams,13,0,26,99185.0,,2.0,102308.0,51154.0,21.0,13,21.0,7,13,,45.0,5.807,150.982,0,126.0,168.0
2023,1114,22,suzuka,Japan,11,852,tsunoda,213,TSU,alphatauri,9,12,52,97768.0,,2.0,46271.0,23135.5,3.0,17,5.0,10,9,90303.0,45.0,5.807,301.964,0,25.0,35.0
2023,1114,22,suzuka,Japan,11,855,zhou,51,ZHO,alfa,19,13,52,97791.0,,3.0,89248.0,29749.333333333332,4.0,16,10.0,9,19,,45.0,5.807,301.964,0,40.0,96.0
2023,1114,22,suzuka,Japan,1,857,piastri,1,PIA,mclaren,2,3,53,96328.0,5494915.0,2.0,47653.0,23826.5,57.0,9,172.0,5,2,89458.0,45.0,5.807,307.771,0,264.0,1280.0
2023,1114,22,suzuka,Japan,130,858,sargeant,3,SAR,williams,0,0,22,98848.0,,3.0,111765.0,37255.0,0.0,20,21.0,7,20,,45.0,5.807,127.754,0,0.0,178.0
2023,1114,22,suzuka,Japan,11,859,lawson,213,LAW,alphatauri,11,11,52,98267.0,,2.0,46807.0,23403.5,2.0,19,5.0,10,11,,45.0,5.807,301.964,0,4.0,38.0
2023,1115,78,losail,Qatar,4,1,hamilton,131,HAM,mercedes,3,0,0,,,0.0,0.0,0.0,194.0,3,326.0,2,3,84305.0,12.0,5.38,0.0,0,1494.0,2817.0
2023,1115,78,losail,Qatar,1,4,alonso,117,ALO,aston_martin,4,6,57,86045.0,5308200.0,3.0,85198.0,28399.333333333332,183.0,4,230.0,4,4,84369.0,12.0,5.38,306.65999999999997,0,1538.0,2166.0
2023,1115,78,losail,Qatar,11,807,hulkenberg,210,HUL,haas,14,16,56,86489.0,,3.0,96744.0,32248.0,9.0,15,12.0,9,15,,12.0,5.38,301.28,0,87.0,115.0
2023,1115,78,losail,Qatar,1,815,perez,9,PER,red_bull,0,10,57,86220.0,5339349.0,3.0,94219.0,31406.333333333332,224.0,2,657.0,1,13,,12.0,5.38,306.65999999999997,0,1880.0,5846.0
2023,1115,78,losail,Qatar,1,822,bottas,51,BOT,alfa,9,8,57,86652.0,5325731.0,3.0,88310.0,29436.666666666668,10.0,14,16.0,8,9,85058.0,12.0,5.38,306.65999999999997,0,58.0,103.0
2023,1115,78,losail,Qatar,11,825,kevin_magnussen,210,MAG,haas,18,14,56,87067.0,,3.0,88022.0,29340.666666666668,3.0,18,12.0,9,19,,12.0,5.38,301.28,0,23.0,116.0
2023,1115,78,losail,Qatar,1,830,max_verstappen,9,VER,red_bull,1,1,57,84319.0,5259168.0,3.0,86062.0,28687.333333333332,433.0,1,657.0,1,1,83778.0,12.0,5.38,306.65999999999997,0,3184.0,6000.0
2023,1115,78,losail,Qatar,95,832,sainz,6,SAI,ferrari,12,0,0,,,0.0,0.0,0.0,153.0,5,298.0,3,12,,12.0,5.38,0.0,0,1076.0,2447.0
2023,1115,78,losail,Qatar,1,839,ocon,214,OCO,alpine,8,7,57,86450.0,5321558.0,3.0,87099.0,29033.0,44.0,12,90.0,6,8,84763.0,12.0,5.38,306.65999999999997,0,347.0,769.0
2023,1115,78,losail,Qatar,1,840,stroll,117,STR,aston_martin,16,11,57,86352.0,5340820.0,3.0,86441.0,28813.666666666668,47.0,10,230.0,4,17,,12.0,5.38,306.65999999999997,0,452.0,2200.0
2023,1115,78,losail,Qatar,1,842,gasly,214,GAS,alpine,7,12,57,86310.0,5341468.0,3.0,93477.0,31159.0,46.0,11,90.0,6,7,84553.0,12.0,5.38,306.65999999999997,0,296.0,802.0
2023,1115,78,losail,Qatar,1,844,leclerc,6,LEC,ferrari,5,5,57,84992.0,5298144.0,3.0,83614.0,27871.333333333332,145.0,6,298.0,3,5,84424.0,12.0,5.38,306.65999999999997,0,992.0,2554.0
2023,1115,78,losail,Qatar,1,846,norris,1,NOR,mclaren,10,3,57,84842.0,5265137.0,3.0,83422.0,27807.333333333332,136.0,7,219.0,5,10,,12.0,5.38,306.65999999999997,0,709.0,1396.0
2023,1115,78,losail,Qatar,1,847,russell,131,RUS,mercedes,2,4,57,85770.0,5293287.0,4.0,124733.0,31183.25,132.0,8,326.0,2,2,84219.0,12.0,5.38,306.65999999999997,0,972.0,2896.0
2023,1115,78,losail,Qatar,1,848,albon,3,ALB,williams,13,13,57,86666.0,5350182.0,3.0,86981.0,28993.666666666668,23.0,13,23.0,7,14,,12.0,5.38,306.65999999999997,0,148.0,190.0
2023,1115,78,losail,Qatar,11,852,tsunoda,213,TSU,alphatauri,11,15,56,87174.0,,3.0,83186.0,27728.666666666668,3.0,17,5.0,10,11,,12.0,5.38,301.28,0,26.0,40.0
2023,1115,78,losail,Qatar,1,855,zhou,51,ZHO,alfa,19,9,57,86323.0,5335295.0,3.0,86653.0,28884.333333333332,6.0,16,16.0,8,20,,12.0,5.38,306.65999999999997,0,42.0,110.0
2023,1115,78,losail,Qatar,1,857,piastri,1,PIA,mclaren,6,2,57,84921.0,5264001.0,3.0,84232.0,28077.333333333332,83.0,9,219.0,5,6,84540.0,12.0,5.38,306.65999999999997,0,342.0,1512.0
2023,1115,78,losail,Qatar,139,858,sargeant,3,SAR,williams,15,0,40,87983.0,,2.0,58809.0,29404.5,0.0,20,23.0,7,16,,12.0,5.38,215.2,0,0.0,202.0
2023,1115,78,losail,Qatar,11,859,lawson,213,LAW,alphatauri,17,17,56,87113.0,,3.0,86166.0,28722.0,2.0,19,5.0,10,18,,12.0,5.38,301.28,0,6.0,42.0
2023,1116,69,americas,USA,2,1,hamilton,131,HAM,mercedes,3,0,56,99582.0,,2.0,49564.0,24782.0,201.0,3,344.0,2,3,94862.0,161.0,5.513,308.728,0,1593.0,2985.0
2023,1116,69,americas,USA,140,4,alonso,117,ALO,aston_martin,0,0,49,99954.0,,2.0,49878.0,24939.0,183.0,4,236.0,5,17,,161.0,5.513,270.137,0,1604.0,2221.0
2023,1116,69,americas,USA,1,807,hulkenberg,210,HUL,haas,0,11,56,100925.0,5811266.0,2.0,50881.0,25440.5,9.0,15,12.0,9,16,,161.0,5.513,308.728,0,90.0,117.0
2023,1116,69,americas,USA,1,815,perez,9,PER,red_bull,9,4,56,99737.0,5739822.0,2.0,47992.0,23996.0,240.0,2,706.0,1,9,95173.0,161.0,5.513,308.728,0,1994.0,6166.0
2023,1116,69,americas,USA,11,817,ricciardo,213,RIC,alphatauri,14,15,55,99366.0,,2.0,50476.0,25238.0,0.0,22,10.0,10,15,,161.0,5.513,303.215,0,213.0,49.0
2023,1116,69,americas,USA,1,822,bottas,51,BOT,alfa,13,12,56,101972.0,5819963.0,2.0,49803.0,24901.5,10.0,14,16.0,8,13,,161.0,5.513,308.728,0,63.0,117.0
2023,1116,69,americas,USA,11,825,kevin_magnussen,210,MAG,haas,0,14,55,101506.0,,2.0,49812.0,24906.0,3.0,18,12.0,9,14,,161.0,5.513,303.215,0,24.0,118.0
2023,1116,69,americas,USA,1,830,max_verstappen,9,VER,red_bull,6,1,56,100028.0,5721362.0,2.0,48730.0,24365.0,466.0,1,706.0,1,6,95081.0,161.0,5.513,308.728,0,3455.0,6332.0
2023,1116,69,americas,USA,1,832,sainz,6,SAI,ferrari,4,3,56,100034.0,5736496.0,2.0,47341.0,23670.5,171.0,5,322.0,3,4,94945.0,161.0,5.513,308.728,0,1179.0,2675.0
2023,1116,69,americas,USA,130,839,ocon,214,OCO,alpine,8,0,6,104789.0,,0.0,0.0,0.0,44.0,12,100.0,6,8,95154.0,161.0,5.513,33.078,0,362.0,829.0
2023,1116,69,americas,USA,1,840,stroll,117,STR,aston_martin,0,7,56,99908.0,5770058.0,2.0,48412.0,24206.0,53.0,11,236.0,5,19,,161.0,5.513,308.728,0,468.0,2242.0
2023,1116,69,americas,USA,1,842,gasly,214,GAS,alpine,7,6,56,100412.0,5769358.0,2.0,48780.0,24390.0,56.0,10,100.0,6,7,95089.0,161.0,5.513,308.728,0,337.0,856.0
2023,1116,69,americas,USA,2,844,leclerc,6,LEC,ferrari,1,0,56,,,1.0,23963.0,23963.0,151.0,7,322.0,3,1,94723.0,161.0,5.513,308.728,0,1089.0,2796.0
2023,1116,69,americas,USA,1,846,norris,1,NOR,mclaren,2,2,56,99985.0,5732092.0,2.0,47516.0,23758.0,159.0,6,242.0,4,2,94853.0,161.0,5.513,308.728,0,856.0,1643.0
2023,1116,69,americas,USA,1,847,russell,131,RUS,mercedes,5,5,56,99393.0,5746361.0,2.0,48326.0,24163.0,143.0,8,344.0,2,5,95079.0,161.0,5.513,308.728,0,1050.0,3074.0
2023,1116,69,americas,USA,1,848,albon,3,ALB,williams,15,9,56,101371.0,5808076.0,2.0,48917.0,24458.5,25.0,13,26.0,7,18,,161.0,5.513,308.728,0,166.0,213.0
2023,1116,69,americas,USA,1,852,tsunoda,213,TSU,alphatauri,11,8,56,98139.0,5795747.0,3.0,71951.0,23983.666666666668,8.0,16,10.0,10,11,,161.0,5.513,308.728,0,32.0,56.0
2023,1116,69,americas,USA,11,855,zhou,51,ZHO,alfa,12,13,55,101879.0,,2.0,50353.0,25176.5,6.0,17,16.0,8,12,,161.0,5.513,303.215,0,44.0,124.0
2023,1116,69,americas,USA,21,857,piastri,1,PIA,mclaren,10,0,10,102705.0,,0.0,0.0,0.0,83.0,9,242.0,4,10,95467.0,161.0,5.513,55.129999999999995,0,420.0,1774.0
2023,1116,69,americas,USA,1,858,sargeant,3,SAR,williams,16,10,56,101238.0,5809360.0,2.0,50537.0,25268.5,1.0,20,26.0,7,20,,161.0,5.513,308.728,0,1.0,224.0
2023,1117,32,rodriguez,Mexico,1,1,hamilton,131,HAM,mercedes,6,2,71,81334.0,7364689.0,2.0,1235118.0,617559.0,220.0,3,371.0,2,6,77454.0,2227.0,4.304,305.584,0,1707.0,3172.0
2023,1117,32,rodriguez,Mexico,54,4,alonso,117,ALO,aston_martin,13,0,47,83531.0,,2.0,1252681.0,626340.5,183.0,5,236.0,5,13,,2227.0,4.304,202.288,0,1656.0,2261.0
2023,1117,32,rodriguez,Mexico,1,807,hulkenberg,210,HUL,haas,12,13,71,83222.0,7431123.0,2.0,1242970.0,621485.0,9.0,15,12.0,10,12,,2227.0,4.304,305.584,0,90.0,119.0
2023,1117,32,rodriguez,Mexico,130,815,perez,9,PER,red_bull,5,0,1,,,0.0,0.0,0.0,240.0,2,731.0,1,5,77423.0,2227.0,4.304,4.304,0,2086.0,6480.0
2023,1117,32,rodriguez,Mexico,1,817,ricciardo,213,RIC,alphatauri,4,7,71,82679.0,7392384.0,2.0,1239542.0,619771.0,6.0,17,16.0,8,4,77382.0,2227.0,4.304,305.584,0,200.0,69.0
2023,1117,32,rodriguez,Mexico,1,822,bottas,51,BOT,alfa,9,15,71,83166.0,7436411.0,2.0,1252987.0,626493.5,10.0,14,16.0,9,9,78032.0,2227.0,4.304,305.584,0,68.0,130.0
2023,1117,32,rodriguez,Mexico,3,825,kevin_magnussen,210,MAG,haas,16,0,31,83146.0,,1.0,23642.0,23642.0,3.0,19,12.0,10,17,,2227.0,4.304,133.424,0,25.0,120.0
2023,1117,32,rodriguez,Mexico,1,830,max_verstappen,9,VER,red_bull,3,1,71,81644.0,7350814.0,3.0,1253935.0,417978.3333333333,491.0,1,731.0,1,3,77263.0,2227.0,4.304,305.584,0,3717.0,6628.0
2023,1117,32,rodriguez,Mexico,1,832,sainz,6,SAI,ferrari,2,4,71,82539.0,7377968.0,2.0,1237499.0,618749.5,183.0,4,349.0,3,2,77233.0,2227.0,4.304,305.584,0,1280.0,2917.0
2023,1117,32,rodriguez,Mexico,1,839,ocon,214,OCO,alpine,15,10,71,82976.0,7413693.0,1.0,1226296.0,1226296.0,45.0,12,101.0,6,16,,2227.0,4.304,305.584,0,376.0,884.0
2023,1117,32,rodriguez,Mexico,130,840,stroll,117,STR,aston_martin,0,17,66,83257.0,,2.0,1252268.0,626134.0,53.0,11,236.0,5,18,,2227.0,4.304,284.064,0,477.0,2280.0
2023,1117,32,rodriguez,Mexico,1,842,gasly,214,GAS,alpine,11,11,71,83230.0,7417022.0,2.0,1248325.0,624162.5,56.0,10,101.0,6,11,,2227.0,4.304,305.584,0,377.0,912.0
2023,1117,32,rodriguez,Mexico,1,844,leclerc,6,LEC,ferrari,1,3,71,82332.0,7373938.0,2.0,1232760.0,616380.0,166.0,7,349.0,3,1,77166.0,2227.0,4.304,305.584,0,1183.0,3038.0
2023,1117,32,rodriguez,Mexico,1,846,norris,1,NOR,mclaren,17,5,71,81944.0,7384080.0,3.0,1272357.0,424119.0,169.0,6,256.0,4,19,,2227.0,4.304,305.584,0,1001.0,1915.0
2023,1117,32,rodriguez,Mexico,1,847,russell,131,RUS,mercedes,8,6,71,82780.0,7391834.0,2.0,1240511.0,620255.5,151.0,8,371.0,2,8,77674.0,2227.0,4.304,305.584,0,1129.0,3270.0
2023,1117,32,rodriguez,Mexico,1,848,albon,3,ALB,williams,14,9,71,82773.0,7399387.0,2.0,1251660.0,625830.0,27.0,13,28.0,7,14,,2227.0,4.304,305.584,0,186.0,231.0
2023,1117,32,rodriguez,Mexico,1,852,tsunoda,213,TSU,alphatauri,18,12,71,82501.0,7429796.0,2.0,1248178.0,624089.0,8.0,16,16.0,8,15,,2227.0,4.304,305.584,0,38.0,82.0
2023,1117,32,rodriguez,Mexico,1,855,zhou,51,ZHO,alfa,10,14,71,83567.0,7432490.0,2.0,1252356.0,626178.0,6.0,18,16.0,9,10,78050.0,2227.0,4.304,305.584,0,46.0,136.0
2023,1117,32,rodriguez,Mexico,1,857,piastri,1,PIA,mclaren,7,8,71,82760.0,7393918.0,2.0,1242798.0,621399.0,87.0,9,256.0,4,7,77623.0,2227.0,4.304,305.584,0,502.0,2056.0
2023,1117,32,rodriguez,Mexico,31,858,sargeant,3,SAR,williams,19,16,70,83003.0,,2.0,1251663.0,625831.5,1.0,21,28.0,7,20,,2227.0,4.304,301.28000000000003,0,2.0,238.0
2023,1118,18,interlagos,Brazil,1,1,hamilton,131,HAM,mercedes,5,8,71,74739.0,7071753.0,4.0,1472541.0,368135.25,226.0,3,382.0,2,5,71469.0,785.0,4.309,305.939,0,1812.0,3363.0
2023,1118,18,interlagos,Brazil,1,4,alonso,117,ALO,aston_martin,4,3,71,74442.0,7043049.0,4.0,1474675.0,368668.75,198.0,4,261.0,5,4,71387.0,785.0,4.309,305.939,0,1717.0,2324.0
2023,1118,18,interlagos,Brazil,11,807,hulkenberg,210,HUL,haas,11,12,70,75036.0,,4.0,1503572.0,375893.0,9.0,16,12.0,10,11,,785.0,4.309,301.63,0,90.0,120.0
2023,1118,18,interlagos,Brazil,1,815,perez,9,PER,red_bull,9,4,71,74124.0,7043102.0,4.0,1479209.0,369802.25,258.0,2,782.0,1,9,72321.0,785.0,4.309,305.939,0,2188.0,6813.0
2023,1118,18,interlagos,Brazil,11,817,ricciardo,213,RIC,alphatauri,17,13,70,73866.0,,4.0,1656958.0,414239.5,6.0,17,21.0,8,17,,785.0,4.309,301.63,0,177.0,98.0
2023,1118,18,interlagos,Brazil,5,822,bottas,51,BOT,alfa,18,0,39,75731.0,,3.0,1462965.0,487655.0,10.0,15,16.0,9,18,,785.0,4.309,168.05100000000002,0,73.0,142.0
2023,1118,18,interlagos,Brazil,4,825,kevin_magnussen,210,MAG,haas,12,0,0,,,0.0,0.0,0.0,3.0,19,12.0,10,14,,785.0,4.309,0.0,0,26.0,120.0
2023,1118,18,interlagos,Brazil,1,830,max_verstappen,9,VER,red_bull,1,1,71,73422.0,7008894.0,4.0,1467558.0,366889.5,524.0,1,782.0,1,1,70727.0,785.0,4.309,305.939,0,3986.0,6998.0
2023,1118,18,interlagos,Brazil,1,832,sainz,6,SAI,ferrari,7,6,71,74406.0,7059082.0,4.0,1483995.0,370998.75,192.0,6,362.0,3,8,71989.0,785.0,4.309,305.939,0,1389.0,3135.0
2023,1118,18,interlagos,Brazil,11,839,ocon,214,OCO,alpine,14,10,70,74206.0,,5.0,1508976.0,301795.2,46.0,12,108.0,6,12,,785.0,4.309,301.63,0,391.0,939.0
2023,1118,18,interlagos,Brazil,1,840,stroll,117,STR,aston_martin,3,5,71,74007.0,7049739.0,4.0,1477340.0,369335.0,63.0,10,261.0,5,3,71344.0,785.0,4.309,305.939,0,496.0,2368.0
2023,1118,18,interlagos,Brazil,1,842,gasly,214,GAS,alpine,15,7,71,74521.0,7064987.0,4.0,1486107.0,371526.75,62.0,11,108.0,6,13,,785.0,4.309,305.939,0,423.0,966.0
2023,1118,18,interlagos,Brazil,5,844,leclerc,6,LEC,ferrari,0,0,0,,,0.0,0.0,0.0,170.0,7,362.0,3,2,71021.0,785.0,4.309,0.0,0,1279.0,3232.0
2023,1118,18,interlagos,Brazil,1,846,norris,1,NOR,mclaren,6,2,71,72486.0,7017171.0,4.0,1471467.0,367866.75,195.0,5,282.0,4,7,71987.0,785.0,4.309,305.939,0,1154.0,2199.0
2023,1118,18,interlagos,Brazil,25,847,russell,131,RUS,mercedes,8,0,57,74934.0,,4.0,1479125.0,369781.25,156.0,8,382.0,2,6,71590.0,785.0,4.309,245.613,0,1203.0,3456.0
2023,1118,18,interlagos,Brazil,4,848,albon,3,ALB,williams,13,0,0,,,0.0,0.0,0.0,27.0,13,28.0,7,15,,785.0,4.309,0.0,0,202.0,245.0
2023,1118,18,interlagos,Brazil,1,852,tsunoda,213,TSU,alphatauri,16,9,71,74231.0,7078774.0,4.0,1486956.0,371739.0,13.0,14,21.0,8,16,,785.0,4.309,305.939,0,49.0,114.0
2023,1118,18,interlagos,Brazil,5,855,zhou,51,ZHO,alfa,20,0,22,76232.0,,3.0,1465154.0,488384.6666666667,6.0,18,16.0,9,20,,785.0,4.309,94.798,0,48.0,148.0
2023,1118,18,interlagos,Brazil,12,857,piastri,1,PIA,mclaren,10,14,69,74310.0,,4.0,1669370.0,417342.5,87.0,9,282.0,4,10,,785.0,4.309,297.321,0,572.0,2342.0
2023,1118,18,interlagos,Brazil,11,858,sargeant,3,SAR,williams,19,11,70,75738.0,,4.0,1497183.0,374295.75,1.0,21,28.0,7,19,,785.0,4.309,301.63,0,3.0,252.0
2023,1119,80,vegas,United States,1,1,hamilton,131,HAM,mercedes,10,7,50,95716.0,5370044.0,2.0,47555.0,23777.5,232.0,3,392.0,2,11,,642.0,6.201,310.04999999999995,1,1911.0,3543.0
2023,1119,80,vegas,United States,1,4,alonso,117,ALO,aston_martin,9,9,50,96559.0,5374253.0,2.0,52518.0,26259.0,200.0,5,273.0,5,10,93555.0,642.0,6.201,310.04999999999995,1,1778.0,2420.0
2023,1119,80,vegas,United States,5,807,hulkenberg,210,HUL,haas,13,19,45,97565.0,,2.0,47607.0,23803.5,9.0,16,12.0,10,13,,642.0,6.201,279.04499999999996,1,90.0,120.0
2023,1119,80,vegas,United States,1,815,perez,9,PER,red_bull,11,3,50,95939.0,5350530.0,2.0,55167.0,27583.5,273.0,2,822.0,1,12,,642.0,6.201,310.04999999999995,1,2290.0,7197.0
2023,1119,80,vegas,United States,1,817,ricciardo,213,RIC,alphatauri,14,14,50,97108.0,5396814.0,1.0,22242.0,22242.0,6.0,17,21.0,8,15,,642.0,6.201,310.04999999999995,1,154.0,130.0
2023,1119,80,vegas,United States,1,822,bottas,51,BOT,alfa,7,17,50,97562.0,5433639.0,2.0,65489.0,32744.5,10.0,15,16.0,9,8,93525.0,642.0,6.201,310.04999999999995,1,78.0,154.0
2023,1119,80,vegas,United States,1,825,kevin_magnussen,210,MAG,haas,8,13,50,97455.0,5393114.0,2.0,43479.0,21739.5,3.0,19,12.0,10,9,93537.0,642.0,6.201,310.04999999999995,1,27.0,120.0
2023,1119,80,vegas,United States,1,830,max_verstappen,9,VER,red_bull,2,1,50,95614.0,5348289.0,2.0,48009.0,24004.5,549.0,1,822.0,1,3,93104.0,642.0,6.201,310.04999999999995,1,4254.0,7396.0
2023,1119,80,vegas,United States,1,832,sainz,6,SAI,ferrari,12,6,50,95984.0,5369123.0,2.0,43891.0,21945.5,200.0,4,388.0,3,2,92770.0,642.0,6.201,310.04999999999995,1,1502.0,3335.0
2023,1119,80,vegas,United States,1,839,ocon,214,OCO,alpine,16,4,50,96637.0,5366954.0,1.0,21763.0,21763.0,58.0,12,120.0,6,17,,642.0,6.201,310.04999999999995,1,418.0,1002.0
2023,1119,80,vegas,United States,1,840,stroll,117,STR,aston_martin,19,5,50,96584.0,5368356.0,2.0,44792.0,22396.0,73.0,10,273.0,5,14,,642.0,6.201,310.04999999999995,1,524.0,2472.0
2023,1119,80,vegas,United States,1,842,gasly,214,GAS,alpine,4,11,50,96913.0,5382559.0,1.0,22262.0,22262.0,62.0,11,120.0,6,5,93239.0,642.0,6.201,310.04999999999995,1,469.0,1038.0
2023,1119,80,vegas,United States,1,844,leclerc,6,LEC,ferrari,1,2,50,95669.0,5350359.0,1.0,22559.0,22559.0,188.0,7,388.0,3,1,92726.0,642.0,6.201,310.04999999999995,1,1387.0,3438.0
2023,1119,80,vegas,United States,3,846,norris,1,NOR,mclaren,15,0,2,119327.0,,0.0,0.0,0.0,195.0,6,284.0,4,16,,642.0,6.201,12.402,1,1289.0,2454.0
2023,1119,80,vegas,United States,1,847,russell,131,RUS,mercedes,3,8,50,96071.0,5371380.0,2.0,43209.0,21604.5,160.0,8,392.0,2,4,93112.0,642.0,6.201,310.04999999999995,1,1273.0,3630.0
2023,1119,80,vegas,United States,1,848,albon,3,ALB,williams,5,12,50,97357.0,5391687.0,1.0,21242.0,21242.0,27.0,13,28.0,7,6,93323.0,642.0,6.201,310.04999999999995,1,218.0,259.0
2023,1119,80,vegas,United States,6,852,tsunoda,213,TSU,alphatauri,20,18,46,97587.0,,2.0,41513.0,20756.5,13.0,14,21.0,8,20,,642.0,6.201,285.246,1,60.0,146.0
2023,1119,80,vegas,United States,1,855,zhou,51,ZHO,alfa,17,15,50,97375.0,5398451.0,1.0,22155.0,22155.0,6.0,18,16.0,9,18,,642.0,6.201,310.04999999999995,1,50.0,160.0
2023,1119,80,vegas,United States,1,857,piastri,1,PIA,mclaren,18,10,50,95490.0,5377785.0,2.0,43804.0,21902.0,89.0,9,284.0,4,19,,642.0,6.201,310.04999999999995,1,634.0,2566.0
2023,1119,80,vegas,United States,1,858,sargeant,3,SAR,williams,6,16,50,97740.0,5399171.0,1.0,21367.0,21367.0,1.0,21,28.0,7,7,93513.0,642.0,6.201,310.04999999999995,1,4.0,266.0
2023,1120,24,yas_marina,UAE,1,1,hamilton,131,HAM,mercedes,11,9,58,88372.0,5267048.0,2.0,44240.0,22120.0,234.0,3,409.0,2,11,84359.0,3.0,5.554,322.132,0,1997.0,3713.0
2023,1120,24,yas_marina,UAE,1,4,alonso,117,ALO,aston_martin,7,7,58,88256.0,5262136.0,2.0,44303.0,22151.5,206.0,4,280.0,5,7,84084.0,3.0,5.554,322.132,0,1835.0,2522.0
2023,1120,24,yas_marina,UAE,1,807,hulkenberg,210,HUL,haas,8,15,58,89217.0,5306320.0,2.0,43942.0,21971.0,9.0,16,12.0,10,8,84108.0,3.0,5.554,322.132,0,90.0,120.0
2023,1120,24,yas_marina,UAE,1,815,perez,9,PER,red_bull,9,4,58,87493.0,5244077.0,2.0,42720.0,21360.0,285.0,2,860.0,1,9,84171.0,3.0,5.554,322.132,0,2386.0,7599.0
2023,1120,24,yas_marina,UAE,1,817,ricciardo,213,RIC,alphatauri,15,11,58,88571.0,5278853.0,2.0,43432.0,21716.0,6.0,17,25.0,8,15,84442.0,3.0,5.554,322.132,0,131.0,166.0
2023,1120,24,yas_marina,UAE,11,822,bottas,51,BOT,alfa,18,19,57,89863.0,,1.0,22665.0,22665.0,10.0,15,16.0,9,18,84788.0,3.0,5.554,316.57800000000003,0,83.0,160.0
2023,1120,24,yas_marina,UAE,11,825,kevin_magnussen,210,MAG,haas,17,20,57,89934.0,,2.0,44927.0,22463.5,3.0,19,12.0,10,17,84764.0,3.0,5.554,316.57800000000003,0,28.0,120.0
2023,1120,24,yas_marina,UAE,1,830,max_verstappen,9,VER,red_bull,1,1,58,86993.0,5222624.0,2.0,42937.0,21468.5,575.0,1,860.0,1,1,83445.0,3.0,5.554,322.132,0,4515.0,7802.0
2023,1120,24,yas_marina,UAE,31,832,sainz,6,SAI,ferrari,16,18,57,89452.0,,2.0,42793.0,21396.5,200.0,7,406.0,3,16,84738.0,3.0,5.554,316.57800000000003,0,1610.0,3546.0
2023,1120,24,yas_marina,UAE,1,839,ocon,214,OCO,alpine,12,12,58,90033.0,5288997.0,1.0,22160.0,22160.0,58.0,12,120.0,6,12,84391.0,3.0,5.554,322.132,0,441.0,1068.0
2023,1120,24,yas_marina,UAE,1,840,stroll,117,STR,aston_martin,13,10,58,88050.0,5278256.0,2.0,43533.0,21766.5,74.0,10,280.0,5,13,84422.0,3.0,5.554,322.132,0,551.0,2572.0
2023,1120,24,yas_marina,UAE,1,842,gasly,214,GAS,alpine,10,13,58,89016.0,5292984.0,2.0,46569.0,23284.5,62.0,11,120.0,6,10,84548.0,3.0,5.554,322.132,0,509.0,1098.0
2023,1120,24,yas_marina,UAE,1,844,leclerc,6,LEC,ferrari,2,2,58,88199.0,5240617.0,2.0,43165.0,21582.5,206.0,5,406.0,3,2,83584.0,3.0,5.554,322.132,0,1494.0,3654.0
2023,1120,24,yas_marina,UAE,1,846,norris,1,NOR,mclaren,5,5,58,88164.0,5246908.0,2.0,45493.0,22746.5,205.0,6,302.0,4,5,83816.0,3.0,5.554,322.132,0,1425.0,2649.0
2023,1120,24,yas_marina,UAE,1,847,russell,131,RUS,mercedes,4,3,58,88187.0,5242952.0,2.0,43734.0,21867.0,175.0,8,409.0,2,4,83788.0,3.0,5.554,322.132,0,1349.0,3796.0
2023,1120,24,yas_marina,UAE,1,848,albon,3,ALB,williams,14,14,58,87845.0,5295808.0,2.0,44089.0,22044.5,27.0,13,28.0,7,14,84439.0,3.0,5.554,322.132,0,234.0,271.0
2023,1120,24,yas_marina,UAE,1,852,tsunoda,213,TSU,alphatauri,6,8,58,89256.0,5265712.0,1.0,21486.0,21486.0,17.0,14,25.0,8,6,83968.0,3.0,5.554,322.132,0,74.0,186.0
2023,1120,24,yas_marina,UAE,1,855,zhou,51,ZHO,alfa,19,17,58,88746.0,5312046.0,2.0,45212.0,22606.0,6.0,18,16.0,9,19,85159.0,3.0,5.554,322.132,0,52.0,160.0
2023,1120,24,yas_marina,UAE,1,857,piastri,1,PIA,mclaren,3,6,58,88138.0,5254111.0,2.0,42853.0,21426.5,97.0,9,302.0,4,3,83782.0,3.0,5.554,322.132,0,697.0,2732.0
2023,1120,24,yas_marina,UAE,1,858,sargeant,3,SAR,williams,20,16,58,88580.0,5310415.0,2.0,44004.0,22002.0,1.0,21,28.0,7,20,,3.0,5.554,322.132,0,5.0,276.0
2024,1121,3,bahrain,Bahrain,1,1,hamilton,131,HAM,mercedes,9,7,57,94722.0,5555066.0,2.0,49181.0,24590.5,6.0,7,16.0,3,9,89710.0,7.0,5.412,308.484,0,1847.0,3468.0
2024,1121,3,bahrain,Bahrain,1,4,alonso,117,ALO,aston_martin,6,9,57,94199.0,5579629.0,2.0,49895.0,24947.5,2.0,9,3.0,5,6,89542.0,7.0,5.412,308.484,0,1669.0,2339.0
2024,1121,3,bahrain,Bahrain,11,807,hulkenberg,210,HUL,haas,10,16,56,94834.0,,3.0,85759.0,28586.333333333332,0.0,16,0.0,7,10,90502.0,7.0,5.412,303.072,0,81.0,108.0
2024,1121,3,bahrain,Bahrain,1,815,perez,9,PER,red_bull,5,2,57,94364.0,5527199.0,2.0,49079.0,24539.5,18.0,2,44.0,1,5,89537.0,7.0,5.412,308.484,0,2203.0,7140.0
2024,1121,3,bahrain,Bahrain,11,817,ricciardo,215,RIC,rb,14,13,56,95163.0,,2.0,49844.0,24922.0,0.0,13,0.0,8,14,,7.0,5.412,303.072,0,96.0,0.0
2024,1121,3,bahrain,Bahrain,11,822,bottas,15,BOT,sauber,16,19,56,96202.0,,2.0,101193.0,50596.5,0.0,19,0.0,6,16,,7.0,5.412,303.072,0,78.0,335.0
2024,1121,3,bahrain,Bahrain,11,825,kevin_magnussen,210,MAG,haas,15,12,56,95570.0,,2.0,50397.0,25198.5,0.0,12,0.0,7,15,,7.0,5.412,303.072,0,26.0,96.0
2024,1121,3,bahrain,Bahrain,1,830,max_verstappen,9,VER,red_bull,1,1,57,92608.0,5504742.0,2.0,49273.0,24636.5,26.0,1,44.0,1,1,89179.0,7.0,5.412,308.484,0,4202.0,6478.0
2024,1121,3,bahrain,Bahrain,1,832,sainz,6,SAI,ferrari,4,3,57,94507.0,5529852.0,2.0,48340.0,24170.0,15.0,3,27.0,2,4,89507.0,7.0,5.412,308.484,0,1523.0,3359.0
2024,1121,3,bahrain,Bahrain,11,839,ocon,214,OCO,alpine,19,17,56,96226.0,,2.0,50022.0,25011.0,0.0,17,0.0,10,19,,7.0,5.412,303.072,0,405.0,998.0
2024,1121,3,bahrain,Bahrain,1,840,stroll,117,STR,aston_martin,12,10,57,95632.0,5597958.0,2.0,48963.0,24481.5,1.0,10,3.0,5,12,,7.0,5.412,308.484,0,505.0,2106.0
2024,1121,3,bahrain,Bahrain,11,842,gasly,214,GAS,alpine,20,18,56,94805.0,,3.0,81682.0,27227.333333333332,0.0,18,0.0,10,20,,7.0,5.412,303.072,0,472.0,898.0
2024,1121,3,bahrain,Bahrain,1,844,leclerc,6,LEC,ferrari,2,4,57,94090.0,5544411.0,2.0,48205.0,24102.5,12.0,4,27.0,2,2,89407.0,7.0,5.412,308.484,0,1407.0,3064.0
2024,1121,3,bahrain,Bahrain,1,846,norris,1,NOR,mclaren,7,6,57,94476.0,5553200.0,2.0,48910.0,24455.0,8.0,6,12.0,4,7,89614.0,7.0,5.412,308.484,0,1358.0,2502.0
2024,1121,3,bahrain,Bahrain,1,847,russell,131,RUS,mercedes,3,5,57,95065.0,5551530.0,2.0,49644.0,24822.0,10.0,5,16.0,3,3,89485.0,7.0,5.412,308.484,0,1260.0,3140.0
2024,1121,3,bahrain,Bahrain,11,848,albon,3,ALB,williams,13,15,56,95723.0,,2.0,49291.0,24645.5,0.0,15,0.0,9,13,,7.0,5.412,303.072,0,219.0,250.0
2024,1121,3,bahrain,Bahrain,11,852,tsunoda,215,TSU,rb,11,14,56,95833.0,,2.0,49048.0,24524.0,0.0,14,0.0,8,11,,7.0,5.412,303.072,0,71.0,0.0
2024,1121,3,bahrain,Bahrain,11,855,zhou,15,ZHO,sauber,17,11,56,95458.0,,2.0,50302.0,25151.0,0.0,11,0.0,6,17,,7.0,5.412,303.072,0,48.0,308.0
2024,1121,3,bahrain,Bahrain,1,857,piastri,1,PIA,mclaren,8,8,57,94983.0,5560824.0,2.0,50302.0,25151.0,4.0,8,12.0,4,8,89683.0,7.0,5.412,308.484,0,665.0,2272.0
2024,1121,3,bahrain,Bahrain,12,858,sargeant,3,SAR,williams,18,20,55,94735.0,,3.0,86145.0,28715.0,0.0,20,0.0,9,18,,7.0,5.412,297.65999999999997,0,5.0,224.0
2024,1122,77,jeddah,Saudi Arabia,1,1,hamilton,131,HAM,mercedes,8,9,50,91746.0,4890664.0,1.0,20170.0,20170.0,8.0,9,26.0,4,8,88460.0,15.0,6.174,308.70000000000005,1,1691.0,2795.0
2024,1122,77,jeddah,Saudi Arabia,1,4,alonso,117,ALO,aston_martin,4,5,50,92387.0,4879032.0,1.0,22129.0,22129.0,12.0,7,13.0,5,4,87846.0,15.0,6.174,308.70000000000005,1,1511.0,1883.0
2024,1122,77,jeddah,Saudi Arabia,1,807,hulkenberg,210,HUL,haas,15,10,50,92366.0,4920269.0,1.0,21035.0,21035.0,1.0,11,1.0,6,15,89055.0,15.0,6.174,308.70000000000005,1,73.0,85.0
2024,1122,77,jeddah,Saudi Arabia,1,815,perez,9,PER,red_bull,3,2,50,92273.0,4862704.0,1.0,22196.0,22196.0,36.0,2,87.0,1,3,87807.0,15.0,6.174,308.70000000000005,1,2020.0,5834.0
2024,1122,77,jeddah,Saudi Arabia,11,817,ricciardo,215,RIC,rb,14,16,49,93323.0,,1.0,63364.0,63364.0,0.0,16,0.0,9,14,89025.0,15.0,6.174,302.526,1,61.0,0.0
2024,1122,77,jeddah,Saudi Arabia,11,822,bottas,15,BOT,sauber,16,17,49,92706.0,,2.0,46076.0,23038.0,0.0,20,0.0,8,16,89179.0,15.0,6.174,302.526,1,72.0,280.0
2024,1122,77,jeddah,Saudi Arabia,1,825,kevin_magnussen,210,MAG,haas,13,12,50,92338.0,4955646.0,1.0,21460.0,21460.0,0.0,15,1.0,6,13,89020.0,15.0,6.174,308.70000000000005,1,24.0,74.0
2024,1122,77,jeddah,Saudi Arabia,1,830,max_verstappen,9,VER,red_bull,1,1,50,91773.0,4843273.0,1.0,20607.0,20607.0,51.0,1,87.0,1,1,87472.0,15.0,6.174,308.70000000000005,1,3889.0,5190.0
2024,1122,77,jeddah,Saudi Arabia,11,839,ocon,214,OCO,alpine,17,13,49,93481.0,,1.0,22502.0,22502.0,0.0,17,0.0,10,17,89475.0,15.0,6.174,302.526,1,369.0,797.0
2024,1122,77,jeddah,Saudi Arabia,3,840,stroll,117,STR,aston_martin,10,0,5,95560.0,,0.0,0.0,0.0,1.0,12,13.0,5,10,88572.0,15.0,6.174,30.87,1,459.0,1660.0
2024,1122,77,jeddah,Saudi Arabia,6,842,gasly,214,GAS,alpine,18,0,1,,,0.0,0.0,0.0,0.0,21,0.0,10,18,89479.0,15.0,6.174,6.174,1,435.0,696.0
2024,1122,77,jeddah,Saudi Arabia,1,844,leclerc,6,LEC,ferrari,2,3,50,91632.0,4861912.0,1.0,23419.0,23419.0,28.0,3,49.0,2,2,87791.0,15.0,6.174,308.70000000000005,1,1324.0,2764.0
2024,1122,77,jeddah,Saudi Arabia,1,846,norris,1,NOR,mclaren,6,8,50,91944.0,4888981.0,1.0,22211.0,22211.0,12.0,8,28.0,3,6,88132.0,15.0,6.174,308.70000000000005,1,1291.0,2044.0
2024,1122,77,jeddah,Saudi Arabia,1,847,russell,131,RUS,mercedes,7,6,50,92254.0,4883209.0,1.0,21013.0,21013.0,18.0,4,26.0,4,7,88316.0,15.0,6.174,308.70000000000005,1,1169.0,2450.0
2024,1122,77,jeddah,Saudi Arabia,1,848,albon,3,ALB,williams,12,11,50,92307.0,4931627.0,1.0,21723.0,21723.0,0.0,13,0.0,7,12,88980.0,15.0,6.174,308.70000000000005,1,198.0,196.0
2024,1122,77,jeddah,Saudi Arabia,11,852,tsunoda,215,TSU,rb,9,15,49,93026.0,,1.0,21694.0,21694.0,0.0,18,0.0,9,9,88547.0,15.0,6.174,302.526,1,68.0,0.0
2024,1122,77,jeddah,Saudi Arabia,11,855,zhou,15,ZHO,sauber,20,18,49,92208.0,,1.0,46381.0,46381.0,0.0,14,0.0,8,20,,15.0,6.174,302.526,1,44.0,252.0
2024,1122,77,jeddah,Saudi Arabia,1,857,piastri,1,PIA,mclaren,5,4,50,92310.0,4875280.0,1.0,21427.0,21427.0,16.0,5,28.0,3,5,88089.0,15.0,6.174,308.70000000000005,1,645.0,1816.0
2024,1122,77,jeddah,Saudi Arabia,11,858,sargeant,3,SAR,williams,19,14,49,93523.0,,1.0,23645.0,23645.0,0.0,19,0.0,7,19,89526.0,15.0,6.174,302.526,1,5.0,168.0
2024,1122,77,jeddah,Saudi Arabia,1,860,bearman,6,BEA,ferrari,11,7,50,92186.0,4885952.0,1.0,22457.0,22457.0,6.0,10,49.0,2,11,88642.0,15.0,6.174,308.70000000000005,1,6.0,2464.0
2024,1123,1,albert_park,Australia,5,1,hamilton,131,HAM,mercedes,11,0,15,82444.0,,1.0,17596.0,17596.0,8.0,10,26.0,4,11,,10.0,5.303,79.545,0,1519.0,2094.0
2024,1123,1,albert_park,Australia,1,4,alonso,117,ALO,aston_martin,10,8,58,80493.0,4927835.0,2.0,36155.0,18077.5,16.0,8,25.0,5,10,77552.0,10.0,5.303,307.574,0,1357.0,1424.0
2024,1123,1,albert_park,Australia,1,807,hulkenberg,210,HUL,haas,16,9,58,81145.0,4931396.0,2.0,36465.0,18232.5,3.0,13,4.0,7,16,,10.0,5.303,307.574,0,67.0,66.0
2024,1123,1,albert_park,Australia,1,815,perez,9,PER,red_bull,6,5,58,80388.0,4883152.0,2.0,35334.0,17667.0,46.0,3,97.0,1,3,76274.0,10.0,5.303,307.574,0,1843.0,4505.0
2024,1123,1,albert_park,Australia,11,817,ricciardo,215,RIC,rb,18,12,57,81239.0,,2.0,36016.0,18008.0,0.0,17,6.0,6,18,,10.0,5.303,302.271,0,24.0,6.0
2024,1123,1,albert_park,Australia,11,822,bottas,15,BOT,sauber,13,14,57,81422.0,,2.0,65907.0,32953.5,0.0,20,0.0,9,13,,10.0,5.303,302.271,0,66.0,216.0
2024,1123,1,albert_park,Australia,11,825,kevin_magnussen,210,MAG,haas,14,10,57,81082.0,,2.0,36452.0,18226.0,1.0,14,4.0,7,14,,10.0,5.303,302.271,0,22.0,58.0
2024,1123,1,albert_park,Australia,23,830,max_verstappen,9,VER,red_bull,1,0,3,83115.0,,0.0,0.0,0.0,51.0,1,97.0,1,1,75915.0,10.0,5.303,15.908999999999999,0,3566.0,3820.0
2024,1123,1,albert_park,Australia,1,832,sainz,6,SAI,ferrari,2,1,58,80031.0,4826843.0,2.0,35339.0,17669.5,40.0,4,93.0,2,2,76185.0,10.0,5.303,307.574,0,1446.0,2195.0
2024,1123,1,albert_park,Australia,11,839,ocon,214,OCO,alpine,15,16,57,81354.0,,3.0,66920.0,22306.666666666668,0.0,18,0.0,10,15,,10.0,5.303,302.271,0,333.0,588.0
2024,1123,1,albert_park,Australia,1,840,stroll,117,STR,aston_martin,9,6,58,80930.0,4920065.0,2.0,35878.0,17939.0,9.0,9,25.0,5,9,77072.0,10.0,5.303,307.574,0,421.0,1188.0
2024,1123,1,albert_park,Australia,11,842,gasly,214,GAS,alpine,17,13,57,81090.0,,2.0,37998.0,18999.0,0.0,19,0.0,10,17,,10.0,5.303,302.271,0,390.0,480.0
2024,1123,1,albert_park,Australia,1,844,leclerc,6,LEC,ferrari,4,2,58,79813.0,4829209.0,2.0,34717.0,17358.5,47.0,2,93.0,2,5,76435.0,10.0,5.303,307.574,0,1248.0,1926.0
2024,1123,1,albert_park,Australia,1,846,norris,1,NOR,mclaren,3,3,58,79915.0,4832747.0,2.0,35429.0,17714.5,27.0,6,55.0,3,4,76315.0,10.0,5.303,307.574,0,1221.0,1589.0
2024,1123,1,albert_park,Australia,3,847,russell,131,RUS,mercedes,7,17,56,80284.0,,2.0,36010.0,18005.0,18.0,7,26.0,4,7,76724.0,10.0,5.303,296.968,0,1078.0,1738.0
2024,1123,1,albert_park,Australia,11,848,albon,3,ALB,williams,12,11,57,81618.0,,2.0,35500.0,17750.0,0.0,15,0.0,8,12,,10.0,5.303,302.271,0,177.0,140.0
2024,1123,1,albert_park,Australia,1,852,tsunoda,215,TSU,rb,8,7,58,81134.0,4922444.0,2.0,36058.0,18029.0,6.0,11,6.0,6,8,76788.0,10.0,5.303,307.574,0,71.0,12.0
2024,1123,1,albert_park,Australia,11,855,zhou,15,ZHO,sauber,19,15,57,81327.0,,2.0,55898.0,27949.0,0.0,16,0.0,9,19,,10.0,5.303,302.271,0,40.0,180.0
2024,1123,1,albert_park,Australia,1,857,piastri,1,PIA,mclaren,5,4,58,80199.0,4862613.0,2.0,36106.0,18053.0,28.0,5,55.0,3,6,76572.0,10.0,5.303,307.574,0,631.0,1362.0
2024,1124,22,suzuka,Japan,1,1,hamilton,131,HAM,mercedes,7,9,53,93952.0,6912192.0,3.0,1627985.0,542661.6666666666,10.0,9,34.0,4,7,88766.0,45.0,5.807,307.771,0,1339.0,1380.0
2024,1124,22,suzuka,Japan,1,4,alonso,117,ALO,aston_martin,5,6,53,94726.0,6907838.0,3.0,1627079.0,542359.6666666666,24.0,8,33.0,5,5,88686.0,45.0,5.807,307.771,0,1207.0,948.0
2024,1124,22,suzuka,Japan,11,807,hulkenberg,210,HUL,haas,12,11,52,95325.0,,3.0,1628501.0,542833.6666666666,3.0,13,4.0,7,12,,45.0,5.807,301.964,0,61.0,50.0
2024,1124,22,suzuka,Japan,1,815,perez,9,PER,red_bull,2,2,53,93945.0,6876101.0,3.0,1623607.0,541202.3333333334,64.0,2,141.0,1,2,88263.0,45.0,5.807,307.771,0,1684.0,3139.0
2024,1124,22,suzuka,Japan,3,817,ricciardo,215,RIC,rb,11,0,0,,,0.0,0.0,0.0,0.0,17,7.0,6,11,,45.0,5.807,0.0,0,24.0,19.0
2024,1124,22,suzuka,Japan,11,822,bottas,15,BOT,sauber,13,14,52,96608.0,,3.0,1633312.0,544437.3333333334,0.0,20,0.0,9,13,,45.0,5.807,301.964,0,60.0,138.0
2024,1124,22,suzuka,Japan,11,825,kevin_magnussen,210,MAG,haas,18,13,52,96654.0,,2.0,1610828.0,805414.0,1.0,14,4.0,7,18,,45.0,5.807,301.964,0,20.0,42.0
2024,1124,22,suzuka,Japan,1,830,max_verstappen,9,VER,red_bull,1,1,53,93706.0,6863566.0,3.0,1622014.0,540671.3333333334,77.0,1,141.0,1,1,88197.0,45.0,5.807,307.771,0,3243.0,2458.0
2024,1124,22,suzuka,Japan,1,832,sainz,6,SAI,ferrari,4,3,53,93841.0,6884432.0,3.0,1626824.0,542274.6666666666,55.0,4,120.0,2,4,88682.0,45.0,5.807,307.771,0,1359.0,1658.0
2024,1124,22,suzuka,Japan,11,839,ocon,214,OCO,alpine,15,15,52,96232.0,,3.0,1633670.0,544556.6666666666,0.0,18,0.0,10,15,,45.0,5.807,301.964,0,295.0,360.0
2024,1124,22,suzuka,Japan,11,840,stroll,117,STR,aston_martin,16,12,52,95798.0,,4.0,1655418.0,413854.5,9.0,10,33.0,5,16,,45.0,5.807,301.964,0,383.0,708.0
2024,1124,22,suzuka,Japan,11,842,gasly,214,GAS,alpine,17,16,52,96642.0,,3.0,1633739.0,544579.6666666666,0.0,19,0.0,10,17,,45.0,5.807,301.964,0,344.0,240.0
2024,1124,22,suzuka,Japan,1,844,leclerc,6,LEC,ferrari,8,4,53,95044.0,6890088.0,2.0,1606618.0,803309.0,59.0,3,120.0,2,8,88786.0,45.0,5.807,307.771,0,1172.0,1390.0
2024,1124,22,suzuka,Japan,1,846,norris,1,NOR,mclaren,3,5,53,95186.0,6893266.0,3.0,1626397.0,542132.3333333334,37.0,5,69.0,3,3,88489.0,45.0,5.807,307.771,0,1143.0,1147.0
2024,1124,22,suzuka,Japan,1,847,russell,131,RUS,mercedes,9,7,53,94404.0,6909517.0,3.0,1627806.0,542602.0,24.0,7,34.0,4,9,89008.0,45.0,5.807,307.771,0,987.0,1022.0
2024,1124,22,suzuka,Japan,3,848,albon,3,ALB,williams,14,0,0,,,0.0,0.0,0.0,0.0,15,0.0,8,14,,45.0,5.807,0.0,0,156.0,112.0
2024,1124,22,suzuka,Japan,11,852,tsunoda,215,TSU,rb,10,10,52,96342.0,,3.0,1631397.0,543799.0,7.0,11,7.0,6,10,89413.0,45.0,5.807,301.964,0,75.0,26.0
2024,1124,22,suzuka,Japan,6,855,zhou,15,ZHO,sauber,20,0,12,97160.0,,3.0,1633475.0,544491.6666666666,0.0,16,0.0,9,20,,45.0,5.807,69.684,0,36.0,96.0
2024,1124,22,suzuka,Japan,1,857,piastri,1,PIA,mclaren,6,8,53,94802.0,6911091.0,3.0,1626472.0,542157.3333333334,32.0,6,69.0,3,6,88760.0,45.0,5.807,307.771,0,606.0,932.0
2024,1124,22,suzuka,Japan,11,858,sargeant,3,SAR,williams,19,17,52,94900.0,,4.0,1658304.0,414576.0,0.0,21,0.0,8,19,,45.0,5.807,301.964,0,5.0,84.0
2024,1125,17,shanghai,China,1,1,hamilton,131,HAM,mercedes,18,9,56,100835.0,6110540.0,2.0,45180.0,22590.0,19.0,9,52.0,4,18,,5.0,5.451,305.256,0,1164.0,665.0
2024,1125,17,shanghai,China,1,4,alonso,117,ALO,aston_martin,3,7,56,97810.0,6095968.0,3.0,68915.0,22971.666666666668,31.0,8,40.0,5,3,94148.0,5.0,5.451,305.256,0,1055.0,468.0
2024,1125,17,shanghai,China,1,807,hulkenberg,210,HUL,haas,9,10,56,100815.0,6113030.0,2.0,46340.0,23170.0,4.0,13,5.0,7,9,94604.0,5.0,5.451,305.256,0,56.0,35.0
2024,1125,17,shanghai,China,1,815,perez,9,PER,red_bull,2,3,56,99388.0,6071714.0,2.0,44398.0,22199.0,85.0,2,195.0,1,2,93982.0,5.0,5.451,305.256,0,1545.0,1793.0
2024,1125,17,shanghai,China,31,817,ricciardo,215,RIC,rb,12,0,33,100994.0,,1.0,22598.0,22598.0,0.0,18,7.0,6,12,,5.0,5.451,179.88299999999998,0,24.0,33.0
2024,1125,17,shanghai,China,31,822,bottas,15,BOT,sauber,10,0,19,101276.0,,1.0,22949.0,22949.0,0.0,20,0.0,10,10,94665.0,5.0,5.451,103.56899999999999,0,50.0,48.0
2024,1125,17,shanghai,China,1,825,kevin_magnussen,210,MAG,haas,17,16,56,101077.0,6140087.0,2.0,48701.0,24350.5,1.0,14,5.0,7,17,,5.0,5.451,305.256,0,18.0,28.0
2024,1125,17,shanghai,China,1,830,max_verstappen,9,VER,red_bull,1,1,56,98406.0,6052554.0,2.0,44726.0,22363.0,110.0,1,195.0,1,1,93660.0,5.0,5.451,305.256,0,2920.0,1128.0
2024,1125,17,shanghai,China,1,832,sainz,6,SAI,ferrari,7,5,56,99764.0,6086537.0,1.0,22629.0,22629.0,69.0,4,151.0,2,7,94297.0,5.0,5.451,305.256,0,1278.0,1135.0
2024,1125,17,shanghai,China,1,839,ocon,214,OCO,alpine,13,11,56,100937.0,6115366.0,2.0,46364.0,23182.0,0.0,16,0.0,9,13,,5.0,5.451,305.256,0,251.0,120.0
2024,1125,17,shanghai,China,1,840,stroll,117,STR,aston_martin,11,15,56,99444.0,6135340.0,4.0,174785.0,43696.25,9.0,10,40.0,5,11,,5.0,5.451,305.256,0,345.0,228.0
2024,1125,17,shanghai,China,1,842,gasly,214,GAS,alpine,15,13,56,99198.0,6121777.0,3.0,86535.0,28845.0,0.0,19,0.0,9,15,,5.0,5.451,305.256,0,298.0,0.0
2024,1125,17,shanghai,China,1,844,leclerc,6,LEC,ferrari,6,4,56,99384.0,6076177.0,1.0,22360.0,22360.0,76.0,3,151.0,2,6,94289.0,5.0,5.451,305.256,0,1103.0,880.0
2024,1125,17,shanghai,China,1,846,norris,1,NOR,mclaren,4,2,56,98751.0,6066327.0,1.0,22161.0,22161.0,58.0,5,96.0,3,4,94165.0,5.0,5.451,305.256,0,1065.0,726.0
2024,1125,17,shanghai,China,1,847,russell,131,RUS,mercedes,8,6,56,100112.0,6091278.0,2.0,45122.0,22561.0,33.0,7,52.0,4,8,94433.0,5.0,5.451,305.256,0,888.0,308.0
2024,1125,17,shanghai,China,1,848,albon,3,ALB,williams,14,12,56,100790.0,6118060.0,2.0,46873.0,23436.5,0.0,15,0.0,8,14,,5.0,5.451,305.256,0,133.0,56.0
2024,1125,17,shanghai,China,31,852,tsunoda,215,TSU,rb,19,0,26,101593.0,,2.0,45547.0,22773.5,7.0,11,7.0,6,19,,5.0,5.451,141.726,0,79.0,40.0
2024,1125,17,shanghai,China,1,855,zhou,15,ZHO,sauber,16,14,56,98633.0,6124243.0,3.0,72224.0,24074.666666666668,0.0,17,0.0,10,16,,5.0,5.451,305.256,0,30.0,0.0
2024,1125,17,shanghai,China,1,857,piastri,1,PIA,mclaren,5,8,56,99739.0,6108752.0,2.0,44935.0,22467.5,38.0,6,96.0,3,5,94273.0,5.0,5.451,305.256,0,561.0,520.0
2024,1125,17,shanghai,China,1,858,sargeant,3,SAR,williams,20,17,56,101000.0,6147664.0,2.0,45913.0,22956.5,0.0,21,0.0,8,20,,5.0,5.451,305.256,0,5.0,28.0
2024,1126,79,miami,USA,1,1,hamilton,131,HAM,mercedes,8,6,57,91233.0,5466461.0,1.0,22107.0,22107.0,27.0,9,64.0,4,8,88107.0,0.0,5.41,308.37,1,990.0,356.0
2024,1126,79,miami,USA,1,4,alonso,117,ALO,aston_martin,15,9,57,91727.0,5486983.0,1.0,22374.0,22374.0,33.0,8,42.0,5,15,,0.0,5.41,308.37,1,905.0,267.0
2024,1126,79,miami,USA,1,807,hulkenberg,210,HUL,haas,9,11,57,91941.0,5490665.0,2.0,45542.0,22771.0,6.0,13,7.0,7,9,88146.0,0.0,5.41,308.37,1,53.0,35.0
2024,1126,79,miami,USA,1,815,perez,9,PER,red_bull,4,4,57,90855.0,5464526.0,2.0,44091.0,22045.5,103.0,2,239.0,1,4,87460.0,0.0,5.41,308.37,1,1408.0,1323.0
2024,1126,79,miami,USA,1,817,ricciardo,215,RIC,rb,20,15,57,92122.0,5500832.0,1.0,22540.0,22540.0,5.0,14,19.0,6,18,,0.0,5.41,308.37,1,29.0,59.0
2024,1126,79,miami,USA,1,822,bottas,15,BOT,sauber,16,16,57,92098.0,5502232.0,2.0,46495.0,23247.5,0.0,20,0.0,10,16,,0.0,5.41,308.37,1,40.0,0.0
2024,1126,79,miami,USA,1,825,kevin_magnussen,210,MAG,haas,18,19,57,91774.0,5534559.0,3.0,83724.0,27908.0,1.0,16,7.0,7,19,,0.0,5.41,308.37,1,16.0,42.0
2024,1126,79,miami,USA,1,830,max_verstappen,9,VER,red_bull,1,2,57,91261.0,5457488.0,1.0,22187.0,22187.0,136.0,1,239.0,1,1,87241.0,0.0,5.41,308.37,1,2590.0,1518.0
2024,1126,79,miami,USA,1,832,sainz,6,SAI,ferrari,3,5,57,90928.0,5466283.0,1.0,22805.0,22805.0,83.0,5,187.0,2,3,87455.0,0.0,5.41,308.37,1,1208.0,1040.0
2024,1126,79,miami,USA,1,839,ocon,214,OCO,alpine,13,10,57,92037.0,5489622.0,1.0,22663.0,22663.0,1.0,15,1.0,8,13,,0.0,5.41,308.37,1,208.0,1.0
2024,1126,79,miami,USA,1,840,stroll,117,STR,aston_martin,11,17,57,91588.0,5505049.0,2.0,45669.0,22834.5,9.0,11,42.0,5,11,,0.0,5.41,308.37,1,301.0,306.0
2024,1126,79,miami,USA,1,842,gasly,214,GAS,alpine,12,12,57,92055.0,5494834.0,1.0,22466.0,22466.0,0.0,19,1.0,8,12,,0.0,5.41,308.37,1,242.0,2.0
2024,1126,79,miami,USA,1,844,leclerc,6,LEC,ferrari,2,3,57,91084.0,5459796.0,1.0,21825.0,21825.0,98.0,3,187.0,2,2,87382.0,0.0,5.41,308.37,1,1050.0,1200.0
2024,1126,79,miami,USA,1,846,norris,1,NOR,mclaren,5,1,57,90980.0,5449876.0,1.0,22041.0,22041.0,83.0,4,124.0,3,5,87594.0,0.0,5.41,308.37,1,989.0,632.0
2024,1126,79,miami,USA,1,847,russell,131,RUS,mercedes,7,8,57,91921.0,5484665.0,1.0,22800.0,22800.0,37.0,7,64.0,4,7,88067.0,0.0,5.41,308.37,1,782.0,404.0
2024,1126,79,miami,USA,1,848,albon,3,ALB,williams,14,18,57,90849.0,5525967.0,2.0,45395.0,22697.5,0.0,17,0.0,9,14,,0.0,5.41,308.37,1,108.0,0.0
2024,1126,79,miami,USA,1,852,tsunoda,215,TSU,rb,10,7,57,91682.0,5476061.0,1.0,22153.0,22153.0,14.0,10,19.0,6,10,88192.0,0.0,5.41,308.37,1,85.0,78.0
2024,1126,79,miami,USA,1,855,zhou,15,ZHO,sauber,19,14,57,91991.0,5499855.0,1.0,23017.0,23017.0,0.0,18,0.0,10,20,,0.0,5.41,308.37,1,24.0,0.0
2024,1126,79,miami,USA,1,857,piastri,1,PIA,mclaren,6,13,57,90634.0,5499632.0,2.0,52625.0,26312.5,41.0,6,124.0,3,6,87675.0,0.0,5.41,308.37,1,519.0,744.0
2024,1126,79,miami,USA,4,858,sargeant,3,SAR,williams,17,0,27,93452.0,,1.0,22611.0,22611.0,0.0,21,0.0,9,17,,0.0,5.41,146.07,1,5.0,0.0
2024,1127,21,imola,Italy,1,1,hamilton,131,HAM,mercedes,8,6,63,80331.0,5160356.0,1.0,29547.0,29547.0,35.0,8,79.0,4,8,75504.0,37.0,4.909,309.267,0,805.0,457.0
2024,1127,21,imola,Italy,11,4,alonso,117,ALO,aston_martin,20,19,62,79004.0,,3.0,91782.0,30594.0,33.0,9,44.0,5,19,76917.0,37.0,4.909,304.358,0,755.0,337.0
2024,1127,21,imola,Italy,11,807,hulkenberg,210,HUL,haas,10,11,62,81700.0,,1.0,29749.0,29749.0,6.0,13,7.0,7,10,75980.0,37.0,4.909,304.358,0,50.0,48.0
2024,1127,21,imola,Italy,1,815,perez,9,PER,red_bull,11,8,63,79686.0,5180028.0,1.0,29669.0,29669.0,107.0,3,268.0,1,11,75706.0,37.0,4.909,309.267,0,1275.0,1699.0
2024,1127,21,imola,Italy,11,817,ricciardo,215,RIC,rb,9,13,62,81569.0,,1.0,30068.0,30068.0,5.0,14,20.0,6,9,75674.0,37.0,4.909,304.358,0,28.0,98.0
2024,1127,21,imola,Italy,11,822,bottas,15,BOT,sauber,16,18,62,81455.0,,1.0,30240.0,30240.0,0.0,20,0.0,10,16,76626.0,37.0,4.909,304.358,0,30.0,0.0
2024,1127,21,imola,Italy,11,825,kevin_magnussen,210,MAG,haas,18,12,62,81009.0,,1.0,31302.0,31302.0,1.0,16,7.0,7,18,76854.0,37.0,4.909,304.358,0,14.0,54.0
2024,1127,21,imola,Italy,1,830,max_verstappen,9,VER,red_bull,1,1,63,80366.0,5125252.0,1.0,30416.0,30416.0,161.0,1,268.0,1,1,74746.0,37.0,4.909,309.267,0,2260.0,1880.0
2024,1127,21,imola,Italy,1,832,sainz,6,SAI,ferrari,4,5,63,80220.0,5147577.0,1.0,30508.0,30508.0,93.0,5,212.0,2,5,75233.0,37.0,4.909,309.267,0,1130.0,1363.0
2024,1127,21,imola,Italy,11,839,ocon,214,OCO,alpine,12,14,62,81304.0,,1.0,30659.0,30659.0,1.0,15,1.0,8,12,75906.0,37.0,4.909,304.358,0,164.0,3.0
2024,1127,21,imola,Italy,1,840,stroll,117,STR,aston_martin,13,9,63,80570.0,5204808.0,1.0,29971.0,29971.0,11.0,11,44.0,5,13,75992.0,37.0,4.909,309.267,0,259.0,368.0
2024,1127,21,imola,Italy,11,842,gasly,214,GAS,alpine,15,16,62,81371.0,,2.0,60735.0,30367.5,0.0,19,1.0,8,15,76381.0,37.0,4.909,304.358,0,186.0,4.0
2024,1127,21,imola,Italy,1,844,leclerc,6,LEC,ferrari,3,3,63,79935.0,5133168.0,1.0,30149.0,30149.0,113.0,2,212.0,2,4,74970.0,37.0,4.909,309.267,0,997.0,1526.0
2024,1127,21,imola,Italy,1,846,norris,1,NOR,mclaren,2,2,63,79994.0,5125977.0,1.0,29956.0,29956.0,101.0,4,154.0,3,3,74837.0,37.0,4.909,309.267,0,921.0,870.0
2024,1127,21,imola,Italy,1,847,russell,131,RUS,mercedes,6,7,63,78589.0,5172406.0,2.0,59269.0,29634.5,44.0,7,79.0,4,6,75234.0,37.0,4.909,309.267,0,675.0,510.0
2024,1127,21,imola,Italy,31,848,albon,3,ALB,williams,14,0,51,81274.0,,4.0,132773.0,33193.25,0.0,17,0.0,9,14,76200.0,37.0,4.909,250.35899999999998,0,81.0,0.0
2024,1127,21,imola,Italy,11,852,tsunoda,215,TSU,rb,7,10,62,80936.0,,1.0,29628.0,29628.0,15.0,10,20.0,6,7,75465.0,37.0,4.909,304.358,0,92.0,118.0
2024,1127,21,imola,Italy,11,855,zhou,15,ZHO,sauber,17,15,62,81016.0,,1.0,30244.0,30244.0,0.0,18,0.0,10,17,76834.0,37.0,4.909,304.358,0,18.0,0.0
2024,1127,21,imola,Italy,1,857,piastri,1,PIA,mclaren,5,4,63,79907.0,5139384.0,1.0,29770.0,29770.0,53.0,6,154.0,3,2,74820.0,37.0,4.909,309.267,0,485.0,996.0
2024,1127,21,imola,Italy,11,858,sargeant,3,SAR,williams,19,17,62,81229.0,,1.0,31085.0,31085.0,0.0,21,0.0,9,20,,37.0,4.909,304.358,0,4.0,0.0
2024,1128,6,monaco,Monaco,1,1,hamilton,131,HAM,mercedes,7,7,78,,8610462.0,2.0,2399601.0,1199800.5,42.0,8,96.0,4,7,70621.0,7.0,3.337,260.286,1,621.0,580.0
2024,1128,6,monaco,Monaco,12,4,alonso,117,ALO,aston_martin,14,11,76,,,1.0,2389467.0,2389467.0,33.0,9,44.0,5,16,,7.0,3.337,253.61200000000002,1,590.0,387.0
2024,1128,6,monaco,Monaco,4,807,hulkenberg,210,HUL,haas,19,0,0,,,0.0,0.0,0.0,6.0,13,7.0,7,12,,7.0,3.337,0.0,1,47.0,57.0
2024,1128,6,monaco,Monaco,4,815,perez,9,PER,red_bull,16,0,0,,,0.0,0.0,0.0,107.0,5,276.0,1,18,,7.0,3.337,0.0,1,1124.0,2059.0
2024,1128,6,monaco,Monaco,12,817,ricciardo,215,RIC,rb,12,12,76,,,1.0,2385823.0,2385823.0,5.0,14,24.0,6,13,,7.0,3.337,253.61200000000002,1,27.0,136.0
2024,1128,6,monaco,Monaco,12,822,bottas,15,BOT,sauber,17,13,76,,,2.0,2418292.0,1209146.0,0.0,20,0.0,10,19,,7.0,3.337,253.61200000000002,1,20.0,0.0
2024,1128,6,monaco,Monaco,4,825,kevin_magnussen,210,MAG,haas,20,0,0,,,0.0,0.0,0.0,1.0,17,7.0,7,15,,7.0,3.337,0.0,1,12.0,60.0
2024,1128,6,monaco,Monaco,1,830,max_verstappen,9,VER,red_bull,6,6,78,,8609407.0,2.0,2396483.0,1198241.5,169.0,1,276.0,1,6,70567.0,7.0,3.337,260.286,1,1905.0,2238.0
2024,1128,6,monaco,Monaco,1,832,sainz,6,SAI,ferrari,3,3,78,,8603139.0,1.0,2327072.0,2327072.0,108.0,4,252.0,2,3,70518.0,7.0,3.337,260.286,1,1055.0,1685.0
2024,1128,6,monaco,Monaco,4,839,ocon,214,OCO,alpine,11,0,0,,,0.0,0.0,0.0,1.0,16,2.0,9,11,,7.0,3.337,0.0,1,119.0,6.0
2024,1128,6,monaco,Monaco,12,840,stroll,117,STR,aston_martin,13,14,76,,,3.0,2435931.0,811977.0,11.0,11,44.0,5,14,,7.0,3.337,253.61200000000002,1,207.0,406.0
2024,1128,6,monaco,Monaco,11,842,gasly,214,GAS,alpine,10,10,77,,,1.0,2381893.0,2381893.0,1.0,18,2.0,9,10,71311.0,7.0,3.337,256.949,1,125.0,8.0
2024,1128,6,monaco,Monaco,1,844,leclerc,6,LEC,ferrari,1,1,78,,8595554.0,1.0,2358026.0,2358026.0,138.0,2,252.0,2,1,70270.0,7.0,3.337,260.286,1,965.0,1844.0
2024,1128,6,monaco,Monaco,1,846,norris,1,NOR,mclaren,4,4,78,,8604204.0,1.0,2365538.0,2365538.0,113.0,3,184.0,3,4,70542.0,7.0,3.337,260.286,1,839.0,1125.0
2024,1128,6,monaco,Monaco,1,847,russell,131,RUS,mercedes,5,5,78,,8608863.0,1.0,2369363.0,2369363.0,54.0,7,96.0,4,5,70543.0,7.0,3.337,260.286,1,573.0,650.0
2024,1128,6,monaco,Monaco,11,848,albon,3,ALB,williams,9,9,77,,,1.0,2381390.0,2381390.0,2.0,15,2.0,8,9,70948.0,7.0,3.337,256.949,1,56.0,2.0
2024,1128,6,monaco,Monaco,11,852,tsunoda,215,TSU,rb,8,8,77,,,1.0,2377564.0,2377564.0,19.0,10,24.0,6,8,70858.0,7.0,3.337,256.949,1,98.0,154.0
2024,1128,6,monaco,Monaco,12,855,zhou,15,ZHO,sauber,18,16,76,,,2.0,2410781.0,1205390.5,0.0,19,0.0,10,20,,7.0,3.337,253.61200000000002,1,12.0,0.0
2024,1128,6,monaco,Monaco,1,857,piastri,1,PIA,mclaren,2,2,78,,8602706.0,1.0,2357645.0,2357645.0,71.0,6,184.0,3,2,70424.0,7.0,3.337,260.286,1,469.0,1254.0
2024,1128,6,monaco,Monaco,12,858,sargeant,3,SAR,williams,15,15,76,,,2.0,2415984.0,1207992.0,0.0,21,2.0,8,17,,7.0,3.337,253.61200000000002,1,3.0,4.0
2024,1129,7,villeneuve,Canada,1,1,hamilton,131,HAM,mercedes,7,4,70,74856.0,6352842.0,3.0,76805.0,25601.666666666668,55.0,8,124.0,4,7,72280.0,13.0,4.361,305.27,0,444.0,740.0
2024,1129,7,villeneuve,Canada,1,4,alonso,117,ALO,aston_martin,6,6,70,76303.0,6365437.0,2.0,50134.0,25067.0,41.0,9,58.0,5,6,72228.0,13.0,4.361,305.27,0,431.0,431.0
2024,1129,7,villeneuve,Canada,1,807,hulkenberg,210,HUL,haas,17,11,70,76683.0,6378751.0,3.0,73652.0,24550.666666666668,6.0,14,7.0,7,19,,13.0,4.361,305.27,0,44.0,63.0
2024,1129,7,villeneuve,Canada,3,815,perez,9,PER,red_bull,16,0,51,78819.0,,2.0,58185.0,29092.5,107.0,5,301.0,1,16,,13.0,4.361,222.411,0,958.0,2398.0
2024,1129,7,villeneuve,Canada,1,817,ricciardo,215,RIC,rb,5,8,70,77076.0,6376599.0,2.0,54158.0,27079.0,9.0,12,28.0,6,5,72178.0,13.0,4.361,305.27,0,30.0,175.0
2024,1129,7,villeneuve,Canada,1,822,bottas,15,BOT,sauber,0,13,70,77250.0,6388414.0,1.0,24929.0,24929.0,0.0,20,0.0,10,17,,13.0,4.361,305.27,0,10.0,0.0
2024,1129,7,villeneuve,Canada,1,825,kevin_magnussen,210,MAG,haas,14,12,70,76499.0,6379180.0,4.0,108944.0,27236.0,1.0,18,7.0,7,14,,13.0,4.361,305.27,0,10.0,66.0
2024,1129,7,villeneuve,Canada,1,830,max_verstappen,9,VER,red_bull,2,1,70,75569.0,6347927.0,2.0,48552.0,24276.0,194.0,1,301.0,1,2,72000.0,13.0,4.361,305.27,0,1550.0,2558.0
2024,1129,7,villeneuve,Canada,4,832,sainz,6,SAI,ferrari,12,0,52,78957.0,,2.0,51751.0,25875.5,108.0,4,252.0,2,12,,13.0,4.361,226.772,0,971.0,1976.0
2024,1129,7,villeneuve,Canada,1,839,ocon,214,OCO,alpine,18,10,70,77012.0,6378240.0,1.0,24495.0,24495.0,2.0,17,5.0,8,18,,13.0,4.361,305.27,0,63.0,13.0
2024,1129,7,villeneuve,Canada,1,840,stroll,117,STR,aston_martin,9,7,70,76762.0,6371552.0,2.0,49309.0,24654.5,17.0,11,58.0,5,9,72701.0,13.0,4.361,305.27,0,151.0,456.0
2024,1129,7,villeneuve,Canada,1,842,gasly,214,GAS,alpine,15,9,70,77013.0,6377948.0,2.0,49319.0,24659.5,3.0,15,5.0,8,15,,13.0,4.361,305.27,0,66.0,18.0
2024,1129,7,villeneuve,Canada,5,844,leclerc,6,LEC,ferrari,11,0,40,86012.0,,3.0,95846.0,31948.666666666668,138.0,2,252.0,2,11,,13.0,4.361,174.44,0,915.0,2108.0
2024,1129,7,villeneuve,Canada,1,846,norris,1,NOR,mclaren,3,2,70,75558.0,6351806.0,2.0,47406.0,23703.0,131.0,3,212.0,3,3,72021.0,13.0,4.361,305.27,0,775.0,1397.0
2024,1129,7,villeneuve,Canada,1,847,russell,131,RUS,mercedes,1,3,70,74895.0,6352244.0,3.0,77632.0,25877.333333333332,69.0,7,124.0,4,1,72000.0,13.0,4.361,305.27,0,482.0,830.0
2024,1129,7,villeneuve,Canada,4,848,albon,3,ALB,williams,10,0,52,79359.0,,2.0,49557.0,24778.5,2.0,16,2.0,9,10,72796.0,13.0,4.361,226.772,0,31.0,6.0
2024,1129,7,villeneuve,Canada,1,852,tsunoda,215,TSU,rb,8,14,70,77309.0,6400621.0,1.0,25569.0,25569.0,19.0,10,28.0,6,8,72414.0,13.0,4.361,305.27,0,104.0,196.0
2024,1129,7,villeneuve,Canada,11,855,zhou,15,ZHO,sauber,0,15,69,77325.0,,3.0,119537.0,39845.666666666664,0.0,19,0.0,10,20,,13.0,4.361,300.909,0,6.0,0.0
2024,1129,7,villeneuve,Canada,1,857,piastri,1,PIA,mclaren,4,5,70,76247.0,6358126.0,2.0,47453.0,23726.5,81.0,6,212.0,3,4,72103.0,13.0,4.361,305.27,0,461.0,1540.0
2024,1129,7,villeneuve,Canada,3,858,sargeant,3,SAR,williams,13,0,23,86484.0,,0.0,0.0,0.0,0.0,21,2.0,9,13,,13.0,4.361,100.303,0,2.0,8.0
2024,1130,4,catalunya,Spain,1,1,hamilton,131,HAM,mercedes,3,3,66,77809.0,5318017.0,2.0,43443.0,21721.5,70.0,8,151.0,4,3,71701.0,109.0,4.657,307.362,0,280.0,929.0
2024,1130,4,catalunya,Spain,11,4,alonso,117,ALO,aston_martin,10,12,65,78334.0,,2.0,44528.0,22264.0,41.0,9,58.0,5,11,,109.0,4.657,302.705,0,266.0,474.0
2024,1130,4,catalunya,Spain,1,807,hulkenberg,210,HUL,haas,13,11,66,78609.0,5379442.0,2.0,45240.0,22620.0,6.0,14,7.0,8,13,,109.0,4.657,307.362,0,41.0,68.0
2024,1130,4,catalunya,Spain,1,815,perez,9,PER,red_bull,11,8,66,77785.0,5359751.0,3.0,65117.0,21705.666666666668,111.0,5,330.0,1,8,72061.0,109.0,4.657,307.362,0,784.0,2693.0
2024,1130,4,catalunya,Spain,11,817,ricciardo,215,RIC,rb,18,15,65,79450.0,,2.0,44472.0,22236.0,9.0,12,28.0,6,18,,109.0,4.657,302.705,0,33.0,217.0
2024,1130,4,catalunya,Spain,11,822,bottas,15,BOT,sauber,12,16,65,79608.0,,2.0,45707.0,22853.5,0.0,20,0.0,10,12,,109.0,4.657,302.705,0,0.0,0.0
2024,1130,4,catalunya,Spain,11,825,kevin_magnussen,210,MAG,haas,16,17,65,79805.0,,2.0,52327.0,26163.5,1.0,18,7.0,8,16,,109.0,4.657,302.705,0,8.0,70.0
2024,1130,4,catalunya,Spain,1,830,max_verstappen,9,VER,red_bull,2,1,66,77776.0,5300227.0,2.0,43884.0,21942.0,219.0,1,330.0,1,2,71403.0,109.0,4.657,307.362,0,1194.0,2828.0
2024,1130,4,catalunya,Spain,1,832,sainz,6,SAI,ferrari,6,6,66,78539.0,5331255.0,2.0,44443.0,22221.5,116.0,4,270.0,2,6,71736.0,109.0,4.657,307.362,0,887.0,2227.0
2024,1130,4,catalunya,Spain,1,839,ocon,214,OCO,alpine,8,10,66,78982.0,5372116.0,2.0,43755.0,21877.5,3.0,16,8.0,7,9,72125.0,109.0,4.657,307.362,0,8.0,26.0
2024,1130,4,catalunya,Spain,11,840,stroll,117,STR,aston_martin,14,14,65,79318.0,,2.0,45261.0,22630.5,17.0,11,58.0,5,14,,109.0,4.657,302.705,0,94.0,492.0
2024,1130,4,catalunya,Spain,1,842,gasly,214,GAS,alpine,7,9,66,79045.0,5362252.0,2.0,47784.0,23892.0,5.0,15,8.0,7,7,71857.0,109.0,4.657,307.362,0,9.0,34.0
2024,1130,4,catalunya,Spain,1,844,leclerc,6,LEC,ferrari,5,5,66,77897.0,5322936.0,2.0,43884.0,21942.0,148.0,3,270.0,2,5,71731.0,109.0,4.657,307.362,0,857.0,2346.0
2024,1130,4,catalunya,Spain,1,846,norris,1,NOR,mclaren,1,2,66,77115.0,5302446.0,2.0,44249.0,22124.5,150.0,2,237.0,3,1,71383.0,109.0,4.657,307.362,0,720.0,1681.0
2024,1130,4,catalunya,Spain,1,847,russell,131,RUS,mercedes,4,4,66,78290.0,5322547.0,2.0,47723.0,23861.5,81.0,7,151.0,4,4,71703.0,109.0,4.657,307.362,0,388.0,1028.0
2024,1130,4,catalunya,Spain,11,848,albon,3,ALB,williams,0,18,65,79132.0,,2.0,45140.0,22570.0,2.0,17,2.0,9,19,,109.0,4.657,302.705,0,6.0,10.0
2024,1130,4,catalunya,Spain,11,852,tsunoda,215,TSU,rb,17,19,65,79447.0,,3.0,66712.0,22237.333333333332,19.0,10,28.0,6,17,,109.0,4.657,302.705,0,106.0,238.0
2024,1130,4,catalunya,Spain,11,855,zhou,15,ZHO,sauber,15,13,65,78771.0,,2.0,46776.0,23388.0,0.0,19,0.0,10,15,,109.0,4.657,302.705,0,0.0,0.0
2024,1130,4,catalunya,Spain,1,857,piastri,1,PIA,mclaren,9,7,66,77874.0,5333987.0,2.0,44644.0,22322.0,87.0,6,237.0,3,10,,109.0,4.657,307.362,0,451.0,1822.0
2024,1130,4,catalunya,Spain,12,858,sargeant,3,SAR,williams,19,20,64,80172.0,,2.0,44907.0,22453.5,0.0,21,2.0,9,20,,109.0,4.657,298.048,0,1.0,12.0
2024,1131,70,red_bull_ring,Austria,1,1,hamilton,131,HAM,mercedes,5,4,71,69562.0,5085940.0,2.0,48844.0,24422.0,85.0,8,196.0,4,5,64903.0,678.0,4.318,306.578,0,359.0,1160.0
2024,1131,70,red_bull_ring,Austria,11,4,alonso,117,ALO,aston_martin,15,18,70,67694.0,,3.0,77917.0,25972.333333333332,41.0,9,58.0,5,15,,678.0,4.318,302.26,0,305.0,508.0
2024,1131,70,red_bull_ring,Austria,1,807,hulkenberg,210,HUL,haas,9,6,71,70215.0,5116886.0,2.0,44169.0,22084.5,14.0,12,19.0,7,9,65385.0,678.0,4.318,306.578,0,55.0,82.0
2024,1131,70,red_bull_ring,Austria,1,815,perez,9,PER,red_bull,8,7,71,69694.0,5117470.0,2.0,48791.0,24395.5,118.0,5,355.0,1,8,65202.0,678.0,4.318,306.578,0,884.0,2944.0
2024,1131,70,red_bull_ring,Austria,1,817,ricciardo,215,RIC,rb,11,9,71,70426.0,5123967.0,2.0,42595.0,21297.5,11.0,13,30.0,6,11,,678.0,4.318,306.578,0,44.0,249.0
2024,1131,70,red_bull_ring,Austria,11,822,bottas,15,BOT,sauber,18,16,70,70449.0,,2.0,43909.0,21954.5,0.0,20,0.0,10,18,,678.0,4.318,302.26,0,0.0,0.0
2024,1131,70,red_bull_ring,Austria,1,825,kevin_magnussen,210,MAG,haas,12,8,71,70125.0,5123153.0,2.0,43350.0,21675.0,5.0,16,19.0,7,12,,678.0,4.318,306.578,0,13.0,94.0
2024,1131,70,red_bull_ring,Austria,1,830,max_verstappen,9,VER,red_bull,1,5,71,67719.0,5100051.0,3.0,70469.0,23489.666666666668,237.0,1,355.0,1,1,64314.0,678.0,4.318,306.578,0,1405.0,3060.0
2024,1131,70,red_bull_ring,Austria,1,832,sainz,6,SAI,ferrari,4,3,71,69282.0,5067331.0,2.0,42509.0,21254.5,135.0,4,291.0,2,4,64851.0,678.0,4.318,306.578,0,822.0,2450.0
2024,1131,70,red_bull_ring,Austria,1,839,ocon,214,OCO,alpine,10,12,71,69649.0,5131123.0,2.0,43522.0,21761.0,3.0,17,9.0,8,10,65883.0,678.0,4.318,306.578,0,11.0,42.0
2024,1131,70,red_bull_ring,Austria,11,840,stroll,117,STR,aston_martin,17,13,70,70143.0,,2.0,42701.0,21350.5,17.0,11,58.0,5,17,,678.0,4.318,302.26,0,110.0,524.0
2024,1131,70,red_bull_ring,Austria,1,842,gasly,214,GAS,alpine,13,10,71,69609.0,5124564.0,2.0,43474.0,21737.0,6.0,15,9.0,8,13,,678.0,4.318,306.578,0,15.0,50.0
2024,1131,70,red_bull_ring,Austria,1,844,leclerc,6,LEC,ferrari,6,11,71,69584.0,5129854.0,4.0,96748.0,24187.0,150.0,3,291.0,2,6,65044.0,678.0,4.318,306.578,0,995.0,2554.0
2024,1131,70,red_bull_ring,Austria,17,846,norris,1,NOR,mclaren,2,20,64,68016.0,,2.0,43028.0,21514.0,156.0,2,268.0,3,2,64718.0,678.0,4.318,276.352,0,868.0,1966.0
2024,1131,70,red_bull_ring,Austria,1,847,russell,131,RUS,mercedes,3,1,71,69164.0,5062798.0,2.0,42902.0,21451.0,111.0,7,196.0,4,3,64840.0,678.0,4.318,306.578,0,489.0,1292.0
2024,1131,70,red_bull_ring,Austria,11,848,albon,3,ALB,williams,16,15,70,70364.0,,2.0,43570.0,21785.0,2.0,18,2.0,9,16,,678.0,4.318,302.26,0,8.0,14.0
2024,1131,70,red_bull_ring,Austria,11,852,tsunoda,215,TSU,rb,14,14,70,70318.0,,2.0,44694.0,22347.0,19.0,10,30.0,6,14,,678.0,4.318,302.26,0,125.0,260.0
2024,1131,70,red_bull_ring,Austria,11,855,zhou,15,ZHO,sauber,20,17,70,70470.0,,2.0,44792.0,22396.0,0.0,19,0.0,10,20,,678.0,4.318,302.26,0,0.0,0.0
2024,1131,70,red_bull_ring,Austria,1,857,piastri,1,PIA,mclaren,7,2,71,68697.0,5064704.0,2.0,41753.0,20876.5,112.0,6,268.0,3,7,65048.0,678.0,4.318,306.578,0,559.0,2110.0
2024,1131,70,red_bull_ring,Austria,12,858,sargeant,3,SAR,williams,19,19,69,70406.0,,3.0,76317.0,25439.0,0.0,21,2.0,9,19,,678.0,4.318,297.94199999999995,0,0.0,16.0
2024,1132,9,silverstone,UK,1,1,hamilton,131,HAM,mercedes,2,1,52,89438.0,4947059.0,2.0,58967.0,29483.5,110.0,8,221.0,4,2,85990.0,153.0,5.891,306.332,0,461.0,1434.0
2024,1132,9,silverstone,UK,1,4,alonso,117,ALO,aston_martin,10,8,52,89710.0,5010636.0,2.0,59027.0,29513.5,45.0,9,68.0,5,10,86917.0,153.0,5.891,306.332,0,338.0,548.0
2024,1132,9,silverstone,UK,1,807,hulkenberg,210,HUL,haas,6,6,52,89836.0,5002781.0,2.0,59677.0,29838.5,22.0,11,27.0,7,6,86338.0,153.0,5.891,306.332,0,76.0,114.0
2024,1132,9,silverstone,UK,12,815,perez,9,PER,red_bull,0,17,50,89707.0,,4.0,118875.0,29718.75,118.0,6,373.0,1,19,,153.0,5.891,294.55,0,966.0,3165.0
2024,1132,9,silverstone,UK,11,817,ricciardo,215,RIC,rb,15,13,51,90735.0,,2.0,58748.0,29374.0,11.0,13,31.0,6,15,,153.0,5.891,300.441,0,55.0,271.0
2024,1132,9,silverstone,UK,11,822,bottas,15,BOT,sauber,16,15,51,91277.0,,2.0,62155.0,31077.5,0.0,21,0.0,10,16,,153.0,5.891,300.441,0,0.0,0.0
2024,1132,9,silverstone,UK,1,825,kevin_magnussen,210,MAG,haas,17,12,52,90093.0,5037212.0,2.0,60192.0,30096.0,5.0,16,27.0,7,17,,153.0,5.891,306.332,0,18.0,134.0
2024,1132,9,silverstone,UK,1,830,max_verstappen,9,VER,red_bull,4,2,52,88952.0,4948524.0,2.0,57441.0,28720.5,255.0,1,373.0,1,4,86203.0,153.0,5.891,306.332,0,1609.0,3270.0
2024,1132,9,silverstone,UK,1,832,sainz,6,SAI,ferrari,7,5,52,88293.0,4994377.0,3.0,87002.0,29000.666666666668,146.0,4,302.0,2,7,86509.0,153.0,5.891,306.332,0,953.0,2644.0
2024,1132,9,silverstone,UK,12,839,ocon,214,OCO,alpine,18,16,50,90875.0,,4.0,115146.0,28786.5,3.0,18,9.0,8,18,,153.0,5.891,294.55,0,14.0,58.0
2024,1132,9,silverstone,UK,1,840,stroll,117,STR,aston_martin,8,7,52,89897.0,5003628.0,2.0,58492.0,29246.0,23.0,10,68.0,5,8,86585.0,153.0,5.891,306.332,0,132.0,572.0
2024,1132,9,silverstone,UK,6,842,gasly,214,GAS,alpine,19,0,0,,,0.0,0.0,0.0,6.0,15,9.0,8,20,,153.0,5.891,0.0,0,21.0,66.0
2024,1132,9,silverstone,UK,11,844,leclerc,6,LEC,ferrari,11,14,51,89748.0,,3.0,86880.0,28960.0,150.0,3,302.0,2,11,,153.0,5.891,300.441,0,1117.0,2734.0
2024,1132,9,silverstone,UK,1,846,norris,1,NOR,mclaren,3,3,52,89262.0,4954606.0,2.0,59048.0,29524.0,171.0,2,295.0,3,3,86030.0,153.0,5.891,306.332,0,1027.0,2251.0
2024,1132,9,silverstone,UK,34,847,russell,131,RUS,mercedes,1,0,33,91298.0,,1.0,32045.0,32045.0,111.0,7,221.0,4,1,85819.0,153.0,5.891,194.403,0,582.0,1576.0
2024,1132,9,silverstone,UK,1,848,albon,3,ALB,williams,9,9,52,89718.0,5015446.0,2.0,64152.0,32076.0,4.0,17,4.0,9,9,86640.0,153.0,5.891,306.332,0,12.0,20.0
2024,1132,9,silverstone,UK,1,852,tsunoda,215,TSU,rb,13,10,52,90229.0,5026362.0,2.0,59658.0,29829.0,20.0,12,31.0,6,13,,153.0,5.891,306.332,0,145.0,282.0
2024,1132,9,silverstone,UK,12,855,zhou,15,ZHO,sauber,14,18,50,91014.0,,4.0,121224.0,30306.0,0.0,19,0.0,10,14,,153.0,5.891,294.55,0,0.0,0.0
2024,1132,9,silverstone,UK,1,857,piastri,1,PIA,mclaren,5,4,52,88748.0,4959488.0,2.0,58741.0,29370.5,124.0,5,295.0,3,5,86237.0,153.0,5.891,306.332,0,667.0,2392.0
2024,1132,9,silverstone,UK,1,858,sargeant,3,SAR,williams,12,11,52,89972.0,5036019.0,2.0,62245.0,31122.5,0.0,20,4.0,9,12,,153.0,5.891,306.332,0,0.0,24.0
2024,1133,11,hungaroring,Hungary,1,1,hamilton,131,HAM,mercedes,5,3,70,82153.0,5896869.0,2.0,43216.0,21608.0,125.0,6,241.0,4,5,75854.0,264.0,4.381,306.67,0,578.0,1721.0
2024,1133,11,hungaroring,Hungary,1,4,alonso,117,ALO,aston_martin,7,11,70,83063.0,5964449.0,2.0,44342.0,22171.0,45.0,9,69.0,5,7,76043.0,264.0,4.381,306.67,0,367.0,597.0
2024,1133,11,hungaroring,Hungary,11,807,hulkenberg,210,HUL,haas,11,13,69,83461.0,,2.0,44759.0,22379.5,22.0,11,27.0,7,11,,264.0,4.381,302.289,0,95.0,154.0
2024,1133,11,hungaroring,Hungary,1,815,perez,9,PER,red_bull,16,7,70,81096.0,5921781.0,2.0,42451.0,21225.5,124.0,7,389.0,1,16,,264.0,4.381,306.67,0,1044.0,3383.0
2024,1133,11,hungaroring,Hungary,11,817,ricciardo,215,RIC,rb,9,12,69,82640.0,,2.0,42462.0,21231.0,11.0,13,33.0,6,9,76447.0,264.0,4.381,302.289,0,66.0,291.0
2024,1133,11,hungaroring,Hungary,11,822,bottas,15,BOT,sauber,12,16,69,82792.0,,2.0,44127.0,22063.5,0.0,21,0.0,10,12,,264.0,4.381,302.289,0,0.0,0.0
2024,1133,11,hungaroring,Hungary,11,825,kevin_magnussen,210,MAG,haas,15,15,69,83553.0,,2.0,44402.0,22201.0,5.0,16,27.0,7,15,,264.0,4.381,302.289,0,22.0,174.0
2024,1133,11,hungaroring,Hungary,1,830,max_verstappen,9,VER,red_bull,3,5,70,80908.0,5903338.0,2.0,43445.0,21722.5,265.0,1,389.0,1,3,75273.0,264.0,4.381,306.67,0,1823.0,3496.0
2024,1133,11,hungaroring,Hungary,1,832,sainz,6,SAI,ferrari,4,6,70,81441.0,5905062.0,2.0,43094.0,21547.0,154.0,4,322.0,3,4,75696.0,264.0,4.381,306.67,0,1067.0,2804.0
2024,1133,11,hungaroring,Hungary,11,839,ocon,214,OCO,alpine,19,18,69,81610.0,,3.0,64603.0,21534.333333333332,3.0,18,9.0,8,19,,264.0,4.381,302.289,0,17.0,73.0
2024,1133,11,hungaroring,Hungary,1,840,stroll,117,STR,aston_martin,8,10,70,82338.0,5959965.0,2.0,45513.0,22756.5,24.0,10,69.0,5,8,76244.0,264.0,4.381,306.67,0,147.0,622.0
2024,1133,11,hungaroring,Hungary,9,842,gasly,214,GAS,alpine,0,0,33,83340.0,,1.0,21405.0,21405.0,6.0,15,9.0,8,20,,264.0,4.381,144.573,0,27.0,80.0
2024,1133,11,hungaroring,Hungary,1,844,leclerc,6,LEC,ferrari,6,4,70,82182.0,5901675.0,2.0,43617.0,21808.5,162.0,3,322.0,3,6,75905.0,264.0,4.381,306.67,0,1232.0,2874.0
2024,1133,11,hungaroring,Hungary,1,846,norris,1,NOR,mclaren,1,2,70,81712.0,5884130.0,2.0,43110.0,21555.0,189.0,2,338.0,2,1,75227.0,264.0,4.381,306.67,0,1189.0,2546.0
2024,1133,11,hungaroring,Hungary,1,847,russell,131,RUS,mercedes,17,8,70,80305.0,5924357.0,2.0,42697.0,21348.5,116.0,8,241.0,4,17,,264.0,4.381,306.67,0,680.0,1866.0
2024,1133,11,hungaroring,Hungary,11,848,albon,3,ALB,williams,13,14,69,83930.0,,2.0,45501.0,22750.5,4.0,17,4.0,9,13,,264.0,4.381,302.289,0,16.0,26.0
2024,1133,11,hungaroring,Hungary,1,852,tsunoda,215,TSU,rb,10,9,70,83533.0,5959248.0,1.0,21467.0,21467.0,22.0,12,33.0,6,10,76477.0,264.0,4.381,306.67,0,161.0,300.0
2024,1133,11,hungaroring,Hungary,11,855,zhou,15,ZHO,sauber,18,19,69,83487.0,,2.0,44176.0,22088.0,0.0,19,0.0,10,18,,264.0,4.381,302.289,0,0.0,0.0
2024,1133,11,hungaroring,Hungary,1,857,piastri,1,PIA,mclaren,2,1,70,81716.0,5881989.0,2.0,43464.0,21732.0,149.0,5,338.0,2,2,75249.0,264.0,4.381,306.67,0,788.0,2700.0
2024,1133,11,hungaroring,Hungary,11,858,sargeant,3,SAR,williams,14,17,69,80561.0,,3.0,65063.0,21687.666666666668,0.0,20,4.0,9,14,,264.0,4.381,302.289,0,0.0,28.0
2024,1134,13,spa,Belgium,1,1,hamilton,131,HAM,mercedes,3,1,44,106653.0,526.0,2.0,45892.0,22946.0,150.0,6,266.0,4,4,113835.0,401.0,7.004,308.176,0,718.0,2008.0
2024,1134,13,spa,Belgium,1,4,alonso,117,ALO,aston_martin,8,8,44,108051.0,50489.0,1.0,23075.0,23075.0,49.0,9,73.0,5,9,114765.0,401.0,7.004,308.176,0,392.0,637.0
2024,1134,13,spa,Belgium,1,807,hulkenberg,210,HUL,haas,16,18,44,108954.0,89359.0,2.0,46830.0,23415.0,22.0,11,27.0,7,16,,401.0,7.004,308.176,0,114.0,194.0
2024,1134,13,spa,Belgium,1,815,perez,9,PER,red_bull,2,7,44,104701.0,43721.0,3.0,67972.0,22657.333333333332,131.0,7,408.0,1,3,113765.0,401.0,7.004,308.176,0,1111.0,3603.0
2024,1134,13,spa,Belgium,1,817,ricciardo,215,RIC,rb,13,10,44,107435.0,55452.0,2.0,44971.0,22485.5,12.0,13,34.0,6,13,,401.0,7.004,308.176,0,78.0,306.0
2024,1134,13,spa,Belgium,1,822,bottas,15,BOT,sauber,14,15,44,107019.0,71164.0,2.0,46096.0,23048.0,0.0,21,0.0,10,14,,401.0,7.004,308.176,0,0.0,0.0
2024,1134,13,spa,Belgium,1,825,kevin_magnussen,210,MAG,haas,17,14,44,107848.0,67157.0,1.0,23619.0,23619.0,5.0,16,27.0,7,17,,401.0,7.004,308.176,0,26.0,214.0
2024,1134,13,spa,Belgium,1,830,max_verstappen,9,VER,red_bull,11,4,44,106128.0,9752.0,2.0,46157.0,23078.5,277.0,1,408.0,1,1,113159.0,401.0,7.004,308.176,0,2023.0,3710.0
2024,1134,13,spa,Belgium,1,832,sainz,6,SAI,ferrari,7,6,44,106364.0,20321.0,2.0,46169.0,23084.5,162.0,5,345.0,3,8,114477.0,401.0,7.004,308.176,0,1174.0,2967.0
2024,1134,13,spa,Belgium,1,839,ocon,214,OCO,alpine,9,9,44,106957.0,53078.0,2.0,46912.0,23456.0,5.0,17,11.0,8,10,114810.0,401.0,7.004,308.176,0,22.0,86.0
2024,1134,13,spa,Belgium,1,840,stroll,117,STR,aston_martin,15,11,44,108105.0,63537.0,1.0,23010.0,23010.0,24.0,10,73.0,5,15,,401.0,7.004,308.176,0,162.0,652.0
2024,1134,13,spa,Belgium,1,842,gasly,214,GAS,alpine,12,13,44,107418.0,64891.0,2.0,45744.0,22872.0,6.0,15,11.0,8,12,,401.0,7.004,308.176,0,33.0,92.0
2024,1134,13,spa,Belgium,1,844,leclerc,6,LEC,ferrari,1,3,44,107013.0,9075.0,2.0,46272.0,23136.0,177.0,3,345.0,3,2,113754.0,401.0,7.004,308.176,0,1350.0,3060.0
2024,1134,13,spa,Belgium,1,846,norris,1,NOR,mclaren,4,5,44,105563.0,10376.0,2.0,45292.0,22646.0,199.0,2,366.0,2,5,113981.0,401.0,7.004,308.176,0,1351.0,2854.0
2024,1134,13,spa,Belgium,2,847,russell,131,RUS,mercedes,6,0,44,107113.0,4797566.0,1.0,22686.0,22686.0,116.0,8,266.0,4,7,114184.0,401.0,7.004,308.176,0,772.0,2150.0
2024,1134,13,spa,Belgium,1,848,albon,3,ALB,williams,10,12,44,107996.0,64177.0,2.0,46752.0,23376.0,4.0,18,4.0,9,11,,401.0,7.004,308.176,0,20.0,30.0
2024,1134,13,spa,Belgium,1,852,tsunoda,215,TSU,rb,20,16,44,107969.0,77263.0,1.0,23452.0,23452.0,22.0,12,34.0,6,18,,401.0,7.004,308.176,0,176.0,312.0
2024,1134,13,spa,Belgium,31,855,zhou,15,ZHO,sauber,19,0,5,112099.0,,0.0,0.0,0.0,0.0,19,0.0,10,20,,401.0,7.004,35.019999999999996,0,0.0,0.0
2024,1134,13,spa,Belgium,1,857,piastri,1,PIA,mclaren,5,2,44,105840.0,1699.0,2.0,46748.0,23374.0,167.0,4,366.0,2,6,114027.0,401.0,7.004,308.176,0,923.0,3008.0
2024,1134,13,spa,Belgium,1,858,sargeant,3,SAR,williams,18,17,44,107490.0,86583.0,2.0,47030.0,23515.0,0.0,20,4.0,9,19,,401.0,7.004,308.176,0,0.0,32.0
2024,1135,39,zandvoort,Netherlands,1,1,hamilton,131,HAM,mercedes,14,8,72,73878.0,5495118.0,2.0,42194.0,21097.0,154.0,6,276.0,4,11,70948.0,6.0,4.259,306.648,0,853.0,2275.0
2024,1135,39,zandvoort,Netherlands,11,4,alonso,117,ALO,aston_martin,7,10,71,74758.0,,1.0,21348.0,21348.0,50.0,9,74.0,5,7,70633.0,6.0,4.259,302.389,0,411.0,668.0
2024,1135,39,zandvoort,Netherlands,11,807,hulkenberg,210,HUL,haas,12,11,71,75657.0,,1.0,21619.0,21619.0,22.0,11,27.0,7,13,71215.0,6.0,4.259,302.389,0,132.0,234.0
2024,1135,39,zandvoort,Netherlands,1,815,perez,9,PER,red_bull,5,6,72,74587.0,5485061.0,1.0,22934.0,22934.0,139.0,7,434.0,1,5,70416.0,6.0,4.259,306.648,0,1165.0,3814.0
2024,1135,39,zandvoort,Netherlands,11,817,ricciardo,215,RIC,rb,13,12,71,75222.0,,1.0,20942.0,20942.0,12.0,13,34.0,6,15,71943.0,6.0,4.259,302.389,0,90.0,318.0
2024,1135,39,zandvoort,Netherlands,12,822,bottas,15,BOT,sauber,16,19,70,75822.0,,2.0,42368.0,21184.0,0.0,21,0.0,10,17,72168.0,6.0,4.259,298.13,0,0.0,0.0
2024,1135,39,zandvoort,Netherlands,11,825,kevin_magnussen,210,MAG,haas,0,18,71,74954.0,,1.0,21403.0,21403.0,5.0,16,27.0,7,14,71295.0,6.0,4.259,302.389,0,30.0,254.0
2024,1135,39,zandvoort,Netherlands,1,830,max_verstappen,9,VER,red_bull,2,2,72,74752.0,5468415.0,1.0,20785.0,20785.0,295.0,1,434.0,1,2,70029.0,6.0,4.259,306.648,0,2208.0,3918.0
2024,1135,39,zandvoort,Netherlands,1,832,sainz,6,SAI,ferrari,10,5,72,74117.0,5477656.0,1.0,20840.0,20840.0,172.0,5,370.0,3,10,70914.0,6.0,4.259,306.648,0,1277.0,3160.0
2024,1135,39,zandvoort,Netherlands,11,839,ocon,214,OCO,alpine,15,15,71,75390.0,,1.0,21015.0,21015.0,5.0,17,13.0,8,16,71995.0,6.0,4.259,302.389,0,27.0,97.0
2024,1135,39,zandvoort,Netherlands,11,840,stroll,117,STR,aston_martin,8,13,71,75255.0,,1.0,21385.0,21385.0,24.0,10,74.0,5,8,70857.0,6.0,4.259,302.389,0,177.0,684.0
2024,1135,39,zandvoort,Netherlands,11,842,gasly,214,GAS,alpine,9,9,71,74855.0,,1.0,22646.0,22646.0,8.0,14,13.0,8,9,70977.0,6.0,4.259,302.389,0,41.0,102.0
2024,1135,39,zandvoort,Netherlands,1,844,leclerc,6,LEC,ferrari,6,3,72,74585.0,5470958.0,1.0,20841.0,20841.0,192.0,3,370.0,3,6,70582.0,6.0,4.259,306.648,0,1466.0,3260.0
2024,1135,39,zandvoort,Netherlands,1,846,norris,1,NOR,mclaren,1,1,72,73817.0,5445519.0,1.0,21536.0,21536.0,225.0,2,404.0,2,1,69673.0,6.0,4.259,306.648,0,1518.0,3175.0
2024,1135,39,zandvoort,Netherlands,1,847,russell,131,RUS,mercedes,4,7,72,73927.0,5490136.0,2.0,43005.0,21502.5,122.0,8,276.0,4,4,70244.0,6.0,4.259,306.648,0,861.0,2400.0
2024,1135,39,zandvoort,Netherlands,11,848,albon,3,ALB,williams,19,14,71,74434.0,,2.0,42274.0,21137.0,4.0,18,4.0,9,19,,6.0,4.259,302.389,0,24.0,34.0
2024,1135,39,zandvoort,Netherlands,11,852,tsunoda,215,TSU,rb,11,17,71,75552.0,,2.0,42129.0,21064.5,22.0,12,34.0,6,12,70955.0,6.0,4.259,302.389,0,191.0,324.0
2024,1135,39,zandvoort,Netherlands,12,855,zhou,15,ZHO,sauber,17,20,70,75724.0,,2.0,43258.0,21629.0,0.0,19,0.0,10,18,73261.0,6.0,4.259,298.13,0,0.0,0.0
2024,1135,39,zandvoort,Netherlands,1,857,piastri,1,PIA,mclaren,3,4,72,74237.0,5472856.0,1.0,20969.0,20969.0,179.0,4,404.0,2,3,70172.0,6.0,4.259,306.648,0,1064.0,3342.0
2024,1135,39,zandvoort,Netherlands,11,858,sargeant,3,SAR,williams,18,16,71,75539.0,,1.0,22030.0,22030.0,0.0,20,4.0,9,20,,6.0,4.259,302.389,0,0.0,36.0
2024,1136,14,monza,Italy,1,1,hamilton,131,HAM,mercedes,6,5,53,81512.0,4503547.0,2.0,48624.0,24312.0,164.0,6,292.0,4,6,79513.0,162.0,5.793,307.029,0,990.0,2496.0
2024,1136,14,monza,Italy,1,4,alonso,117,ALO,aston_martin,11,11,53,82944.0,4549222.0,2.0,49367.0,24683.5,50.0,9,74.0,5,11,,162.0,5.793,307.029,0,428.0,700.0
2024,1136,14,monza,Italy,11,807,hulkenberg,210,HUL,haas,10,17,52,83275.0,,2.0,75451.0,37725.5,22.0,11,28.0,7,10,80339.0,162.0,5.793,301.236,0,148.0,263.0
2024,1136,14,monza,Italy,1,815,perez,9,PER,red_bull,8,8,53,82971.0,4534875.0,2.0,48758.0,24379.0,143.0,7,446.0,1,8,80062.0,162.0,5.793,307.029,0,1205.0,4009.0
2024,1136,14,monza,Italy,1,817,ricciardo,215,RIC,rb,12,13,53,84219.0,4574179.0,1.0,30317.0,30317.0,12.0,13,34.0,6,12,,162.0,5.793,307.029,0,97.0,328.0
2024,1136,14,monza,Italy,11,822,bottas,15,BOT,sauber,19,16,52,83609.0,,1.0,24410.0,24410.0,0.0,22,0.0,10,19,,162.0,5.793,301.236,0,0.0,0.0
2024,1136,14,monza,Italy,1,825,kevin_magnussen,210,MAG,haas,13,10,53,83437.0,4549029.0,1.0,25672.0,25672.0,6.0,16,28.0,7,13,,162.0,5.793,307.029,0,35.0,272.0
2024,1136,14,monza,Italy,1,830,max_verstappen,9,VER,red_bull,7,6,53,81745.0,4518659.0,2.0,52348.0,26174.0,303.0,1,446.0,1,7,80022.0,162.0,5.793,307.029,0,2375.0,4100.0
2024,1136,14,monza,Italy,1,832,sainz,6,SAI,ferrari,5,4,53,83219.0,4496348.0,1.0,24313.0,24313.0,184.0,5,407.0,3,5,79467.0,162.0,5.793,307.029,0,1378.0,3376.0
2024,1136,14,monza,Italy,11,839,ocon,214,OCO,alpine,15,14,52,84343.0,,1.0,24146.0,24146.0,5.0,18,13.0,8,15,,162.0,5.793,301.236,0,31.0,106.0
2024,1136,14,monza,Italy,11,840,stroll,117,STR,aston_martin,17,19,52,82232.0,,3.0,74458.0,24819.333333333332,24.0,10,74.0,5,17,,162.0,5.793,301.236,0,192.0,716.0
2024,1136,14,monza,Italy,11,842,gasly,214,GAS,alpine,14,15,52,83755.0,,2.0,48538.0,24269.0,8.0,14,13.0,8,14,,162.0,5.793,301.236,0,49.0,110.0
2024,1136,14,monza,Italy,1,844,leclerc,6,LEC,ferrari,4,1,53,83226.0,4480727.0,1.0,24551.0,24551.0,217.0,3,407.0,3,4,79461.0,162.0,5.793,307.029,0,1585.0,3492.0
2024,1136,14,monza,Italy,1,846,norris,1,NOR,mclaren,1,3,53,81432.0,4486880.0,2.0,49039.0,24519.5,241.0,2,438.0,2,1,79327.0,162.0,5.793,307.029,0,1676.0,3512.0
2024,1136,14,monza,Italy,1,847,russell,131,RUS,mercedes,3,7,53,82036.0,4520442.0,2.0,58993.0,29496.5,128.0,8,292.0,4,3,79440.0,162.0,5.793,307.029,0,952.0,2592.0
2024,1136,14,monza,Italy,1,848,albon,3,ALB,williams,9,9,53,83918.0,4548183.0,1.0,24801.0,24801.0,6.0,17,6.0,9,9,80299.0,162.0,5.793,307.029,0,30.0,40.0
2024,1136,14,monza,Italy,25,852,tsunoda,215,TSU,rb,16,0,7,86198.0,,0.0,0.0,0.0,22.0,12,34.0,6,16,,162.0,5.793,40.551,0,199.0,332.0
2024,1136,14,monza,Italy,11,855,zhou,15,ZHO,sauber,20,18,52,85092.0,,1.0,27138.0,27138.0,0.0,19,0.0,10,20,,162.0,5.793,301.236,0,0.0,0.0
2024,1136,14,monza,Italy,1,857,piastri,1,PIA,mclaren,2,2,53,81943.0,4483391.0,2.0,48463.0,24231.5,197.0,4,438.0,2,2,79436.0,162.0,5.793,307.029,0,1220.0,3682.0
2024,1136,14,monza,Italy,1,861,colapinto,3,COL,williams,18,12,53,83728.0,4562035.0,1.0,25147.0,25147.0,0.0,21,6.0,9,18,,162.0,5.793,307.029,0,0.0,44.0
2024,1137,73,baku,Azerbaijan,1,1,hamilton,131,HAM,mercedes,0,9,51,107236.0,5670408.0,1.0,21289.0,21289.0,166.0,6,309.0,4,7,102289.0,-7.0,6.003,306.153,1,1121.0,2680.0
2024,1137,73,baku,Azerbaijan,1,4,alonso,117,ALO,aston_martin,7,6,51,107057.0,5663475.0,1.0,20073.0,20073.0,58.0,9,82.0,5,8,102369.0,-7.0,6.003,306.153,1,453.0,730.0
2024,1137,73,baku,Azerbaijan,1,807,hulkenberg,210,HUL,haas,12,11,51,107691.0,5671472.0,1.0,21617.0,21617.0,22.0,11,29.0,7,13,103191.0,-7.0,6.003,306.153,1,164.0,274.0
2024,1137,73,baku,Azerbaijan,31,815,perez,9,PER,red_bull,4,17,49,107013.0,,1.0,20630.0,20630.0,143.0,8,456.0,2,4,101813.0,-7.0,6.003,294.147,1,1241.0,4183.0
2024,1137,73,baku,Azerbaijan,1,817,ricciardo,215,RIC,rb,14,13,51,108380.0,5724914.0,1.0,21984.0,21984.0,12.0,14,34.0,6,15,103547.0,-7.0,6.003,306.153,1,104.0,335.0
2024,1137,73,baku,Azerbaijan,11,822,bottas,15,BOT,sauber,16,16,50,108418.0,,1.0,20045.0,20045.0,0.0,22,0.0,10,17,103618.0,-7.0,6.003,300.15,1,0.0,0.0
2024,1137,73,baku,Azerbaijan,1,830,max_verstappen,9,VER,red_bull,6,5,51,106798.0,5655105.0,2.0,41870.0,20935.0,313.0,1,456.0,2,6,102023.0,-7.0,6.003,306.153,1,2527.0,4266.0
2024,1137,73,baku,Azerbaijan,31,832,sainz,6,SAI,ferrari,3,18,49,106866.0,,1.0,21483.0,21483.0,184.0,5,425.0,3,3,101805.0,-7.0,6.003,294.147,1,1469.0,3615.0
2024,1137,73,baku,Azerbaijan,11,839,ocon,214,OCO,alpine,0,15,50,108831.0,,1.0,20634.0,20634.0,5.0,18,13.0,9,19,104504.0,-7.0,6.003,300.15,1,35.0,114.0
2024,1137,73,baku,Azerbaijan,31,840,stroll,117,STR,aston_martin,13,19,45,108148.0,,2.0,41337.0,20668.5,24.0,10,82.0,5,14,103404.0,-7.0,6.003,270.135,1,205.0,744.0
2024,1137,73,baku,Azerbaijan,1,842,gasly,214,GAS,alpine,18,12,51,108018.0,5695196.0,1.0,20257.0,20257.0,8.0,15,13.0,9,20,103179.0,-7.0,6.003,306.153,1,57.0,118.0
2024,1137,73,baku,Azerbaijan,1,844,leclerc,6,LEC,ferrari,1,2,51,107067.0,5588917.0,1.0,20671.0,20671.0,235.0,3,425.0,3,1,101365.0,-7.0,6.003,306.153,1,1707.0,3738.0
2024,1137,73,baku,Azerbaijan,1,846,norris,1,NOR,mclaren,15,4,51,105255.0,5614150.0,1.0,19712.0,19712.0,254.0,2,476.0,1,16,103609.0,-7.0,6.003,306.153,1,1829.0,3863.0
2024,1137,73,baku,Azerbaijan,1,847,russell,131,RUS,mercedes,5,3,51,106628.0,5609335.0,1.0,19954.0,19954.0,143.0,7,309.0,4,5,101874.0,-7.0,6.003,306.153,1,1051.0,2768.0
2024,1137,73,baku,Azerbaijan,1,848,albon,3,ALB,williams,9,7,51,106947.0,5665403.0,1.0,20287.0,20287.0,12.0,13,16.0,8,10,102859.0,-7.0,6.003,306.153,1,42.0,56.0
2024,1137,73,baku,Azerbaijan,31,852,tsunoda,215,TSU,rb,11,0,14,110887.0,,1.0,20922.0,20922.0,22.0,12,34.0,6,12,103035.0,-7.0,6.003,84.042,1,206.0,338.0
2024,1137,73,baku,Azerbaijan,1,855,zhou,15,ZHO,sauber,17,14,51,107644.0,5726848.0,1.0,20520.0,20520.0,0.0,20,0.0,10,18,104246.0,-7.0,6.003,306.153,1,0.0,0.0
2024,1137,73,baku,Azerbaijan,1,857,piastri,1,PIA,mclaren,2,1,51,107060.0,5578007.0,1.0,20181.0,20181.0,222.0,4,476.0,1,2,101686.0,-7.0,6.003,306.153,1,1389.0,4044.0
2024,1137,73,baku,Azerbaijan,1,860,bearman,210,BEA,haas,10,10,51,107048.0,5671134.0,1.0,21276.0,21276.0,7.0,16,29.0,7,11,102968.0,-7.0,6.003,306.153,1,13.0,276.0
2024,1137,73,baku,Azerbaijan,1,861,colapinto,3,COL,williams,8,8,51,107274.0,5667548.0,1.0,20596.0,20596.0,4.0,19,16.0,8,9,102530.0,-7.0,6.003,306.153,1,4.0,68.0
2024,1138,15,marina_bay,Singapore,1,1,hamilton,131,HAM,mercedes,3,6,62,97393.0,6137819.0,1.0,29272.0,29272.0,174.0,6,329.0,4,3,89841.0,18.0,5.063,313.906,1,1253.0,2856.0
2024,1138,15,marina_bay,Singapore,11,4,alonso,117,ALO,aston_martin,7,8,61,97741.0,,1.0,29251.0,29251.0,62.0,9,86.0,5,7,90214.0,18.0,5.063,308.84299999999996,1,482.0,761.0
2024,1138,15,marina_bay,Singapore,11,807,hulkenberg,210,HUL,haas,6,9,61,97470.0,,1.0,29808.0,29808.0,24.0,10,31.0,7,6,90115.0,18.0,5.063,308.84299999999996,1,182.0,280.0
2024,1138,15,marina_bay,Singapore,11,815,perez,9,PER,red_bull,13,10,61,97477.0,,1.0,28990.0,28990.0,144.0,8,475.0,2,13,,18.0,5.063,308.84299999999996,1,1278.0,4352.0
2024,1138,15,marina_bay,Singapore,11,817,ricciardo,215,RIC,rb,16,18,61,94486.0,,3.0,89035.0,29678.333333333332,12.0,14,34.0,6,16,,18.0,5.063,308.84299999999996,1,111.0,339.0
2024,1138,15,marina_bay,Singapore,11,822,bottas,15,BOT,sauber,19,16,61,97524.0,,1.0,30423.0,30423.0,0.0,22,0.0,10,19,,18.0,5.063,308.84299999999996,1,0.0,0.0
2024,1138,15,marina_bay,Singapore,3,825,kevin_magnussen,210,MAG,haas,14,19,57,97425.0,,2.0,60998.0,30499.0,6.0,17,31.0,7,14,,18.0,5.063,288.591,1,40.0,284.0
2024,1138,15,marina_bay,Singapore,1,830,max_verstappen,9,VER,red_bull,2,2,62,95967.0,6073516.0,1.0,29655.0,29655.0,331.0,1,475.0,2,2,89728.0,18.0,5.063,313.906,1,2689.0,4438.0
2024,1138,15,marina_bay,Singapore,1,832,sainz,6,SAI,ferrari,10,7,62,96561.0,6148610.0,1.0,29385.0,29385.0,190.0,5,441.0,3,10,,18.0,5.063,313.906,1,1551.0,3857.0
2024,1138,15,marina_bay,Singapore,11,839,ocon,214,OCO,alpine,15,13,61,97964.0,,1.0,29601.0,29601.0,5.0,18,13.0,9,15,,18.0,5.063,308.84299999999996,1,39.0,122.0
2024,1138,15,marina_bay,Singapore,11,840,stroll,117,STR,aston_martin,17,14,61,97851.0,,1.0,29816.0,29816.0,24.0,11,86.0,5,17,,18.0,5.063,308.84299999999996,1,218.0,778.0
2024,1138,15,marina_bay,Singapore,11,842,gasly,214,GAS,alpine,18,17,61,96927.0,,1.0,31509.0,31509.0,8.0,15,13.0,9,18,,18.0,5.063,308.84299999999996,1,64.0,126.0
2024,1138,15,marina_bay,Singapore,1,844,leclerc,6,LEC,ferrari,9,5,62,95371.0,6115001.0,1.0,29042.0,29042.0,245.0,3,441.0,3,9,,18.0,5.063,313.906,1,1814.0,3976.0
2024,1138,15,marina_bay,Singapore,1,846,norris,1,NOR,mclaren,1,1,62,94925.0,6052571.0,1.0,29091.0,29091.0,279.0,2,516.0,1,1,89525.0,18.0,5.063,313.906,1,1995.0,4222.0
2024,1138,15,marina_bay,Singapore,1,847,russell,131,RUS,mercedes,4,4,62,97047.0,6113611.0,1.0,28739.0,28739.0,155.0,7,329.0,4,4,89867.0,18.0,5.063,313.906,1,1152.0,2944.0
2024,1138,15,marina_bay,Singapore,131,848,albon,3,ALB,williams,11,0,15,96888.0,,1.0,29126.0,29126.0,12.0,13,16.0,8,11,,18.0,5.063,75.945,1,52.0,80.0
2024,1138,15,marina_bay,Singapore,11,852,tsunoda,215,TSU,rb,8,12,61,96393.0,,1.0,29662.0,29662.0,22.0,12,34.0,6,8,90354.0,18.0,5.063,308.84299999999996,1,209.0,340.0
2024,1138,15,marina_bay,Singapore,11,855,zhou,15,ZHO,sauber,20,15,61,97461.0,,1.0,29360.0,29360.0,0.0,20,0.0,10,20,,18.0,5.063,308.84299999999996,1,0.0,0.0
2024,1138,15,marina_bay,Singapore,1,857,piastri,1,PIA,mclaren,5,3,62,95745.0,6094394.0,1.0,29152.0,29152.0,237.0,4,516.0,1,5,89953.0,18.0,5.063,313.906,1,1555.0,4400.0
2024,1138,15,marina_bay,Singapore,11,861,colapinto,3,COL,williams,12,11,61,97262.0,,1.0,29772.0,29772.0,4.0,19,16.0,8,12,,18.0,5.063,308.84299999999996,1,8.0,92.0
2024,1139,69,americas,USA,20,1,hamilton,131,HAM,mercedes,17,0,1,,,0.0,0.0,0.0,177.0,6,344.0,4,19,,161.0,5.513,5.513,0,1375.0,3022.0
2024,1139,69,americas,USA,11,4,alonso,117,ALO,aston_martin,7,13,55,99261.0,,1.0,24247.0,24247.0,62.0,9,86.0,5,8,93309.0,161.0,5.513,303.215,0,503.0,791.0
2024,1139,69,americas,USA,1,807,hulkenberg,210,HUL,haas,11,8,56,98404.0,5772596.0,1.0,24500.0,24500.0,29.0,10,38.0,6,12,,161.0,5.513,308.728,0,205.0,295.0
2024,1139,69,americas,USA,1,815,perez,9,PER,red_bull,9,7,56,98514.0,5768711.0,1.0,23580.0,23580.0,150.0,8,504.0,2,10,,161.0,5.513,308.728,0,1321.0,4534.0
2024,1139,69,americas,USA,11,822,bottas,15,BOT,sauber,16,17,55,100575.0,,1.0,24439.0,24439.0,0.0,23,0.0,10,18,,161.0,5.513,303.215,0,0.0,0.0
2024,1139,69,americas,USA,1,825,kevin_magnussen,210,MAG,haas,8,11,56,98210.0,5789421.0,2.0,48053.0,24026.5,8.0,15,38.0,6,9,93481.0,161.0,5.513,308.728,0,47.0,306.0
2024,1139,69,americas,USA,1,830,max_verstappen,9,VER,red_bull,2,3,56,98117.0,5729051.0,1.0,24228.0,24228.0,354.0,1,504.0,2,2,92361.0,161.0,5.513,308.728,0,2849.0,4630.0
2024,1139,69,americas,USA,1,832,sainz,6,SAI,ferrari,3,2,56,97763.0,5718201.0,1.0,23963.0,23963.0,215.0,5,496.0,3,3,92652.0,161.0,5.513,308.728,0,1658.0,4127.0
2024,1139,69,americas,USA,11,839,ocon,214,OCO,alpine,12,18,55,97330.0,,2.0,50331.0,25165.5,5.0,19,13.0,9,13,,161.0,5.513,303.215,0,42.0,128.0
2024,1139,69,americas,USA,11,840,stroll,117,STR,aston_martin,13,15,55,99214.0,,1.0,26399.0,26399.0,24.0,11,86.0,5,14,,161.0,5.513,303.215,0,225.0,804.0
2024,1139,69,americas,USA,1,842,gasly,214,GAS,alpine,6,12,56,98311.0,5800197.0,1.0,28228.0,28228.0,8.0,16,13.0,9,7,93018.0,161.0,5.513,308.728,0,69.0,130.0
2024,1139,69,americas,USA,1,844,leclerc,6,LEC,ferrari,4,1,56,97834.0,5709639.0,1.0,23817.0,23817.0,275.0,3,496.0,3,4,92740.0,161.0,5.513,308.728,0,1951.0,4278.0
2024,1139,69,americas,USA,1,846,norris,1,NOR,mclaren,1,4,56,97679.0,5729993.0,1.0,23731.0,23731.0,297.0,2,544.0,1,1,92330.0,161.0,5.513,308.728,0,2161.0,4578.0
2024,1139,69,americas,USA,1,847,russell,131,RUS,mercedes,20,6,56,97656.0,5765934.0,1.0,29327.0,29327.0,167.0,7,344.0,4,6,92974.0,161.0,5.513,308.728,0,1250.0,3100.0
2024,1139,69,americas,USA,11,848,albon,3,ALB,williams,14,16,55,99084.0,,2.0,59374.0,29687.0,12.0,13,17.0,8,16,,161.0,5.513,303.215,0,62.0,105.0
2024,1139,69,americas,USA,11,852,tsunoda,215,TSU,rb,10,14,55,99193.0,,1.0,24193.0,24193.0,22.0,12,36.0,7,11,,161.0,5.513,303.215,0,212.0,342.0
2024,1139,69,americas,USA,11,855,zhou,15,ZHO,sauber,18,19,55,99272.0,,2.0,49323.0,24661.5,0.0,21,0.0,10,20,,161.0,5.513,303.215,0,0.0,0.0
2024,1139,69,americas,USA,1,857,piastri,1,PIA,mclaren,5,5,56,97883.0,5731560.0,1.0,24107.0,24107.0,247.0,4,544.0,1,5,92950.0,161.0,5.513,308.728,0,1721.0,4756.0
2024,1139,69,americas,USA,1,859,lawson,215,LAW,rb,19,9,56,98091.0,5780202.0,1.0,23839.0,23839.0,2.0,20,36.0,7,15,,161.0,5.513,308.728,0,8.0,344.0
2024,1139,69,americas,USA,1,861,colapinto,3,COL,williams,15,10,56,97611.0,5781618.0,1.0,23971.0,23971.0,5.0,18,17.0,8,17,,161.0,5.513,308.728,0,13.0,118.0
2024,1140,32,rodriguez,Mexico,1,1,hamilton,131,HAM,mercedes,6,4,71,80371.0,6100580.0,1.0,22538.0,22538.0,189.0,6,366.0,4,6,76651.0,2227.0,4.304,305.584,0,1494.0,3190.0
2024,1140,32,rodriguez,Mexico,23,4,alonso,117,ALO,aston_martin,13,0,15,82722.0,,0.0,0.0,0.0,62.0,9,86.0,5,13,,2227.0,4.304,64.56,0,524.0,816.0
2024,1140,32,rodriguez,Mexico,11,807,hulkenberg,210,HUL,haas,10,9,70,80748.0,,1.0,23077.0,23077.0,31.0,10,46.0,6,10,77365.0,2227.0,4.304,301.28000000000003,0,230.0,325.0
2024,1140,32,rodriguez,Mexico,11,815,perez,9,PER,red_bull,18,17,70,79209.0,,3.0,71824.0,23941.333333333332,150.0,8,512.0,3,18,,2227.0,4.304,301.28000000000003,0,1360.0,4708.0
2024,1140,32,rodriguez,Mexico,11,822,bottas,15,BOT,sauber,15,14,70,81085.0,,1.0,22505.0,22505.0,0.0,23,0.0,10,15,,2227.0,4.304,301.28000000000003,0,0.0,0.0
2024,1140,32,rodriguez,Mexico,1,825,kevin_magnussen,210,MAG,haas,7,7,71,80637.0,6119442.0,1.0,23332.0,23332.0,14.0,13,46.0,6,7,76886.0,2227.0,4.304,305.584,0,60.0,344.0
2024,1140,32,rodriguez,Mexico,1,830,max_verstappen,9,VER,red_bull,2,6,71,80872.0,6115358.0,1.0,43730.0,43730.0,362.0,1,512.0,3,2,76171.0,2227.0,4.304,305.584,0,2992.0,4786.0
2024,1140,32,rodriguez,Mexico,1,832,sainz,6,SAI,ferrari,1,1,71,80137.0,6055800.0,1.0,22249.0,22249.0,240.0,5,537.0,2,1,75946.0,2227.0,4.304,305.584,0,1782.0,4445.0
2024,1140,32,rodriguez,Mexico,11,839,ocon,214,OCO,alpine,0,13,70,80659.0,,1.0,23245.0,23245.0,5.0,19,14.0,9,19,,2227.0,4.304,301.28000000000003,0,44.0,131.0
2024,1140,32,rodriguez,Mexico,11,840,stroll,117,STR,aston_martin,14,11,70,81311.0,,1.0,22592.0,22592.0,24.0,11,86.0,5,14,,2227.0,4.304,301.28000000000003,0,232.0,828.0
2024,1140,32,rodriguez,Mexico,11,842,gasly,214,GAS,alpine,8,10,70,81274.0,,1.0,23204.0,23204.0,9.0,16,14.0,9,8,76892.0,2227.0,4.304,301.28000000000003,0,73.0,132.0
2024,1140,32,rodriguez,Mexico,1,844,leclerc,6,LEC,ferrari,4,3,71,78336.0,6090187.0,2.0,45550.0,22775.0,291.0,3,537.0,2,4,76265.0,2227.0,4.304,305.584,0,2094.0,4612.0
2024,1140,32,rodriguez,Mexico,1,846,norris,1,NOR,mclaren,3,2,71,79691.0,6060505.0,1.0,22111.0,22111.0,315.0,2,566.0,1,3,76260.0,2227.0,4.304,305.584,0,2326.0,4918.0
2024,1140,32,rodriguez,Mexico,1,847,russell,131,RUS,mercedes,5,5,71,80731.0,6104336.0,1.0,22462.0,22462.0,177.0,7,366.0,4,5,76356.0,2227.0,4.304,305.584,0,1346.0,3280.0
2024,1140,32,rodriguez,Mexico,4,848,albon,3,ALB,williams,9,0,0,,,0.0,0.0,0.0,12.0,14,17.0,8,9,77065.0,2227.0,4.304,0.0,0,72.0,131.0
2024,1140,32,rodriguez,Mexico,4,852,tsunoda,215,TSU,rb,11,0,0,,,0.0,0.0,0.0,22.0,12,36.0,7,11,,2227.0,4.304,0.0,0,215.0,346.0
2024,1140,32,rodriguez,Mexico,11,855,zhou,15,ZHO,sauber,19,15,70,81553.0,,1.0,22935.0,22935.0,0.0,21,0.0,10,20,,2227.0,4.304,301.28000000000003,0,0.0,0.0
2024,1140,32,rodriguez,Mexico,1,857,piastri,1,PIA,mclaren,17,8,71,80064.0,6120728.0,1.0,21825.0,21825.0,251.0,4,566.0,1,17,,2227.0,4.304,305.584,0,1885.0,5080.0
2024,1140,32,rodriguez,Mexico,11,859,lawson,215,LAW,rb,12,16,70,79502.0,,2.0,52885.0,26442.5,2.0,20,36.0,7,12,,2227.0,4.304,301.28000000000003,0,10.0,348.0
2024,1140,32,rodriguez,Mexico,11,861,colapinto,3,COL,williams,16,12,70,80090.0,,1.0,23895.0,23895.0,5.0,18,17.0,8,16,,2227.0,4.304,301.28000000000003,0,18.0,144.0
2024,1141,18,interlagos,Brazil,1,1,hamilton,131,HAM,mercedes,14,10,69,82041.0,7665183.0,2.0,1450908.0,725454.0,190.0,7,382.0,4,16,,785.0,4.309,297.321,0,1599.0,3370.0
2024,1141,18,interlagos,Brazil,1,4,alonso,117,ALO,aston_martin,9,14,69,82293.0,7692479.0,2.0,1447979.0,723989.5,62.0,9,86.0,5,9,88998.0,785.0,4.309,297.321,0,545.0,840.0
2024,1141,18,interlagos,Brazil,2,807,hulkenberg,210,HUL,haas,17,0,0,83764.0,,3.0,112943.0,37647.666666666664,31.0,10,46.0,7,19,,785.0,4.309,0.0,0,247.0,362.0
2024,1141,18,interlagos,Brazil,1,815,perez,9,PER,red_bull,12,11,69,82143.0,7665961.0,2.0,1451907.0,725953.5,151.0,8,544.0,3,13,,785.0,4.309,297.321,0,1393.0,4884.0
2024,1141,18,interlagos,Brazil,1,822,bottas,15,BOT,sauber,11,13,69,82877.0,7678018.0,1.0,1422094.0,1422094.0,0.0,23,0.0,10,11,,785.0,4.309,297.321,0,0.0,0.0
2024,1141,18,interlagos,Brazil,1,830,max_verstappen,9,VER,red_bull,17,1,69,80472.0,7614430.0,1.0,1409303.0,1409303.0,393.0,1,544.0,3,12,,785.0,4.309,297.321,0,3148.0,4982.0
2024,1141,18,interlagos,Brazil,3,832,sainz,6,SAI,ferrari,0,0,38,84201.0,,2.0,1450579.0,725289.5,244.0,5,557.0,2,14,,785.0,4.309,163.74200000000002,0,1891.0,4762.0
2024,1141,18,interlagos,Brazil,1,839,ocon,214,OCO,alpine,4,2,69,81771.0,7633907.0,1.0,1408695.0,1408695.0,23.0,14,49.0,6,4,84475.0,785.0,4.309,297.321,0,64.0,168.0
2024,1141,18,interlagos,Brazil,54,840,stroll,117,STR,aston_martin,10,0,0,,,0.0,0.0,0.0,24.0,13,86.0,5,10,,785.0,4.309,0.0,0,239.0,852.0
2024,1141,18,interlagos,Brazil,1,842,gasly,214,GAS,alpine,13,3,69,81645.0,7636962.0,1.0,1407586.0,1407586.0,26.0,12,49.0,6,15,,785.0,4.309,297.321,0,93.0,204.0
2024,1141,18,interlagos,Brazil,1,844,leclerc,6,LEC,ferrari,6,5,69,81631.0,7644607.0,2.0,1444833.0,722416.5,307.0,3,557.0,2,6,84525.0,785.0,4.309,297.321,0,2251.0,4912.0
2024,1141,18,interlagos,Brazil,1,846,norris,1,NOR,mclaren,1,6,69,81517.0,7645802.0,2.0,1440127.0,720063.5,331.0,2,593.0,1,1,83405.0,785.0,4.309,297.321,0,2501.0,5235.0
2024,1141,18,interlagos,Brazil,1,847,russell,131,RUS,mercedes,2,4,69,81645.0,7637695.0,2.0,1441536.0,720768.0,192.0,6,382.0,4,2,83578.0,785.0,4.309,297.321,0,1427.0,3460.0
2024,1141,18,interlagos,Brazil,54,848,albon,3,ALB,williams,7,0,0,,,0.0,0.0,0.0,12.0,16,17.0,9,7,84657.0,785.0,4.309,0.0,0,82.0,155.0
2024,1141,18,interlagos,Brazil,1,852,tsunoda,215,TSU,rb,3,7,69,81828.0,7656486.0,2.0,1444461.0,722230.5,28.0,11,44.0,8,3,84111.0,785.0,4.309,297.321,0,224.0,358.0
2024,1141,18,interlagos,Brazil,1,855,zhou,15,ZHO,sauber,19,15,69,83058.0,7694079.0,4.0,1404011.0,351002.75,0.0,21,0.0,10,20,,785.0,4.309,297.321,0,0.0,0.0
2024,1141,18,interlagos,Brazil,1,857,piastri,1,PIA,mclaren,8,8,69,81532.0,7659373.0,2.0,1446320.0,723160.0,262.0,4,593.0,1,8,84686.0,785.0,4.309,297.321,0,2035.0,5390.0
2024,1141,18,interlagos,Brazil,1,859,lawson,215,LAW,rb,5,9,69,82123.0,7664882.0,2.0,1450889.0,725444.5,4.0,20,44.0,8,5,84484.0,785.0,4.309,297.321,0,14.0,368.0
2024,1141,18,interlagos,Brazil,1,860,bearman,210,BEA,haas,15,12,69,82494.0,7671515.0,2.0,1460492.0,730246.0,7.0,18,46.0,7,17,,785.0,4.309,297.321,0,20.0,380.0
2024,1141,18,interlagos,Brazil,3,861,colapinto,3,COL,williams,16,0,30,84296.0,,2.0,50526.0,25263.0,5.0,19,17.0,9,18,,785.0,4.309,129.27,0,23.0,166.0
2024,1142,80,vegas,United States,1,1,hamilton,131,HAM,mercedes,10,2,50,95480.0,4933282.0,2.0,42422.0,21211.0,208.0,7,425.0,4,10,108106.0,642.0,6.201,310.04999999999995,1,1697.0,3576.0
2024,1142,80,vegas,United States,1,4,alonso,117,ALO,aston_martin,16,11,50,96553.0,4995164.0,2.0,42814.0,21407.0,62.0,9,86.0,5,17,,642.0,6.201,310.04999999999995,1,562.0,856.0
2024,1142,80,vegas,United States,1,807,hulkenberg,210,HUL,haas,9,8,50,96585.0,4985777.0,2.0,43213.0,21606.5,35.0,10,50.0,6,9,93062.0,642.0,6.201,310.04999999999995,1,260.0,401.0
2024,1142,80,vegas,United States,1,815,perez,9,PER,red_bull,15,10,50,96326.0,4989083.0,2.0,42328.0,21164.0,152.0,8,555.0,3,16,,642.0,6.201,310.04999999999995,1,1427.0,5081.0
2024,1142,80,vegas,United States,11,822,bottas,15,BOT,sauber,19,18,49,96601.0,,2.0,44444.0,22222.0,0.0,23,0.0,10,19,,642.0,6.201,303.849,1,0.0,0.0
2024,1142,80,vegas,United States,1,825,kevin_magnussen,210,MAG,haas,12,12,50,96557.0,4995772.0,1.0,21963.0,21963.0,14.0,15,50.0,6,12,,642.0,6.201,310.04999999999995,1,73.0,422.0
2024,1142,80,vegas,United States,1,830,max_verstappen,9,VER,red_bull,5,5,50,96248.0,4942551.0,2.0,42951.0,21475.5,403.0,1,555.0,3,5,92797.0,642.0,6.201,310.04999999999995,1,3296.0,5180.0
2024,1142,80,vegas,United States,1,832,sainz,6,SAI,ferrari,2,3,50,95875.0,4937875.0,2.0,41927.0,20963.5,259.0,5,584.0,2,2,92410.0,642.0,6.201,310.04999999999995,1,2004.0,5071.0
2024,1142,80,vegas,United States,11,839,ocon,214,OCO,alpine,11,17,49,96511.0,,3.0,58790.0,19596.666666666668,23.0,14,49.0,7,11,,642.0,6.201,303.849,1,84.0,240.0
2024,1142,80,vegas,United States,1,840,stroll,117,STR,aston_martin,18,15,50,97179.0,5010071.0,2.0,56451.0,28225.5,24.0,13,86.0,5,20,,642.0,6.201,310.04999999999995,1,240.0,860.0
2024,1142,80,vegas,United States,5,842,gasly,214,GAS,alpine,3,0,15,98314.0,,1.0,22179.0,22179.0,26.0,12,49.0,7,3,92664.0,642.0,6.201,93.015,1,113.0,276.0
2024,1142,80,vegas,United States,1,844,leclerc,6,LEC,ferrari,4,4,50,95674.0,4940252.0,2.0,42914.0,21457.0,319.0,3,584.0,2,4,92783.0,642.0,6.201,310.04999999999995,1,2420.0,5230.0
2024,1142,80,vegas,United States,1,846,norris,1,NOR,mclaren,6,6,50,94876.0,4969354.0,3.0,62921.0,20973.666666666668,340.0,2,608.0,1,6,93008.0,642.0,6.201,310.04999999999995,1,2670.0,5522.0
2024,1142,80,vegas,United States,1,847,russell,131,RUS,mercedes,1,1,50,95717.0,4925969.0,2.0,42047.0,21023.5,217.0,6,425.0,4,1,92312.0,642.0,6.201,310.04999999999995,1,1533.0,3692.0
2024,1142,80,vegas,United States,21,848,albon,3,ALB,williams,17,0,25,98008.0,,1.0,22012.0,22012.0,12.0,16,17.0,9,18,,642.0,6.201,155.02499999999998,1,90.0,167.0
2024,1142,80,vegas,United States,1,852,tsunoda,215,TSU,rb,7,9,50,96957.0,4988777.0,2.0,42376.0,21188.0,30.0,11,46.0,8,7,93029.0,642.0,6.201,310.04999999999995,1,234.0,380.0
2024,1142,80,vegas,United States,1,855,zhou,15,ZHO,sauber,13,13,50,96324.0,5000054.0,2.0,44721.0,22360.5,0.0,21,0.0,10,13,,642.0,6.201,310.04999999999995,1,0.0,0.0
2024,1142,80,vegas,United States,1,857,piastri,1,PIA,mclaren,8,7,50,96598.0,4977334.0,2.0,48814.0,24407.0,268.0,4,608.0,1,8,93033.0,642.0,6.201,310.04999999999995,1,2179.0,5654.0
2024,1142,80,vegas,United States,1,859,lawson,215,LAW,rb,14,16,50,96980.0,5016974.0,2.0,41691.0,20845.5,4.0,20,46.0,8,15,,642.0,6.201,310.04999999999995,1,18.0,392.0
2024,1142,80,vegas,United States,1,861,colapinto,3,COL,williams,0,14,50,96867.0,5001141.0,2.0,42391.0,21195.5,5.0,19,17.0,9,14,,642.0,6.201,310.04999999999995,1,28.0,168.0
2024,1143,78,losail,Qatar,1,1,hamilton,131,HAM,mercedes,6,12,57,83865.0,5521445.0,4.0,110847.0,27711.75,211.0,7,446.0,4,6,81011.0,12.0,5.38,306.65999999999997,0,1783.0,3809.0
2024,1143,78,losail,Qatar,1,4,alonso,117,ALO,aston_martin,8,7,57,83667.0,5485190.0,3.0,90031.0,30010.333333333332,68.0,9,92.0,5,8,81251.0,12.0,5.38,306.65999999999997,0,585.0,866.0
2024,1143,78,losail,Qatar,20,807,hulkenberg,210,HUL,haas,18,0,39,85767.0,,4.0,122802.0,30700.5,37.0,10,54.0,7,18,,12.0,5.38,209.82,0,275.0,445.0
2024,1143,78,losail,Qatar,20,815,perez,9,PER,red_bull,9,0,38,85288.0,,3.0,80252.0,26750.666666666668,152.0,8,581.0,3,9,81425.0,12.0,5.38,204.44,0,1455.0,5286.0
2024,1143,78,losail,Qatar,1,822,bottas,15,BOT,sauber,13,11,57,85533.0,5515566.0,3.0,86142.0,28714.0,0.0,22,4.0,10,13,,12.0,5.38,306.65999999999997,0,0.0,4.0
2024,1143,78,losail,Qatar,1,825,kevin_magnussen,210,MAG,haas,10,9,57,84259.0,5497500.0,3.0,84602.0,28200.666666666668,16.0,15,54.0,7,10,81500.0,12.0,5.38,306.65999999999997,0,84.0,468.0
2024,1143,78,losail,Qatar,1,830,max_verstappen,9,VER,red_bull,2,1,57,82905.0,5465323.0,3.0,74890.0,24963.333333333332,429.0,1,581.0,3,1,80520.0,12.0,5.38,306.65999999999997,0,3460.0,5392.0
2024,1143,78,losail,Qatar,1,832,sainz,6,SAI,ferrari,7,6,57,83465.0,5482799.0,3.0,93275.0,31091.666666666668,272.0,5,619.0,2,7,81041.0,12.0,5.38,306.65999999999997,0,2122.0,5408.0
2024,1143,78,losail,Qatar,4,839,ocon,214,OCO,alpine,20,0,0,,,0.0,0.0,0.0,23.0,14,59.0,6,20,,12.0,5.38,0.0,0,104.0,322.0
2024,1143,78,losail,Qatar,130,840,stroll,117,STR,aston_martin,15,0,8,90935.0,,2.0,71457.0,35728.5,24.0,13,92.0,5,15,,12.0,5.38,43.04,0,240.0,872.0
2024,1143,78,losail,Qatar,1,842,gasly,214,GAS,alpine,11,5,57,83705.0,5482105.0,3.0,81997.0,27332.333333333332,36.0,11,59.0,6,11,,12.0,5.38,306.65999999999997,0,143.0,368.0
2024,1143,78,losail,Qatar,1,844,leclerc,6,LEC,ferrari,5,2,57,83242.0,5471354.0,3.0,83118.0,27706.0,341.0,3,619.0,2,5,80852.0,12.0,5.38,306.65999999999997,0,2599.0,5586.0
2024,1143,78,losail,Qatar,1,846,norris,1,NOR,mclaren,3,10,57,82384.0,5501085.0,4.0,118431.0,29607.75,349.0,2,640.0,1,3,80772.0,12.0,5.38,306.65999999999997,0,2830.0,5778.0
2024,1143,78,losail,Qatar,1,847,russell,131,RUS,mercedes,1,4,57,83355.0,5479427.0,4.0,116979.0,29244.75,235.0,6,446.0,4,2,80575.0,12.0,5.38,306.65999999999997,0,1652.0,3926.0
2024,1143,78,losail,Qatar,11,848,albon,3,ALB,williams,16,15,56,85559.0,,4.0,128124.0,32031.0,12.0,16,17.0,9,16,,12.0,5.38,301.28,0,98.0,169.0
2024,1143,78,losail,Qatar,1,852,tsunoda,215,TSU,rb,14,13,57,86144.0,5526423.0,4.0,116858.0,29214.5,30.0,12,46.0,8,14,,12.0,5.38,306.65999999999997,0,242.0,404.0
2024,1143,78,losail,Qatar,1,855,zhou,15,ZHO,sauber,12,8,57,83889.0,5490683.0,3.0,87131.0,29043.666666666668,4.0,20,4.0,10,12,,12.0,5.38,306.65999999999997,0,4.0,8.0
2024,1143,78,losail,Qatar,1,857,piastri,1,PIA,mclaren,4,3,57,83218.0,5472142.0,3.0,80011.0,26670.333333333332,291.0,4,640.0,1,4,80829.0,12.0,5.38,306.65999999999997,0,2321.0,5902.0
2024,1143,78,losail,Qatar,1,859,lawson,215,LAW,rb,17,14,57,86076.0,5527979.0,4.0,129231.0,32307.75,4.0,21,46.0,8,17,,12.0,5.38,306.65999999999997,0,22.0,416.0
2024,1143,78,losail,Qatar,4,861,colapinto,3,COL,williams,19,0,0,,,0.0,0.0,0.0,5.0,19,17.0,9,19,,12.0,5.38,0.0,0,33.0,170.0
2024,1144,24,yas_marina,UAE,1,1,hamilton,131,HAM,mercedes,16,4,58,87278.0,5229774.0,1.0,21694.0,21694.0,223.0,7,468.0,4,18,,3.0,5.554,322.132,0,1856.0,4050.0
2024,1144,24,yas_marina,UAE,1,4,alonso,117,ALO,aston_martin,8,9,58,87948.0,5275664.0,2.0,45763.0,22881.5,70.0,9,94.0,5,8,83196.0,3.0,5.554,322.132,0,606.0,880.0
2024,1144,24,yas_marina,UAE,1,807,hulkenberg,210,HUL,haas,7,8,58,89152.0,5268845.0,1.0,21530.0,21530.0,41.0,11,58.0,7,4,82886.0,3.0,5.554,322.132,0,294.0,488.0
2024,1144,24,yas_marina,UAE,4,815,perez,9,PER,red_bull,10,0,0,,,0.0,0.0,0.0,152.0,8,589.0,3,10,83264.0,3.0,5.554,0.0,0,1476.0,5477.0
2024,1144,24,yas_marina,UAE,130,822,bottas,15,BOT,sauber,9,0,30,89482.0,,1.0,41144.0,41144.0,0.0,22,4.0,10,9,83204.0,3.0,5.554,166.62,0,0.0,12.0
2024,1144,24,yas_marina,UAE,11,825,kevin_magnussen,210,MAG,haas,14,16,57,85637.0,,4.0,92946.0,23236.5,16.0,15,58.0,7,15,,3.0,5.554,316.57800000000003,0,95.0,508.0
2024,1144,24,yas_marina,UAE,1,830,max_verstappen,9,VER,red_bull,4,6,58,87765.0,5243138.0,1.0,32652.0,32652.0,437.0,1,589.0,3,5,82945.0,3.0,5.554,322.132,0,3620.0,5562.0
2024,1144,24,yas_marina,UAE,1,832,sainz,6,SAI,ferrari,3,2,58,87765.0,5199123.0,1.0,21280.0,21280.0,290.0,5,652.0,2,3,82824.0,3.0,5.554,322.132,0,2250.0,5742.0
2024,1144,24,yas_marina,UAE,11,840,stroll,117,STR,aston_martin,13,14,57,88604.0,,2.0,45319.0,22659.5,24.0,13,94.0,5,13,,3.0,5.554,316.57800000000003,0,240.0,888.0
2024,1144,24,yas_marina,UAE,1,842,gasly,214,GAS,alpine,5,7,58,89251.0,5265851.0,1.0,22059.0,22059.0,42.0,10,65.0,6,6,82984.0,3.0,5.554,322.132,0,179.0,420.0
2024,1144,24,yas_marina,UAE,1,844,leclerc,6,LEC,ferrari,19,3,58,88018.0,5225219.0,1.0,21869.0,21869.0,356.0,3,652.0,2,14,,3.0,5.554,322.132,0,2778.0,5898.0
2024,1144,24,yas_marina,UAE,1,846,norris,1,NOR,mclaren,1,1,58,87438.0,5193291.0,1.0,21276.0,21276.0,374.0,2,666.0,1,1,82595.0,3.0,5.554,322.132,0,3005.0,6024.0
2024,1144,24,yas_marina,UAE,1,847,russell,131,RUS,mercedes,6,5,58,88195.0,5230829.0,1.0,21656.0,21656.0,245.0,6,468.0,4,7,83132.0,3.0,5.554,322.132,0,1781.0,4174.0
2024,1144,24,yas_marina,UAE,11,848,albon,3,ALB,williams,18,11,57,89438.0,,1.0,22065.0,22065.0,12.0,16,17.0,9,16,,3.0,5.554,316.57800000000003,0,106.0,170.0
2024,1144,24,yas_marina,UAE,11,852,tsunoda,215,TSU,rb,11,12,57,89200.0,,1.0,21869.0,21869.0,30.0,12,46.0,8,11,,3.0,5.554,316.57800000000003,0,250.0,426.0
2024,1144,24,yas_marina,UAE,11,855,zhou,15,ZHO,sauber,15,13,57,87982.0,,2.0,51789.0,25894.5,4.0,20,4.0,10,17,,3.0,5.554,316.57800000000003,0,8.0,16.0
2024,1144,24,yas_marina,UAE,1,857,piastri,1,PIA,mclaren,2,10,58,87690.0,5277112.0,2.0,56356.0,28178.0,292.0,4,666.0,1,2,82804.0,3.0,5.554,322.132,0,2446.0,6146.0
2024,1144,24,yas_marina,UAE,5,859,lawson,215,LAW,rb,12,17,55,88751.0,,3.0,78297.0,26099.0,4.0,21,46.0,8,12,,3.0,5.554,305.47,0,26.0,436.0
2024,1144,24,yas_marina,UAE,5,861,colapinto,3,COL,williams,20,0,26,89411.0,,1.0,24941.0,24941.0,5.0,19,17.0,9,19,,3.0,5.554,144.404,0,38.0,170.0
2024,1144,24,yas_marina,UAE,11,862,doohan,214,DOO,alpine,17,15,57,89121.0,,1.0,22080.0,22080.0,0.0,24,65.0,6,20,,3.0,5.554,316.57800000000003,0,0.0,472.0
